Country,Code,Year,GDP,Region,Literacy,Avg_yrs_schooling,Population,GDP_per_Schooling,Education_Index,Growth_Rate
Afghanistan,AFG,2000,1617.8264,Asia,90.0,3.03,20130334.0,533.9361056105611,0.0909,0.0
Afghanistan,AFG,2001,1454.1108,Asia,90.0,8.51,12687083.0,170.87083431257344,0.2553,0.0
Afghanistan,AFG,2002,1774.3087,Asia,90.0,8.51,12687083.0,208.49690951821387,0.2553,0.0
Afghanistan,AFG,2003,1815.9282,Asia,90.0,8.51,12687083.0,213.38756756756757,0.2553,0.0
Afghanistan,AFG,2004,1776.9182,Asia,90.0,8.51,12687083.0,208.80354876615746,0.2553,0.0
Afghanistan,AFG,2005,1908.1147,Asia,90.0,3.32,24404575.0,574.733343373494,0.0996,0.0
Afghanistan,AFG,2006,1929.7239,Asia,90.0,8.51,12687083.0,226.7595652173913,0.2553,0.0
Afghanistan,AFG,2007,2155.353,Asia,90.0,8.51,12687083.0,253.27297297297298,0.2553,0.0
Afghanistan,AFG,2008,2191.5044,Asia,90.0,8.51,12687083.0,257.5210810810811,0.2553,0.0
Afghanistan,AFG,2009,2565.022,Asia,90.0,8.51,12687083.0,301.4126909518214,0.2553,0.0
Afghanistan,AFG,2010,2848.5862,Asia,90.0,3.93,28284088.0,724.8310941475827,0.1179,0.0
Afghanistan,AFG,2011,2757.0525,Asia,31.0,8.51,29347708.0,323.9779670975323,0.08793666666666666,-65.55555555555556
Afghanistan,AFG,2012,2985.319,Asia,90.0,8.51,12687083.0,350.8012925969448,0.2553,190.3225806451613
Afghanistan,AFG,2013,3046.5798,Asia,90.0,8.51,12687083.0,357.9999764982374,0.2553,0.0
Afghanistan,AFG,2014,3017.9426,Asia,90.0,8.51,12687083.0,354.6348531139835,0.2553,0.0
Afghanistan,AFG,2015,2967.6921,Asia,33.75384,4.81,33831767.0,616.9838045738047,0.05411865679999999,-62.495733333333334
Afghanistan,AFG,2016,2958.7854,Asia,90.0,8.51,12687083.0,347.68336075205644,0.2553,166.63632937763526
Afghanistan,AFG,2017,2952.999,Asia,90.0,8.51,12687083.0,347.00340775558163,0.2553,0.0
Afghanistan,AFG,2018,2902.392,Asia,90.0,8.51,12687083.0,341.05663924794356,0.2553,0.0
Afghanistan,AFG,2019,2927.245,Asia,90.0,8.51,12687083.0,343.97708578143363,0.2553,0.0
Afghanistan,AFG,2020,2769.6858,Asia,90.0,5.69,39068977.0,486.7637609841828,0.17070000000000002,0.0
Afghanistan,AFG,2021,2144.1665,Asia,37.0,8.51,40000410.0,251.95846063454758,0.10495666666666667,-58.88888888888889
Afghanistan,AFG,2022,1981.7102,Asia,90.0,8.51,12687083.0,232.86841363102232,0.2553,143.24324324324326
Afghanistan,AFG,2023,1983.8126,Asia,90.0,8.51,12687083.0,233.11546415981198,0.2553,0.0
Albania,ALB,1990,5560.857,Europe,90.0,8.61,3277965.0,645.8602787456447,0.2583,0.0
Albania,ALB,1991,4027.9055,Europe,90.0,8.51,12687083.0,473.31439482961224,0.2553,0.0
Albania,ALB,1992,3761.1555,Europe,90.0,8.51,12687083.0,441.9689189189189,0.2553,0.0
Albania,ALB,1993,4145.92,Europe,90.0,8.51,12687083.0,487.1821386603996,0.2553,0.0
Albania,ALB,1994,4517.799,Europe,90.0,8.51,12687083.0,530.8811985898942,0.2553,0.0
Albania,ALB,1995,5151.3975,Europe,90.0,8.54,3258573.0,603.2081381733021,0.2562,0.0
Albania,ALB,1996,5563.793,Europe,90.0,8.51,12687083.0,653.7947121034077,0.2553,0.0
Albania,ALB,1997,4943.004,Europe,90.0,8.51,12687083.0,580.8465334900118,0.2553,0.0
Albania,ALB,1998,5387.5684,Europe,90.0,8.51,12687083.0,633.0867685076381,0.2553,0.0
Albania,ALB,1999,6086.009,Europe,90.0,8.51,12687083.0,715.1596944770858,0.2553,0.0
Albania,ALB,2000,6582.0166,Europe,90.0,9.93,3166147.0,662.841550855992,0.2979,0.0
Albania,ALB,2001,7232.9907,Europe,99.0,8.51,3147943.0,849.9401527614572,0.28083,10.000000000000009
Albania,ALB,2002,7590.49,Europe,90.0,8.51,12687083.0,891.9494712103408,0.2553,-9.090909090909093
Albania,ALB,2003,8025.2812,Europe,90.0,8.51,12687083.0,943.0412690951822,0.2553,0.0
Albania,ALB,2004,8483.294,Europe,90.0,8.51,12687083.0,996.8618096357227,0.2553,0.0
Albania,ALB,2005,8964.318,Europe,90.0,10.24,3076156.0,875.4216796874999,0.3072,0.0
Albania,ALB,2006,9564.029,Europe,90.0,8.51,12687083.0,1123.857696827262,0.2553,0.0
Albania,ALB,2007,10262.967,Europe,90.0,8.51,12687083.0,1205.9890716803761,0.2553,0.0
Albania,ALB,2008,11056.352,Europe,96.0,8.51,2992933.0,1299.218801410106,0.27232,6.666666666666665
Albania,ALB,2009,11430.622,Europe,90.0,8.51,12687083.0,1343.1988249118683,0.2553,-6.25
Albania,ALB,2010,11829.054,Europe,90.0,10.44,2928731.0,1133.0511494252873,0.3132,0.0
Albania,ALB,2011,12153.114,Europe,97.0,8.51,2911499.0,1428.0980023501763,0.27515666666666666,7.777777777777772
Albania,ALB,2012,12463.57,Europe,97.0,8.51,2910003.0,1464.5793184488837,0.27515666666666666,0.0
Albania,ALB,2013,12873.483,Europe,90.0,8.51,12687083.0,1512.7477085781434,0.2553,-7.216494845360821
Albania,ALB,2014,13366.56,Europe,90.0,8.51,12687083.0,1570.6886016451233,0.2553,0.0
Albania,ALB,2015,13876.819,Europe,90.0,9.99,2898634.0,1389.0709709709708,0.2997,0.0
Albania,ALB,2016,14643.489,Europe,90.0,8.51,12687083.0,1720.7390129259695,0.2553,0.0
Albania,ALB,2017,15359.461,Europe,98.81623,8.51,2898245.0,1804.8720329024677,0.28030870576666667,9.795811111111119
Albania,ALB,2018,16170.99,Europe,90.0,8.51,12687083.0,1900.2338425381904,0.2553,-8.921844114069122
Albania,ALB,2019,16761.193,Europe,90.0,8.51,12687083.0,1969.5878965922443,0.2553,0.0
Albania,ALB,2020,16457.787,Europe,90.0,10.32,2871950.0,1594.7468023255815,0.30960000000000004,0.0
Albania,ALB,2021,18212.871,Europe,90.0,8.51,12687083.0,2140.17285546416,0.2553,0.0
Albania,ALB,2022,19388.873,Europe,90.0,8.51,12687083.0,2278.363454759107,0.2553,0.0
Albania,ALB,2023,20481.035,Europe,90.0,8.51,12687083.0,2406.702115158637,0.2553,0.0
Algeria,DZA,1990,11728.546,Africa,90.0,5.05,25375815.0,2322.484356435644,0.1515,0.0
Algeria,DZA,1991,11314.864,Africa,90.0,8.51,12687083.0,1329.5962397179787,0.2553,0.0
Algeria,DZA,1992,11241.415,Africa,90.0,8.51,12687083.0,1320.9653349001176,0.2553,0.0
Algeria,DZA,1993,10743.706,Africa,90.0,8.51,12687083.0,1262.4801410105758,0.2553,0.0
Algeria,DZA,1994,10414.035,Africa,90.0,8.51,12687083.0,1223.74089306698,0.2553,0.0
Algeria,DZA,1995,10588.443,Africa,90.0,5.76,28470194.0,1838.2713541666667,0.1728,0.0
Algeria,DZA,1996,10808.879,Africa,90.0,8.51,12687083.0,1270.138542890717,0.2553,0.0
Algeria,DZA,1997,10725.968,Africa,90.0,8.51,12687083.0,1260.3957696827263,0.2553,0.0
Algeria,DZA,1998,11094.888,Africa,90.0,8.51,12687083.0,1303.7471210340777,0.2553,0.0
Algeria,DZA,1999,11292.037,Africa,90.0,8.51,12687083.0,1326.913866039953,0.2553,0.0
Algeria,DZA,2000,11558.221,Africa,90.0,6.06,30903894.0,1907.297194719472,0.1818,0.0
Algeria,DZA,2001,11742.595,Africa,90.0,8.51,12687083.0,1379.858401880141,0.2553,0.0
Algeria,DZA,2002,12213.126,Africa,70.0,8.51,31750832.0,1435.1499412455935,0.19856666666666667,-22.22222222222222
Algeria,DZA,2003,12835.182,Africa,90.0,8.51,12687083.0,1508.2470035252645,0.2553,28.57142857142858
Algeria,DZA,2004,13226.765,Africa,90.0,8.51,12687083.0,1554.2614571092831,0.2553,0.0
Algeria,DZA,2005,13738.496,Africa,90.0,6.43,33109258.0,2136.624572317263,0.1929,0.0
Algeria,DZA,2006,13920.694,Africa,73.0,8.51,33623505.0,1635.8042303172738,0.20707666666666666,-18.88888888888889
Algeria,DZA,2007,14114.675,Africa,90.0,8.51,12687083.0,1658.5987074030552,0.2553,23.28767123287672
Algeria,DZA,2008,14206.776,Africa,75.0,8.51,34816963.0,1669.4213866039954,0.21275,-16.666666666666664
Algeria,DZA,2009,14104.428,Africa,90.0,8.51,12687083.0,1657.3945945945945,0.2553,19.999999999999996
Algeria,DZA,2010,14496.421,Africa,90.0,7.0,36188237.0,2070.9172857142858,0.21000000000000002,0.0
Algeria,DZA,2011,14641.964,Africa,90.0,8.51,12687083.0,1720.559811985899,0.2553,0.0
Algeria,DZA,2012,14697.54,Africa,90.0,8.51,12687083.0,1727.0904817861342,0.2553,0.0
Algeria,DZA,2013,14778.191,Africa,90.0,8.51,12687083.0,1736.567685076381,0.2553,0.0
Algeria,DZA,2014,15073.763,Africa,90.0,8.51,12687083.0,1771.3000000000002,0.2553,0.0
Algeria,DZA,2015,15239.518,Africa,90.0,7.55,40019528.0,2018.4792052980133,0.22649999999999998,0.0
Algeria,DZA,2016,15511.686,Africa,90.0,8.51,12687083.0,1822.759811985899,0.2553,0.0
Algeria,DZA,2017,15427.664,Africa,90.0,8.51,12687083.0,1812.8864864864865,0.2553,0.0
Algeria,DZA,2018,15343.426,Africa,90.0,8.51,12687083.0,1802.9877790834312,0.2553,0.0
Algeria,DZA,2019,15199.199,Africa,90.0,8.51,12687083.0,1786.0398354876618,0.2553,0.0
Algeria,DZA,2020,14194.155,Africa,90.0,8.18,44042094.0,1735.2267726161372,0.2454,0.0
Algeria,DZA,2021,14496.865,Africa,90.0,8.51,12687083.0,1703.509400705053,0.2553,0.0
Algeria,DZA,2022,14782.2,Africa,90.0,8.51,12687083.0,1737.0387779083433,0.2553,0.0
Algeria,DZA,2023,15159.324,Africa,90.0,8.51,12687083.0,1781.3541715628674,0.2553,0.0
Andorra,AND,1990,50036.3,Europe,90.0,8.51,12687083.0,5879.706227967098,0.2553,0.0
Andorra,AND,1991,47624.97,Europe,90.0,8.51,12687083.0,5596.353701527615,0.2553,0.0
Andorra,AND,1992,45246.53,Europe,90.0,8.51,12687083.0,5316.866039952996,0.2553,0.0
Andorra,AND,1993,42605.66,Europe,90.0,8.51,12687083.0,5006.540540540541,0.2553,0.0
Andorra,AND,1994,42716.367,Europe,90.0,8.51,12687083.0,5019.549588719154,0.2553,0.0
Andorra,AND,1995,44375.023,Europe,90.0,8.51,12687083.0,5214.4562867215045,0.2553,0.0
Andorra,AND,1996,46386.09,Europe,90.0,8.51,12687083.0,5450.77438307873,0.2553,0.0
Andorra,AND,1997,50032.35,Europe,90.0,8.51,12687083.0,5879.242068155111,0.2553,0.0
Andorra,AND,1998,51092.223,Europe,90.0,8.51,12687083.0,6003.786486486487,0.2553,0.0
Andorra,AND,1999,52921.047,Europe,90.0,8.51,12687083.0,6218.689424206816,0.2553,0.0
Andorra,AND,2000,54809.145,Europe,90.0,8.51,12687083.0,6440.557579318449,0.2553,0.0
Andorra,AND,2001,59109.016,Europe,90.0,8.51,12687083.0,6945.830317273796,0.2553,0.0
Andorra,AND,2002,61188.637,Europe,90.0,8.51,12687083.0,7190.204112808461,0.2553,0.0
Andorra,AND,2003,63656.195,Europe,90.0,8.51,12687083.0,7480.163924794359,0.2553,0.0
Andorra,AND,2004,64353.484,Europe,90.0,8.51,12687083.0,7562.101527614571,0.2553,0.0
Andorra,AND,2005,65114.805,Europe,90.0,8.51,12687083.0,7651.563454759107,0.2553,0.0
Andorra,AND,2006,66390.3,Europe,90.0,8.51,12687083.0,7801.445358401881,0.2553,0.0
Andorra,AND,2007,65534.117,Europe,90.0,8.51,12687083.0,7700.836310223267,0.2553,0.0
Andorra,AND,2008,60691.605,Europe,90.0,8.51,12687083.0,7131.79847238543,0.2553,0.0
Andorra,AND,2009,57203.973,Europe,90.0,8.51,12687083.0,6721.970975323149,0.2553,0.0
Andorra,AND,2010,58285.06,Europe,90.0,8.51,12687083.0,6849.008225616921,0.2553,0.0
Andorra,AND,2011,60470.465,Europe,90.0,8.51,12687083.0,7105.812573443008,0.2553,0.0
Andorra,AND,2012,58172.133,Europe,90.0,8.51,12687083.0,6835.738307873091,0.2553,0.0
Andorra,AND,2013,57332.16,Europe,90.0,8.51,12687083.0,6737.034077555817,0.2553,0.0
Andorra,AND,2014,59929.246,Europe,90.0,8.51,12687083.0,7042.214571092832,0.2553,0.0
Andorra,AND,2015,62105.152,Europe,90.0,8.51,12687083.0,7297.902702702703,0.2553,0.0
Andorra,AND,2016,64402.81,Europe,90.0,8.51,12687083.0,7567.89776733255,0.2553,0.0
Andorra,AND,2017,63239.656,Europe,90.0,8.51,12687083.0,7431.216921269096,0.2553,0.0
Andorra,AND,2018,63048.598,Europe,90.0,8.51,12687083.0,7408.765922444183,0.2553,0.0
Andorra,AND,2019,63215.9,Europe,90.0,8.51,12687083.0,7428.425381903643,0.2553,0.0
Andorra,AND,2020,55488.492,Europe,90.0,8.51,12687083.0,6520.3868390129255,0.2553,0.0
Andorra,AND,2021,59332.203,Europe,90.0,8.51,12687083.0,6972.056756756757,0.2553,0.0
Andorra,AND,2022,63913.383,Europe,90.0,8.51,12687083.0,7510.385781433608,0.2553,0.0
Andorra,AND,2023,64631.297,Europe,90.0,8.51,12687083.0,7594.7470035252645,0.2553,0.0
Angola,AGO,1990,8368.723,Africa,90.0,8.51,12687083.0,983.3987074030553,0.2553,0.0
Angola,AGO,1991,8172.5054,Africa,90.0,8.51,12687083.0,960.341410105758,0.2553,0.0
Angola,AGO,1992,7447.494,Africa,90.0,8.51,12687083.0,875.1461809635723,0.2553,0.0
Angola,AGO,1993,5483.2773,Africa,90.0,8.51,12687083.0,644.3334077555817,0.2553,0.0
Angola,AGO,1994,5379.475,Africa,90.0,8.51,12687083.0,632.135722679201,0.2553,0.0
Angola,AGO,1995,5983.184,Africa,90.0,8.51,12687083.0,703.0768507638073,0.2553,0.0
Angola,AGO,1996,6567.6777,Africa,90.0,8.51,12687083.0,771.7600117508814,0.2553,0.0
Angola,AGO,1997,6810.2163,Africa,90.0,8.51,12687083.0,800.2604347826087,0.2553,0.0
Angola,AGO,1998,6895.026,Africa,90.0,8.51,12687083.0,810.226321974148,0.2553,0.0
Angola,AGO,1999,6817.057,Africa,90.0,8.51,12687083.0,801.0642773207991,0.2553,0.0
Angola,AGO,2000,6796.4062,Africa,90.0,8.51,12687083.0,798.6376263219742,0.2553,0.0
Angola,AGO,2001,6848.683,Africa,67.0,8.51,16747204.0,804.7806110458284,0.19005666666666668,-25.555555555555554
Angola,AGO,2002,7523.813,Africa,90.0,8.51,12687083.0,884.1143360752056,0.2553,34.32835820895524
Angola,AGO,2003,7518.8896,Africa,90.0,8.51,12687083.0,883.5357931844889,0.2553,0.0
Angola,AGO,2004,8081.757,Africa,90.0,8.51,12687083.0,949.6776733254994,0.2553,0.0
Angola,AGO,2005,8895.377,Africa,90.0,8.51,12687083.0,1045.2851938895417,0.2553,0.0
Angola,AGO,2006,9588.822,Africa,90.0,8.51,12687083.0,1126.7710928319625,0.2553,0.0
Angola,AGO,2007,10437.59,Africa,90.0,8.51,12687083.0,1226.508813160987,0.2553,0.0
Angola,AGO,2008,11134.705,Africa,90.0,8.51,12687083.0,1308.4259694477087,0.2553,0.0
Angola,AGO,2009,10933.271,Africa,90.0,8.51,12687083.0,1284.7556991774384,0.2553,0.0
Angola,AGO,2010,11077.13,Africa,90.0,8.51,12687083.0,1301.6603995299647,0.2553,0.0
Angola,AGO,2011,11037.639,Africa,90.0,8.51,12687083.0,1297.0198589894242,0.2553,0.0
Angola,AGO,2012,11519.993,Africa,90.0,8.51,12687083.0,1353.7007050528791,0.2553,0.0
Angola,AGO,2013,11626.1875,Africa,90.0,8.51,12687083.0,1366.1794947121034,0.2553,0.0
Angola,AGO,2014,11721.664,Africa,66.0,8.51,27160767.0,1377.3988249118686,0.18722000000000003,-26.66666666666667
Angola,AGO,2015,11392.906,Africa,66.23586,8.51,28157802.0,1338.7668625146887,0.18788905620000002,0.3573636363636501
Angola,AGO,2016,10805.712,Africa,90.0,8.51,12687083.0,1269.766392479436,0.2553,35.87805759599105
Angola,AGO,2017,10414.236,Africa,90.0,8.51,12687083.0,1223.7645123384254,0.2553,0.0
Angola,AGO,2018,10000.944,Africa,90.0,8.51,12687083.0,1175.1990599294948,0.2553,0.0
Angola,AGO,2019,9648.011,Africa,90.0,8.51,12687083.0,1133.726321974148,0.2553,0.0
Angola,AGO,2020,8960.338,Africa,90.0,8.51,12687083.0,1052.9186839012925,0.2553,0.0
Angola,AGO,2021,8862.281,Africa,90.0,8.51,12687083.0,1041.396122209166,0.2553,0.0
Angola,AGO,2022,8950.143,Africa,90.0,8.51,12687083.0,1051.7206815511163,0.2553,0.0
Angola,AGO,2023,8788.261,Africa,90.0,8.51,12687083.0,1032.6981198589895,0.2553,0.0
Antigua And Barbuda,ATG,1990,21074.576,North America,90.0,8.51,12687083.0,2476.4484136310225,0.2553,0.0
Antigua And Barbuda,ATG,1991,21424.291,North America,90.0,8.51,12687083.0,2517.543008225617,0.2553,0.0
Antigua And Barbuda,ATG,1992,21330.273,North America,90.0,8.51,12687083.0,2506.4950646298475,0.2553,0.0
Antigua And Barbuda,ATG,1993,22051.438,North America,90.0,8.51,12687083.0,2591.2383078730904,0.2553,0.0
Antigua And Barbuda,ATG,1994,23081.664,North America,90.0,8.51,12687083.0,2712.2989424206817,0.2553,0.0
Antigua And Barbuda,ATG,1995,21639.602,North America,90.0,8.51,12687083.0,2542.843948296122,0.2553,0.0
Antigua And Barbuda,ATG,1996,22597.314,North America,90.0,8.51,12687083.0,2655.383548766157,0.2553,0.0
Antigua And Barbuda,ATG,1997,23350.309,North America,90.0,8.51,12687083.0,2743.8670975323153,0.2553,0.0
Antigua And Barbuda,ATG,1998,23996.115,North America,90.0,8.51,12687083.0,2819.7549941245597,0.2553,0.0
Antigua And Barbuda,ATG,1999,24462.203,North America,90.0,8.51,12687083.0,2874.5244418331376,0.2553,0.0
Antigua And Barbuda,ATG,2000,25547.611,North America,90.0,8.51,12687083.0,3002.0694477085785,0.2553,0.0
Antigua And Barbuda,ATG,2001,24014.775,North America,99.0,8.51,76082.0,2821.9477085781436,0.28083,10.000000000000009
Antigua And Barbuda,ATG,2002,23958.164,North America,90.0,8.51,12687083.0,2815.295417156287,0.2553,-9.090909090909093
Antigua And Barbuda,ATG,2003,25136.002,North America,90.0,8.51,12687083.0,2953.7017626321976,0.2553,0.0
Antigua And Barbuda,ATG,2004,26303.617,North America,90.0,8.51,12687083.0,3090.906815511163,0.2553,0.0
Antigua And Barbuda,ATG,2005,27692.635,North America,90.0,8.51,12687083.0,3254.128672150411,0.2553,0.0
Antigua And Barbuda,ATG,2006,30827.342,North America,90.0,8.51,12687083.0,3622.4843713278497,0.2553,0.0
Antigua And Barbuda,ATG,2007,33245.27,North America,90.0,8.51,12687083.0,3906.6122209165683,0.2553,0.0
Antigua And Barbuda,ATG,2008,32756.307,North America,90.0,8.51,12687083.0,3849.1547591069334,0.2553,0.0
Antigua And Barbuda,ATG,2009,28405.69,North America,90.0,8.51,12687083.0,3337.9189189189187,0.2553,0.0
Antigua And Barbuda,ATG,2010,25826.61,North America,90.0,8.51,12687083.0,3034.8542890716803,0.2553,0.0
Antigua And Barbuda,ATG,2011,25023.918,North America,90.0,8.51,12687083.0,2940.5309048178615,0.2553,0.0
Antigua And Barbuda,ATG,2012,25592.906,North America,90.0,8.51,12687083.0,3007.392009400705,0.2553,0.0
Antigua And Barbuda,ATG,2013,25206.846,North America,90.0,8.51,12687083.0,2962.0265569917747,0.2553,0.0
Antigua And Barbuda,ATG,2014,25557.525,North America,90.0,8.51,12687083.0,3003.2344300822565,0.2553,0.0
Antigua And Barbuda,ATG,2015,25734.152,North America,90.0,8.51,12687083.0,3023.9896592244418,0.2553,0.0
Antigua And Barbuda,ATG,2016,26627.715,North America,90.0,8.51,12687083.0,3128.991186839013,0.2553,0.0
Antigua And Barbuda,ATG,2017,27199.195,North America,90.0,8.51,12687083.0,3196.145123384254,0.2553,0.0
Antigua And Barbuda,ATG,2018,28878.607,North America,90.0,8.51,12687083.0,3393.4908343125735,0.2553,0.0
Antigua And Barbuda,ATG,2019,29651.863,North America,90.0,8.51,12687083.0,3484.355229142186,0.2553,0.0
Antigua And Barbuda,ATG,2020,23930.672,North America,90.0,8.51,12687083.0,2812.064864864865,0.2553,0.0
Antigua And Barbuda,ATG,2021,25745.496,North America,90.0,8.51,12687083.0,3025.32267920094,0.2553,0.0
Antigua And Barbuda,ATG,2022,27941.785,North America,90.0,8.51,12687083.0,3283.405992949471,0.2553,0.0
Antigua And Barbuda,ATG,2023,28474.045,North America,90.0,8.51,12687083.0,3345.951233842538,0.2553,0.0
Argentina,ARG,1990,17007.285,South America,90.0,8.67,32755907.0,1961.6245674740485,0.2601,0.0
Argentina,ARG,1991,18295.61,South America,96.0,8.51,33230293.0,2149.895417156287,0.27232,6.666666666666665
Argentina,ARG,1992,19476.283,South America,90.0,8.51,12687083.0,2288.634900117509,0.2553,-6.25
Argentina,ARG,1993,20791.346,South America,90.0,8.51,12687083.0,2443.166392479436,0.2553,0.0
Argentina,ARG,1994,21711.844,South America,90.0,8.51,12687083.0,2551.3330199764982,0.2553,0.0
Argentina,ARG,1995,20819.5,South America,90.0,8.91,35070016.0,2336.6442199775533,0.2673,0.0
Argentina,ARG,1996,21695.596,South America,90.0,8.51,12687083.0,2549.423736780259,0.2553,0.0
Argentina,ARG,1997,23172.158,South America,90.0,8.51,12687083.0,2722.9327849588717,0.2553,0.0
Argentina,ARG,1998,23783.102,South America,90.0,8.51,12687083.0,2794.724089306698,0.2553,0.0
Argentina,ARG,1999,22714.512,South America,90.0,8.51,12687083.0,2669.1553466509986,0.2553,0.0
Argentina,ARG,2000,22281.38,South America,90.0,9.08,37213986.0,2453.896475770925,0.27240000000000003,0.0
Argentina,ARG,2001,21066.459,South America,97.0,8.51,37624817.0,2475.4945945945947,0.27515666666666666,7.777777777777772
Argentina,ARG,2002,18571.701,South America,90.0,8.51,12687083.0,2182.338542890717,0.2553,-7.216494845360821
Argentina,ARG,2003,20005.139,South America,90.0,8.51,12687083.0,2350.780141010576,0.2553,0.0
Argentina,ARG,2004,21591.45,South America,90.0,8.51,12687083.0,2537.1856639247944,0.2553,0.0
Argentina,ARG,2005,23262.408,South America,90.0,9.57,39216786.0,2430.763636363636,0.2871,0.0
Argentina,ARG,2006,24877.25,South America,90.0,8.51,12687083.0,2923.296122209166,0.2553,0.0
Argentina,ARG,2007,26850.664,South America,90.0,8.51,12687083.0,3155.189659224442,0.2553,0.0
Argentina,ARG,2008,27658.484,South America,90.0,8.51,12687083.0,3250.1156286721507,0.2553,0.0
Argentina,ARG,2009,25747.197,South America,90.0,8.51,12687083.0,3025.522561692127,0.2553,0.0
Argentina,ARG,2010,28056.258,South America,90.0,9.71,41288694.0,2889.4189495365604,0.29130000000000006,0.0
Argentina,ARG,2011,29425.76,South America,90.0,8.51,12687083.0,3457.7861339600468,0.2553,0.0
Argentina,ARG,2012,28825.967,South America,90.0,8.51,12687083.0,3387.305170387779,0.2553,0.0
Argentina,ARG,2013,29227.66,South America,90.0,8.51,12687083.0,3434.5076380728556,0.2553,0.0
Argentina,ARG,2014,28200.814,South America,90.0,8.51,12687083.0,3313.8441833137485,0.2553,0.0
Argentina,ARG,2015,28669.207,South America,90.0,9.59,43477011.0,2989.4897810218977,0.2877,0.0
Argentina,ARG,2016,27802.105,South America,90.0,8.51,12687083.0,3266.9923619271444,0.2553,0.0
Argentina,ARG,2017,28334.904,South America,90.0,8.51,12687083.0,3329.600940070505,0.2553,0.0
Argentina,ARG,2018,27367.115,South America,90.0,8.51,12687083.0,3215.877203290247,0.2553,0.0
Argentina,ARG,2019,26629.553,South America,90.0,8.51,12687083.0,3129.207168037603,0.2553,0.0
Argentina,ARG,2020,23877.094,South America,90.0,9.86,45191960.0,2421.6119675456393,0.2958,0.0
Argentina,ARG,2021,26300.273,South America,90.0,8.51,12687083.0,3090.513866039953,0.2553,0.0
Argentina,ARG,2022,27825.027,South America,90.0,8.51,12687083.0,3269.6858989424204,0.2553,0.0
Argentina,ARG,2023,27230.396,South America,90.0,8.51,12687083.0,3199.81151586369,0.2553,0.0
Armenia,ARM,1990,6137.6006,Asia,90.0,8.51,12687083.0,721.2221621621621,0.2553,0.0
Armenia,ARM,1991,5326.753,Asia,90.0,8.51,12687083.0,625.9404230317274,0.2553,0.0
Armenia,ARM,1992,3136.7244,Asia,90.0,8.51,12687083.0,368.5927614571093,0.2553,0.0
Armenia,ARM,1993,2958.8804,Asia,90.0,8.51,12687083.0,347.6945240893067,0.2553,0.0
Armenia,ARM,1994,3200.8965,Asia,90.0,8.51,12687083.0,376.13354876615745,0.2553,0.0
Armenia,ARM,1995,3480.7559,Asia,90.0,8.51,12687083.0,409.01949471210344,0.2553,0.0
Armenia,ARM,1996,3717.3357,Asia,90.0,8.51,12687083.0,436.8197062279671,0.2553,0.0
Armenia,ARM,1997,3879.1794,Asia,90.0,8.51,12687083.0,455.83776733254996,0.2553,0.0
Armenia,ARM,1998,4211.5127,Asia,90.0,8.51,12687083.0,494.8898589894242,0.2553,0.0
Armenia,ARM,1999,4406.9673,Asia,90.0,8.51,12687083.0,517.8574970622797,0.2553,0.0
Armenia,ARM,2000,4589.0083,Asia,90.0,8.51,12687083.0,539.248918918919,0.2553,0.0
Armenia,ARM,2001,5044.1167,Asia,99.0,8.51,3084350.0,592.7281668625146,0.28083,10.000000000000009
Armenia,ARM,2002,5731.3535,Asia,90.0,8.51,12687083.0,673.4845475910694,0.2553,-9.090909090909093
Armenia,ARM,2003,6569.2603,Asia,90.0,8.51,12687083.0,771.94598119859,0.2553,0.0
Armenia,ARM,2004,7299.4,Asia,90.0,8.51,12687083.0,857.743830787309,0.2553,0.0
Armenia,ARM,2005,8362.9,Asia,90.0,8.51,12687083.0,982.7144535840188,0.2553,0.0
Armenia,ARM,2006,9525.231,Asia,90.0,8.51,12687083.0,1119.298589894242,0.2553,0.0
Armenia,ARM,2007,10898.849,Asia,90.0,8.51,12687083.0,1280.710810810811,0.2553,0.0
Armenia,ARM,2008,11727.482,Asia,90.0,8.51,12687083.0,1378.082491186839,0.2553,0.0
Armenia,ARM,2009,10143.235,Asia,90.0,8.51,12687083.0,1191.9195064629848,0.2553,0.0
Armenia,ARM,2010,10438.564,Asia,90.0,8.51,12687083.0,1226.623266745006,0.2553,0.0
Armenia,ARM,2011,10990.177,Asia,100.0,8.51,2923269.0,1291.4426556991775,0.2836666666666667,11.111111111111116
Armenia,ARM,2012,11796.274,Asia,90.0,8.51,12687083.0,1386.1661574618097,0.2553,-9.999999999999998
Armenia,ARM,2013,12194.019,Asia,90.0,8.51,12687083.0,1432.9047003525266,0.2553,0.0
Armenia,ARM,2014,12667.376,Asia,90.0,8.51,12687083.0,1488.5283196239718,0.2553,0.0
Armenia,ARM,2015,13112.76,Asia,90.0,10.45,2921179.0,1254.8095693779906,0.3135,0.0
Armenia,ARM,2016,13192.994,Asia,100.0,8.51,2918796.0,1550.2930669800237,0.2836666666666667,11.111111111111116
Armenia,ARM,2017,14243.875,Asia,100.0,8.51,2914966.0,1673.7808460634549,0.2836666666666667,0.0
Armenia,ARM,2018,15037.045,Asia,90.0,8.51,12687083.0,1766.985311398355,0.2553,-9.999999999999998
Armenia,ARM,2019,16215.36,Asia,90.0,8.51,12687083.0,1905.4477085781434,0.2553,0.0
Armenia,ARM,2020,15052.936,Asia,100.0,10.54,2890893.0,1428.1722960151803,0.35133333333333333,11.111111111111116
Armenia,ARM,2021,15921.705,Asia,90.0,8.51,12687083.0,1870.9406580493537,0.2553,-9.999999999999998
Armenia,ARM,2022,17886.178,Asia,99.825,8.51,2880880.0,2101.7835487661573,0.28317025,10.916666666666664
Armenia,ARM,2023,19402.752,Asia,90.0,8.51,12687083.0,2279.9943595769682,0.2553,-9.842223891810676
Aruba,ABW,1990,33063.0,North America,90.0,8.51,12687083.0,3885.1938895417156,0.2553,0.0
Aruba,ABW,1991,33993.207,North America,90.0,8.51,12687083.0,3994.501410105758,0.2553,0.0
Aruba,ABW,1992,34371.164,North America,90.0,8.51,12687083.0,4038.9146886016447,0.2553,0.0
Aruba,ABW,1993,34540.336,North America,90.0,8.51,12687083.0,4058.793889541716,0.2553,0.0
Aruba,ABW,1994,35490.723,North America,90.0,8.51,12687083.0,4170.472737955347,0.2553,0.0
Aruba,ABW,1995,35386.86,North America,90.0,8.51,12687083.0,4158.267920094007,0.2553,0.0
Aruba,ABW,1996,34419.43,North America,90.0,8.51,12687083.0,4044.5863689776734,0.2553,0.0
Aruba,ABW,1997,35444.58,North America,90.0,8.51,12687083.0,4165.050528789659,0.2553,0.0
Aruba,ABW,1998,35271.906,North America,90.0,8.51,12687083.0,4144.759811985899,0.2553,0.0
Aruba,ABW,1999,35227.477,North America,90.0,8.51,12687083.0,4139.5390129259695,0.2553,0.0
Aruba,ABW,2000,37524.035,North America,97.0,8.51,88772.0,4409.40481786134,0.27515666666666666,7.777777777777772
Aruba,ABW,2001,38729.457,North America,90.0,8.51,12687083.0,4551.052526439484,0.2553,-7.216494845360821
Aruba,ABW,2002,38098.906,North America,90.0,8.51,12687083.0,4476.95722679201,0.2553,0.0
Aruba,ABW,2003,38086.01,North America,90.0,8.51,12687083.0,4475.441833137485,0.2553,0.0
Aruba,ABW,2004,40000.562,North America,90.0,8.51,12687083.0,4700.418566392479,0.2553,0.0
Aruba,ABW,2005,38828.215,North America,90.0,8.51,12687083.0,4562.657461809636,0.2553,0.0
Aruba,ABW,2006,38566.8,North America,90.0,8.51,12687083.0,4531.938895417156,0.2553,0.0
Aruba,ABW,2007,39462.586,North America,90.0,8.51,12687083.0,4637.201645123385,0.2553,0.0
Aruba,ABW,2008,39881.59,North America,90.0,8.51,12687083.0,4686.43830787309,0.2553,0.0
Aruba,ABW,2009,34986.15,North America,90.0,8.51,12687083.0,4111.180963572268,0.2553,0.0
Aruba,ABW,2010,33951.625,North America,97.0,8.51,100127.0,3989.615158636898,0.27515666666666666,7.777777777777772
Aruba,ABW,2011,34837.94,North America,90.0,8.51,12687083.0,4093.7649823736783,0.2553,-7.216494845360821
Aruba,ABW,2012,33972.34,North America,90.0,8.51,12687083.0,3992.0493537015273,0.2553,0.0
Aruba,ABW,2013,35621.785,North America,90.0,8.51,12687083.0,4185.873678025852,0.2553,0.0
Aruba,ABW,2014,35746.863,North America,90.0,8.51,12687083.0,4200.571445358401,0.2553,0.0
Aruba,ABW,2015,36660.633,North America,90.0,8.51,12687083.0,4307.947473560517,0.2553,0.0
Aruba,ABW,2016,36832.902,North America,90.0,8.51,12687083.0,4328.190599294948,0.2553,0.0
Aruba,ABW,2017,38116.832,North America,90.0,8.51,12687083.0,4479.063689776734,0.2553,0.0
Aruba,ABW,2018,39278.83,North America,90.0,8.51,12687083.0,4615.608695652174,0.2553,0.0
Aruba,ABW,2019,39652.633,North America,90.0,8.51,12687083.0,4659.533842538191,0.2553,0.0
Aruba,ABW,2020,30347.637,North America,90.0,8.51,12687083.0,3566.114806110458,0.2553,0.0
Aruba,ABW,2021,35104.785,North America,90.0,8.51,12687083.0,4125.121621621623,0.2553,0.0
Aruba,ABW,2022,38979.836,North America,90.0,8.51,12687083.0,4580.474265569918,0.2553,0.0
Aruba,ABW,2023,41964.77,North America,90.0,8.51,12687083.0,4931.230317273796,0.2553,0.0
Australia,AUS,1990,36267.742,Oceania,90.0,11.44,17126304.0,3170.257167832168,0.3432,0.0
Australia,AUS,1991,35670.668,Oceania,90.0,8.51,12687083.0,4191.6178613396005,0.2553,0.0
Australia,AUS,1992,35426.285,Oceania,90.0,8.51,12687083.0,4162.90070505288,0.2553,0.0
Australia,AUS,1993,36533.15,Oceania,90.0,8.51,12687083.0,4292.967097532315,0.2553,0.0
Australia,AUS,1994,37622.652,Oceania,90.0,8.51,12687083.0,4420.993184488837,0.2553,0.0
Australia,AUS,1995,38653.336,Oceania,90.0,11.51,18095340.0,3358.239443961773,0.3453,0.0
Australia,AUS,1996,39663.16,Oceania,90.0,8.51,12687083.0,4660.7708578143365,0.2553,0.0
Australia,AUS,1997,40773.566,Oceania,90.0,8.51,12687083.0,4791.253349001175,0.2553,0.0
Australia,AUS,1998,42257.17,Oceania,90.0,8.51,12687083.0,4965.589894242068,0.2553,0.0
Australia,AUS,1999,43899.074,Oceania,90.0,8.51,12687083.0,5158.528084606346,0.2553,0.0
Australia,AUS,2000,45099.074,Oceania,90.0,11.37,19132472.0,3966.497273526825,0.34109999999999996,0.0
Australia,AUS,2001,45428.2,Oceania,90.0,8.51,12687083.0,5338.213866039952,0.2553,0.0
Australia,AUS,2002,46688.395,Oceania,90.0,8.51,12687083.0,5486.297884841363,0.2553,0.0
Australia,AUS,2003,47581.23,Oceania,90.0,8.51,12687083.0,5591.213866039953,0.2553,0.0
Australia,AUS,2004,49061.277,Oceania,90.0,8.51,12687083.0,5765.132432432433,0.2553,0.0
Australia,AUS,2005,49997.066,Oceania,90.0,11.71,20294490.0,4269.604269854824,0.35130000000000006,0.0
Australia,AUS,2006,50693.727,Oceania,90.0,8.51,12687083.0,5956.959694477086,0.2553,0.0
Australia,AUS,2007,51663.242,Oceania,90.0,8.51,12687083.0,6070.88625146886,0.2553,0.0
Australia,AUS,2008,52473.383,Oceania,90.0,8.51,12687083.0,6166.084958871916,0.2553,0.0
Australia,AUS,2009,52407.91,Oceania,90.0,8.51,12687083.0,6158.391304347827,0.2553,0.0
Australia,AUS,2010,52739.27,Oceania,90.0,11.69,22141583.0,4511.4858853721125,0.3507,0.0
Australia,AUS,2011,53257.047,Oceania,90.0,8.51,12687083.0,6258.172385428908,0.2553,0.0
Australia,AUS,2012,54403.883,Oceania,90.0,8.51,12687083.0,6392.935722679202,0.2553,0.0
Australia,AUS,2013,54895.004,Oceania,90.0,8.51,12687083.0,6450.646768507639,0.2553,0.0
Australia,AUS,2014,55489.07,Oceania,90.0,8.51,12687083.0,6520.454759106933,0.2553,0.0
Australia,AUS,2015,55879.996,Oceania,90.0,12.92,23947997.0,4325.077089783282,0.3876,0.0
Australia,AUS,2016,56529.953,Oceania,90.0,8.51,12687083.0,6642.767685076381,0.2553,0.0
Australia,AUS,2017,56881.855,Oceania,90.0,8.51,12687083.0,6684.119271445359,0.2553,0.0
Australia,AUS,2018,57647.844,Oceania,90.0,8.51,12687083.0,6774.12972972973,0.2553,0.0
Australia,AUS,2019,58048.617,Oceania,90.0,8.51,12687083.0,6821.224089306698,0.2553,0.0
Australia,AUS,2020,57260.465,Oceania,90.0,12.93,25743787.0,4428.49690641918,0.3879,0.0
Australia,AUS,2021,58327.414,Oceania,90.0,8.51,12687083.0,6853.985193889542,0.2553,0.0
Australia,AUS,2022,60029.133,Oceania,90.0,8.51,12687083.0,7053.952173913044,0.2553,0.0
Australia,AUS,2023,60684.96,Oceania,90.0,8.51,12687083.0,7131.017626321975,0.2553,0.0
Austria,AUT,1990,43258.176,Europe,90.0,8.26,7679627.0,5237.067312348669,0.2478,0.0
Austria,AUT,1991,44302.42,Europe,90.0,8.51,12687083.0,5205.9247943595765,0.2553,0.0
Austria,AUT,1992,44734.855,Europe,90.0,8.51,12687083.0,5256.739717978849,0.2553,0.0
Austria,AUT,1993,44601.207,Europe,90.0,8.51,12687083.0,5241.034900117509,0.2553,0.0
Austria,AUT,1994,45497.137,Europe,90.0,8.51,12687083.0,5346.314571092832,0.2553,0.0
Austria,AUT,1995,46639.53,Europe,90.0,8.93,7950322.0,5222.791713325868,0.26789999999999997,0.0
Austria,AUT,1996,47608.633,Europe,90.0,8.51,12687083.0,5594.433960047004,0.2553,0.0
Austria,AUT,1997,48575.16,Europe,90.0,8.51,12687083.0,5708.009400705054,0.2553,0.0
Austria,AUT,1998,50216.7,Europe,90.0,8.51,12687083.0,5900.904817861339,0.2553,0.0
Austria,AUT,1999,52004.53,Europe,90.0,8.51,12687083.0,6110.990599294947,0.2553,0.0
Austria,AUT,2000,53534.344,Europe,90.0,9.43,8012929.0,5677.024814422057,0.2829,0.0
Austria,AUT,2001,54032.152,Europe,90.0,8.51,12687083.0,6349.254054054054,0.2553,0.0
Austria,AUT,2002,54565.08,Europe,90.0,8.51,12687083.0,6411.877790834313,0.2553,0.0
Austria,AUT,2003,54919.79,Europe,90.0,8.51,12687083.0,6453.559341950647,0.2553,0.0
Austria,AUT,2004,55980.23,Europe,90.0,8.51,12687083.0,6578.170387779084,0.2553,0.0
Austria,AUT,2005,56890.28,Europe,90.0,9.89,8229204.0,5752.303336703741,0.2967,0.0
Austria,AUT,2006,58460.24,Europe,90.0,8.51,12687083.0,6869.593419506463,0.2553,0.0
Austria,AUT,2007,60470.91,Europe,90.0,8.51,12687083.0,7105.864864864865,0.2553,0.0
Austria,AUT,2008,61157.99,Europe,90.0,8.51,12687083.0,7186.602820211516,0.2553,0.0
Austria,AUT,2009,58810.44,Europe,90.0,8.51,12687083.0,6910.745005875441,0.2553,0.0
Austria,AUT,2010,59730.55,Europe,90.0,10.13,8365087.0,5896.401776900296,0.3039,0.0
Austria,AUT,2011,61272.258,Europe,90.0,8.51,12687083.0,7200.030317273796,0.2553,0.0
Austria,AUT,2012,61376.723,Europe,90.0,8.51,12687083.0,7212.305875440658,0.2553,0.0
Austria,AUT,2013,60863.055,Europe,90.0,8.51,12687083.0,7151.94535840188,0.2553,0.0
Austria,AUT,2014,60845.66,Europe,90.0,8.51,12687083.0,7149.9012925969455,0.2553,0.0
Austria,AUT,2015,60951.688,Europe,90.0,10.27,8644037.0,5934.925803310613,0.3081,0.0
Austria,AUT,2016,61572.71,Europe,90.0,8.51,12687083.0,7235.336075205641,0.2553,0.0
Austria,AUT,2017,62535.9,Europe,90.0,8.51,12687083.0,7348.5193889541715,0.2553,0.0
Austria,AUT,2018,63778.027,Europe,90.0,8.51,12687083.0,7494.480258519389,0.2553,0.0
Austria,AUT,2019,64609.375,Europe,90.0,8.51,12687083.0,7592.17097532315,0.2553,0.0
Austria,AUT,2020,60276.414,Europe,90.0,10.39,8921402.0,5801.387295476419,0.3117,0.0
Austria,AUT,2021,62968.94,Europe,90.0,8.51,12687083.0,7399.405405405406,0.2553,0.0
Austria,AUT,2022,65694.555,Europe,90.0,8.51,12687083.0,7719.689189189188,0.2553,0.0
Austria,AUT,2023,64536.297,Europe,90.0,8.51,12687083.0,7583.583666274971,0.2553,0.0
Azerbaijan,AZE,1990,10776.067,Asia,90.0,8.51,12687083.0,1266.2828437132785,0.2553,0.0
Azerbaijan,AZE,1991,10559.212,Asia,90.0,8.51,12687083.0,1240.8004700352526,0.2553,0.0
Azerbaijan,AZE,1992,8050.2163,Asia,90.0,8.51,12687083.0,945.9713631022327,0.2553,0.0
Azerbaijan,AZE,1993,6097.4863,Asia,90.0,8.51,12687083.0,716.5083783783783,0.2553,0.0
Azerbaijan,AZE,1994,4830.699,Asia,90.0,8.51,12687083.0,567.649706227967,0.2553,0.0
Azerbaijan,AZE,1995,4211.721,Asia,90.0,8.51,12687083.0,494.9143360752056,0.2553,0.0
Azerbaijan,AZE,1996,4223.523,Asia,90.0,8.51,12687083.0,496.30117508813163,0.2553,0.0
Azerbaijan,AZE,1997,4425.5884,Asia,90.0,8.51,12687083.0,520.0456404230317,0.2553,0.0
Azerbaijan,AZE,1998,4822.16,Asia,90.0,8.51,12687083.0,566.6462984723854,0.2553,0.0
Azerbaijan,AZE,1999,5133.748,Asia,99.0,8.51,8100472.0,603.260634547591,0.28083,10.000000000000009
Azerbaijan,AZE,2000,5656.9297,Asia,90.0,8.51,12687083.0,664.7390951821386,0.2553,-9.090909090909093
Azerbaijan,AZE,2001,6168.9854,Asia,90.0,8.51,12687083.0,724.9101527614571,0.2553,0.0
Azerbaijan,AZE,2002,6701.0815,Asia,90.0,8.51,12687083.0,787.4361339600471,0.2553,0.0
Azerbaijan,AZE,2003,7329.4062,Asia,90.0,8.51,12687083.0,861.2698237367803,0.2553,0.0
Azerbaijan,AZE,2004,7937.8594,Asia,90.0,8.51,12687083.0,932.768437132785,0.2553,0.0
Azerbaijan,AZE,2005,10054.101,Asia,90.0,8.51,12687083.0,1181.4454759106934,0.2553,0.0
Azerbaijan,AZE,2006,13371.658,Asia,90.0,8.51,12687083.0,1571.2876615746181,0.2553,0.0
Azerbaijan,AZE,2007,16587.365,Asia,100.0,8.51,8828313.0,1949.1615746180967,0.2836666666666667,11.111111111111116
Azerbaijan,AZE,2008,17963.021,Asia,90.0,8.51,12687083.0,2110.8132784958875,0.2553,-9.999999999999998
Azerbaijan,AZE,2009,19242.39,Asia,100.0,8.51,9046336.0,2261.150411280846,0.2836666666666667,11.111111111111116
Azerbaijan,AZE,2010,19925.39,Asia,100.0,8.51,9146852.0,2341.4089306698,0.2836666666666667,0.0
Azerbaijan,AZE,2011,19358.078,Asia,100.0,8.51,9256156.0,2274.7447708578147,0.2836666666666667,0.0
Azerbaijan,AZE,2012,19523.373,Asia,100.0,8.51,9376179.0,2294.1683901292595,0.2836666666666667,0.0
Azerbaijan,AZE,2013,20398.646,Asia,100.0,8.51,9504417.0,2397.0206815511165,0.2836666666666667,0.0
Azerbaijan,AZE,2014,20709.201,Asia,100.0,8.51,9631136.0,2433.513631022327,0.2836666666666667,0.0
Azerbaijan,AZE,2015,20678.754,Asia,100.0,8.51,9752859.0,2429.9358401880145,0.2836666666666667,0.0
Azerbaijan,AZE,2016,19822.41,Asia,100.0,8.51,9868434.0,2329.3078730904817,0.2836666666666667,0.0
Azerbaijan,AZE,2017,19659.004,Asia,100.0,8.51,9968510.0,2310.1062279670978,0.2836666666666667,0.0
Azerbaijan,AZE,2018,19781.852,Asia,90.0,8.51,12687083.0,2324.5419506462986,0.2553,-9.999999999999998
Azerbaijan,AZE,2019,20101.492,Asia,100.0,8.51,10110483.0,2362.102467685076,0.2836666666666667,11.111111111111116
Azerbaijan,AZE,2020,19126.098,Asia,90.0,8.51,12687083.0,2247.485076380729,0.2553,-9.999999999999998
Azerbaijan,AZE,2021,20111.375,Asia,90.0,8.51,12687083.0,2363.2638072855466,0.2553,0.0
Azerbaijan,AZE,2022,21051.244,Asia,90.0,8.51,12687083.0,2473.70669800235,0.2553,0.0
Azerbaijan,AZE,2023,21310.738,Asia,100.0,8.51,10318209.0,2504.1995299647474,0.2836666666666667,11.111111111111116
Bahamas,BHS,1990,33072.16,North America,90.0,8.51,12687083.0,3886.270270270271,0.2553,-9.999999999999998
Bahamas,BHS,1991,31148.904,North America,90.0,8.51,12687083.0,3660.270740305523,0.2553,0.0
Bahamas,BHS,1992,29412.88,North America,90.0,8.51,12687083.0,3456.272620446534,0.2553,0.0
Bahamas,BHS,1993,28955.352,North America,90.0,8.51,12687083.0,3402.5090481786133,0.2553,0.0
Bahamas,BHS,1994,29346.361,North America,90.0,8.51,12687083.0,3448.456051703878,0.2553,0.0
Bahamas,BHS,1995,30128.193,North America,90.0,8.51,12687083.0,3540.3282021151585,0.2553,0.0
Bahamas,BHS,1996,30907.82,North America,90.0,8.51,12687083.0,3631.9412455934194,0.2553,0.0
Bahamas,BHS,1997,30839.025,North America,90.0,8.51,12687083.0,3623.8572267920094,0.2553,0.0
Bahamas,BHS,1998,31836.527,North America,90.0,8.51,12687083.0,3741.0725029377204,0.2553,0.0
Bahamas,BHS,1999,33657.805,North America,90.0,8.51,12687083.0,3955.088719153937,0.2553,0.0
Bahamas,BHS,2000,34597.164,North America,90.0,8.51,12687083.0,4065.471680376028,0.2553,0.0
Bahamas,BHS,2001,35072.367,North America,90.0,8.51,12687083.0,4121.312220916569,0.2553,0.0
Bahamas,BHS,2002,35610.68,North America,90.0,8.51,12687083.0,4184.5687426557,0.2553,0.0
Bahamas,BHS,2003,34740.76,North America,90.0,8.51,12687083.0,4082.3454759106935,0.2553,0.0
Bahamas,BHS,2004,34617.805,North America,90.0,8.51,12687083.0,4067.897179788484,0.2553,0.0
Bahamas,BHS,2005,35365.465,North America,90.0,8.51,12687083.0,4155.753819036428,0.2553,0.0
Bahamas,BHS,2006,35789.133,North America,90.0,8.51,12687083.0,4205.5385428907175,0.2553,0.0
Bahamas,BHS,2007,35797.117,North America,90.0,8.51,12687083.0,4206.476733254994,0.2553,0.0
Bahamas,BHS,2008,34498.035,North America,90.0,8.51,12687083.0,4053.8231492361933,0.2553,0.0
Bahamas,BHS,2009,32630.264,North America,90.0,8.51,12687083.0,3834.343595769683,0.2553,0.0
Bahamas,BHS,2010,32711.459,North America,90.0,8.51,12687083.0,3843.884723854289,0.2553,0.0
Bahamas,BHS,2011,32535.662,North America,90.0,8.51,12687083.0,3823.2270270270274,0.2553,0.0
Bahamas,BHS,2012,33667.555,North America,90.0,8.51,12687083.0,3956.2344300822565,0.2553,0.0
Bahamas,BHS,2013,32402.916,North America,90.0,8.51,12687083.0,3807.6282021151587,0.2553,0.0
Bahamas,BHS,2014,32712.635,North America,90.0,8.51,12687083.0,3844.0229142185663,0.2553,0.0
Bahamas,BHS,2015,32777.586,North America,90.0,8.51,12687083.0,3851.6552291421863,0.2553,0.0
Bahamas,BHS,2016,32172.336,North America,90.0,8.51,12687083.0,3780.533019976498,0.2553,0.0
Bahamas,BHS,2017,33050.035,North America,90.0,8.51,12687083.0,3883.6703877790837,0.2553,0.0
Bahamas,BHS,2018,33650.215,North America,90.0,8.51,12687083.0,3954.1968272620443,0.2553,0.0
Bahamas,BHS,2019,33202.49,North America,90.0,8.51,12687083.0,3901.5851938895416,0.2553,0.0
Bahamas,BHS,2020,26452.695,North America,90.0,8.51,12687083.0,3108.424794359577,0.2553,0.0
Bahamas,BHS,2021,31064.682,North America,90.0,8.51,12687083.0,3650.3739130434783,0.2553,0.0
Bahamas,BHS,2022,34342.93,North America,90.0,8.51,12687083.0,4035.596944770858,0.2553,0.0
Bahamas,BHS,2023,35221.27,North America,90.0,8.51,12687083.0,4138.809635722679,0.2553,0.0
Bahrain,BHR,1990,41856.543,Asia,90.0,8.51,12687083.0,4918.512690951821,0.2553,0.0
Bahrain,BHR,1991,47644.023,Asia,84.0,8.51,531883.0,5598.592596944771,0.23828,-6.666666666666665
Bahrain,BHR,1992,49511.95,Asia,90.0,8.51,12687083.0,5818.090481786134,0.2553,7.14285714285714
Bahrain,BHR,1993,54433.137,Asia,90.0,8.51,12687083.0,6396.373325499413,0.2553,0.0
Bahrain,BHR,1994,52886.58,Asia,90.0,8.51,12687083.0,6214.639247943596,0.2553,0.0
Bahrain,BHR,1995,53537.684,Asia,90.0,8.51,12687083.0,6291.149706227968,0.2553,0.0
Bahrain,BHR,1996,54289.438,Asia,90.0,8.51,12687083.0,6379.487426556992,0.2553,0.0
Bahrain,BHR,1997,54512.855,Asia,90.0,8.51,12687083.0,6405.740893066981,0.2553,0.0
Bahrain,BHR,1998,55638.695,Asia,90.0,8.51,12687083.0,6538.037015276146,0.2553,0.0
Bahrain,BHR,1999,56522.227,Asia,90.0,8.51,12687083.0,6641.859811985899,0.2553,0.0
Bahrain,BHR,2000,57968.996,Asia,90.0,8.51,12687083.0,6811.867920094007,0.2553,0.0
Bahrain,BHR,2001,57280.7,Asia,87.0,8.51,699964.0,6730.987074030552,0.24679,-3.3333333333333326
Bahrain,BHR,2002,55096.656,Asia,90.0,8.51,12687083.0,6474.342655699178,0.2553,3.4482758620689724
Bahrain,BHR,2003,54431.875,Asia,90.0,8.51,12687083.0,6396.225029377203,0.2553,0.0
Bahrain,BHR,2004,54045.094,Asia,90.0,8.51,12687083.0,6350.774853113983,0.2553,0.0
Bahrain,BHR,2005,53478.266,Asia,90.0,8.51,12687083.0,6284.167567567568,0.2553,0.0
Bahrain,BHR,2006,52691.934,Asia,90.0,8.51,12687083.0,6191.7666274970625,0.2553,0.0
Bahrain,BHR,2007,52731.793,Asia,90.0,8.51,12687083.0,6196.450411280846,0.2553,0.0
Bahrain,BHR,2008,52765.39,Asia,90.0,8.51,12687083.0,6200.3983548766155,0.2553,0.0
Bahrain,BHR,2009,50665.75,Asia,90.0,8.51,12687083.0,5953.672150411281,0.2553,0.0
Bahrain,BHR,2010,50704.848,Asia,90.0,8.51,12687083.0,5958.266509988249,0.2553,0.0
Bahrain,BHR,2011,53132.33,Asia,90.0,8.51,12687083.0,6243.517038777909,0.2553,0.0
Bahrain,BHR,2012,54516.84,Asia,90.0,8.51,12687083.0,6406.209165687426,0.2553,0.0
Bahrain,BHR,2013,55376.402,Asia,90.0,8.51,12687083.0,6507.215276145711,0.2553,0.0
Bahrain,BHR,2014,55065.82,Asia,90.0,8.51,12687083.0,6470.719153936546,0.2553,0.0
Bahrain,BHR,2015,54149.914,Asia,90.0,7.82,1369656.0,6924.5414322250635,0.2346,0.0
Bahrain,BHR,2016,54107.074,Asia,90.0,8.51,12687083.0,6358.058049353702,0.2553,0.0
Bahrain,BHR,2017,53859.773,Asia,90.0,8.51,12687083.0,6328.998002350177,0.2553,0.0
Bahrain,BHR,2018,54893.074,Asia,90.0,8.51,12687083.0,6450.419976498238,0.2553,0.0
Bahrain,BHR,2019,56749.96,Asia,90.0,8.51,12687083.0,6668.62044653349,0.2553,0.0
Bahrain,BHR,2020,53814.246,Asia,90.0,8.21,1483081.0,6554.719366626065,0.24630000000000002,0.0
Bahrain,BHR,2021,54954.676,Asia,90.0,8.51,12687083.0,6457.658754406581,0.2553,0.0
Bahrain,BHR,2022,57572.996,Asia,98.0,8.51,1533460.0,6765.334430082256,0.2779933333333333,8.888888888888879
Bahrain,BHR,2023,57819.906,Asia,98.0,8.51,1569674.0,6794.348531139836,0.2779933333333333,0.0
Bangladesh,BGD,1990,2069.7822,Asia,90.0,3.15,111633722.0,657.0737142857143,0.0945,-8.163265306122447
Bangladesh,BGD,1991,2101.3835,Asia,35.0,8.51,113787112.0,246.9310810810811,0.09928333333333333,-61.111111111111114
Bangladesh,BGD,1992,2174.3823,Asia,90.0,8.51,12687083.0,255.50908343125738,0.2553,157.14285714285717
Bangladesh,BGD,1993,2234.81,Asia,90.0,8.51,12687083.0,262.6098707403055,0.2553,0.0
Bangladesh,BGD,1994,2279.0942,Asia,90.0,8.51,12687083.0,267.8136545240893,0.2553,0.0
Bangladesh,BGD,1995,2351.7039,Asia,90.0,3.72,122600372.0,632.1784677419355,0.11160000000000002,0.0
Bangladesh,BGD,1996,2413.543,Asia,90.0,8.51,12687083.0,283.6125734430083,0.2553,0.0
Bangladesh,BGD,1997,2475.5957,Asia,90.0,8.51,12687083.0,290.904312573443,0.2553,0.0
Bangladesh,BGD,1998,2555.0613,Asia,90.0,8.51,12687083.0,300.2422209165687,0.2553,0.0
Bangladesh,BGD,1999,2624.0654,Asia,90.0,8.51,12687083.0,308.3508108108108,0.2553,0.0
Bangladesh,BGD,2000,2712.935,Asia,90.0,4.77,134544303.0,568.7494758909853,0.14309999999999998,0.0
Bangladesh,BGD,2001,2803.5547,Asia,47.0,8.51,136805810.0,329.4423854289072,0.13332333333333332,-47.77777777777777
Bangladesh,BGD,2002,2866.4346,Asia,90.0,8.51,12687083.0,336.8313278495887,0.2553,91.48936170212767
Bangladesh,BGD,2003,2958.915,Asia,90.0,8.51,12687083.0,347.69858989424205,0.2553,0.0
Bangladesh,BGD,2004,3071.838,Asia,90.0,8.51,12687083.0,360.96803760282023,0.2553,0.0
Bangladesh,BGD,2005,3231.6138,Asia,90.0,5.51,144715789.0,586.4997822141561,0.1653,0.0
Bangladesh,BGD,2006,3407.4272,Asia,90.0,8.51,12687083.0,400.40272620446535,0.2553,0.0
Bangladesh,BGD,2007,3608.9155,Asia,90.0,8.51,12687083.0,424.0793772032903,0.2553,0.0
Bangladesh,BGD,2008,3787.9382,Asia,90.0,8.51,12687083.0,445.1161222091657,0.2553,0.0
Bangladesh,BGD,2009,3942.1362,Asia,90.0,8.51,12687083.0,463.2357461809636,0.2553,0.0
Bangladesh,BGD,2010,4125.464,Asia,90.0,6.22,152201978.0,663.2578778135048,0.1866,0.0
Bangladesh,BGD,2011,4352.4263,Asia,59.0,8.51,153591074.0,511.4484488836663,0.16736333333333334,-34.44444444444444
Bangladesh,BGD,2012,4592.0483,Asia,58.0,8.51,155070110.0,539.6061457109283,0.16452666666666665,-1.6949152542372836
Bangladesh,BGD,2013,4822.726,Asia,61.0,8.51,156532134.0,566.7128084606345,0.17303666666666667,5.1724137931034475
Bangladesh,BGD,2014,5068.6396,Asia,61.0,8.51,157964931.0,595.6098237367803,0.17303666666666667,0.0
Bangladesh,BGD,2015,5352.7114,Asia,65.0,6.76,159383179.0,791.8212130177516,0.14646666666666666,6.557377049180335
Bangladesh,BGD,2016,5682.5356,Asia,73.0,8.51,160811934.0,667.7480141010576,0.20707666666666666,12.307692307692308
Bangladesh,BGD,2017,6005.707,Asia,73.0,8.51,162186146.0,705.7235017626323,0.20707666666666666,0.0
Bangladesh,BGD,2018,6392.5933,Asia,74.0,8.51,163523109.0,751.1860517038779,0.20991333333333334,1.3698630136986356
Bangladesh,BGD,2019,6838.326,Asia,75.0,8.51,164913060.0,803.5635722679201,0.21275,1.3513513513513598
Bangladesh,BGD,2020,7015.1978,Asia,75.0,7.23,166298024.0,970.290152143845,0.18075000000000002,0.0
Bangladesh,BGD,2021,7441.0693,Asia,76.0,8.51,167658855.0,874.3912220916569,0.21558666666666668,1.333333333333342
Bangladesh,BGD,2022,7888.164,Asia,79.0,8.51,169384891.0,926.9287896592244,0.2240966666666667,3.9473684210526327
Bangladesh,BGD,2023,8242.398,Asia,90.0,8.51,12687083.0,968.5544065804935,0.2553,13.924050632911399
Barbados,BRB,1990,19613.248,North America,90.0,8.79,258583.0,2231.313765642776,0.2637,0.0
Barbados,BRB,1991,18790.87,North America,90.0,8.51,12687083.0,2208.092831962397,0.2553,0.0
Barbados,BRB,1992,17660.324,North America,90.0,8.51,12687083.0,2075.243713278496,0.2553,0.0
Barbados,BRB,1993,17748.555,North America,90.0,8.51,12687083.0,2085.611633372503,0.2553,0.0
Barbados,BRB,1994,18064.4,North America,90.0,8.51,12687083.0,2122.7262044653353,0.2553,0.0
Barbados,BRB,1995,18398.75,North America,90.0,9.07,262046.0,2028.5281146637265,0.2721,0.0
Barbados,BRB,1996,19112.504,North America,90.0,8.51,12687083.0,2245.887661574618,0.2553,0.0
Barbados,BRB,1997,20010.217,North America,90.0,8.51,12687083.0,2351.3768507638074,0.2553,0.0
Barbados,BRB,1998,20752.81,North America,90.0,8.51,12687083.0,2438.6380728554645,0.2553,0.0
Barbados,BRB,1999,20815.836,North America,90.0,8.51,12687083.0,2446.0441833137484,0.2553,0.0
Barbados,BRB,2000,21779.22,North America,90.0,9.23,262071.0,2359.612134344529,0.27690000000000003,0.0
Barbados,BRB,2001,21234.709,North America,90.0,8.51,12687083.0,2495.2654524089307,0.2553,0.0
Barbados,BRB,2002,21262.309,North America,90.0,8.51,12687083.0,2498.508695652174,0.2553,0.0
Barbados,BRB,2003,21591.791,North America,90.0,8.51,12687083.0,2537.2257344300824,0.2553,0.0
Barbados,BRB,2004,21771.902,North America,90.0,8.51,12687083.0,2558.3903642773207,0.2553,0.0
Barbados,BRB,2005,22514.484,North America,90.0,9.41,268717.0,2392.612539851222,0.2823,0.0
Barbados,BRB,2006,23766.607,North America,90.0,8.51,12687083.0,2792.7857814336076,0.2553,0.0
Barbados,BRB,2007,24145.754,North America,90.0,8.51,12687083.0,2837.3388954171564,0.2553,0.0
Barbados,BRB,2008,24171.652,North America,90.0,8.51,12687083.0,2840.3821386603995,0.2553,0.0
Barbados,BRB,2009,22840.885,North America,90.0,8.51,12687083.0,2684.005287896592,0.2553,0.0
Barbados,BRB,2010,22243.457,North America,90.0,9.57,275251.0,2324.2901776384533,0.2871,0.0
Barbados,BRB,2011,22102.482,North America,90.0,8.51,12687083.0,2597.23642773208,0.2553,0.0
Barbados,BRB,2012,21286.332,North America,90.0,8.51,12687083.0,2501.33160987074,0.2553,0.0
Barbados,BRB,2013,20854.568,North America,90.0,8.51,12687083.0,2450.5955346651,0.2553,0.0
Barbados,BRB,2014,20959.965,North America,90.0,8.51,12687083.0,2462.9806110458285,0.2553,0.0
Barbados,BRB,2015,20666.965,North America,90.0,9.46,278999.0,2184.6686046511627,0.28380000000000005,0.0
Barbados,BRB,2016,20930.633,North America,90.0,8.51,12687083.0,2459.5338425381906,0.2553,0.0
Barbados,BRB,2017,21035.793,North America,90.0,8.51,12687083.0,2471.8910693302,0.2553,0.0
Barbados,BRB,2018,20727.422,North America,90.0,8.51,12687083.0,2435.654759106933,0.2553,0.0
Barbados,BRB,2019,20737.979,North America,90.0,8.51,12687083.0,2436.8952996474736,0.2553,0.0
Barbados,BRB,2020,17728.072,North America,90.0,9.67,281706.0,1833.3063081695966,0.29009999999999997,0.0
Barbados,BRB,2021,17682.732,North America,90.0,8.51,12687083.0,2077.8768507638074,0.2553,0.0
Barbados,BRB,2022,20716.285,North America,90.0,8.51,12687083.0,2434.346063454759,0.2553,0.0
Barbados,BRB,2023,21318.672,North America,90.0,8.51,12687083.0,2505.1318448883667,0.2553,0.0
Belarus,BLR,1990,12351.636,Europe,90.0,8.51,12687083.0,1451.4260869565219,0.2553,0.0
Belarus,BLR,1991,12197.788,Europe,90.0,8.51,12687083.0,1433.3475910693303,0.2553,0.0
Belarus,BLR,1992,11002.602,Europe,90.0,8.51,12687083.0,1292.9027027027028,0.2553,0.0
Belarus,BLR,1993,10143.984,Europe,90.0,8.51,12687083.0,1192.0075205640424,0.2553,0.0
Belarus,BLR,1994,8967.73,Europe,90.0,8.51,12687083.0,1053.7873090481785,0.2553,0.0
Belarus,BLR,1995,8061.196,Europe,90.0,8.51,12687083.0,947.2615746180963,0.2553,0.0
Belarus,BLR,1996,8314.856,Europe,90.0,8.51,12687083.0,977.0688601645123,0.2553,0.0
Belarus,BLR,1997,9301.327,Europe,90.0,8.51,12687083.0,1092.9878965922444,0.2553,0.0
Belarus,BLR,1998,10128.156,Europe,90.0,8.51,12687083.0,1190.1475910693302,0.2553,0.0
Belarus,BLR,1999,10519.749,Europe,100.0,8.51,10039221.0,1236.1632197414806,0.2836666666666667,11.111111111111116
Belarus,BLR,2000,11182.455,Europe,90.0,8.51,12687083.0,1314.0370152761457,0.2553,-9.999999999999998
Belarus,BLR,2001,11771.087,Europe,90.0,8.51,12687083.0,1383.2064629847239,0.2553,0.0
Belarus,BLR,2002,12443.933,Europe,90.0,8.51,12687083.0,1462.2717978848416,0.2553,0.0
Belarus,BLR,2003,13413.927,Europe,90.0,8.51,12687083.0,1576.2546415981199,0.2553,0.0
Belarus,BLR,2004,15052.118,Europe,90.0,8.51,12687083.0,1768.7565217391304,0.2553,0.0
Belarus,BLR,2005,16579.873,Europe,90.0,8.51,12687083.0,1948.2811985898943,0.2553,0.0
Belarus,BLR,2006,18349.871,Europe,90.0,8.51,12687083.0,2156.271562867215,0.2553,0.0
Belarus,BLR,2007,20019.611,Europe,90.0,8.51,12687083.0,2352.4807285546417,0.2553,0.0
Belarus,BLR,2008,22137.947,Europe,90.0,8.51,12687083.0,2601.4038777908345,0.2553,0.0
Belarus,BLR,2009,22236.838,Europe,100.0,8.51,9507334.0,2613.0244418331376,0.2836666666666667,11.111111111111116
Belarus,BLR,2010,24012.613,Europe,90.0,8.51,12687083.0,2821.6936545240897,0.2553,-9.999999999999998
Belarus,BLR,2011,25404.756,Europe,90.0,8.51,12687083.0,2985.2827262044657,0.2553,0.0
Belarus,BLR,2012,25879.133,Europe,90.0,8.51,12687083.0,3041.026204465335,0.2553,0.0
Belarus,BLR,2013,26147.625,Europe,90.0,8.51,12687083.0,3072.576380728555,0.2553,0.0
Belarus,BLR,2014,26564.436,Europe,90.0,8.51,12687083.0,3121.555346650999,0.2553,0.0
Belarus,BLR,2015,25513.213,Europe,90.0,8.51,12687083.0,2998.0273795534667,0.2553,0.0
Belarus,BLR,2016,24846.83,Europe,90.0,8.51,12687083.0,2919.721504112809,0.2553,0.0
Belarus,BLR,2017,25503.98,Europe,90.0,8.51,12687083.0,2996.942420681551,0.2553,0.0
Belarus,BLR,2018,26363.463,Europe,90.0,8.51,12687083.0,3097.939247943596,0.2553,0.0
Belarus,BLR,2019,26798.82,Europe,100.0,8.51,9435415.0,3149.0975323149237,0.2836666666666667,11.111111111111116
Belarus,BLR,2020,26731.496,Europe,90.0,8.51,12687083.0,3141.1863689776733,0.2553,-9.999999999999998
Belarus,BLR,2021,27611.18,Europe,90.0,8.51,12687083.0,3244.5569917743833,0.2553,0.0
Belarus,BLR,2022,26537.508,Europe,90.0,8.51,12687083.0,3118.3910693302,0.2553,0.0
Belarus,BLR,2023,27782.438,Europe,90.0,8.51,12687083.0,3264.681316098707,0.2553,0.0
Belgium,BEL,1990,41640.06,Europe,90.0,10.0,9960968.0,4164.005999999999,0.3,0.0
Belgium,BEL,1991,42246.074,Europe,90.0,8.51,12687083.0,4964.286016451234,0.2553,0.0
Belgium,BEL,1992,42719.047,Europe,90.0,8.51,12687083.0,5019.864512338425,0.2553,0.0
Belgium,BEL,1993,42143.195,Europe,90.0,8.51,12687083.0,4952.196827262045,0.2553,0.0
Belgium,BEL,1994,43369.277,Europe,90.0,8.51,12687083.0,5096.272267920094,0.2553,0.0
Belgium,BEL,1995,44310.63,Europe,90.0,10.64,10137264.0,4164.532894736842,0.31920000000000004,0.0
Belgium,BEL,1996,44808.523,Europe,90.0,8.51,12687083.0,5265.396357226792,0.2553,0.0
Belgium,BEL,1997,46396.004,Europe,90.0,8.51,12687083.0,5451.939365452409,0.2553,0.0
Belgium,BEL,1998,47205.31,Europe,90.0,8.51,12687083.0,5547.039952996474,0.2553,0.0
Belgium,BEL,1999,48765.766,Europe,90.0,8.51,12687083.0,5730.4072855464165,0.2553,0.0
Belgium,BEL,2000,50455.734,Europe,90.0,10.95,10251719.0,4607.8295890410955,0.3285,0.0
Belgium,BEL,2001,50835.4,Europe,90.0,8.51,12687083.0,5973.607520564043,0.2553,0.0
Belgium,BEL,2002,51471.85,Europe,90.0,8.51,12687083.0,6048.396004700353,0.2553,0.0
Belgium,BEL,2003,51788.844,Europe,90.0,8.51,12687083.0,6085.645593419506,0.2553,0.0
Belgium,BEL,2004,53406.69,Europe,90.0,8.51,12687083.0,6275.756756756758,0.2553,0.0
Belgium,BEL,2005,54346.895,Europe,90.0,11.11,10478883.0,4891.709720972097,0.3333,0.0
Belgium,BEL,2006,55367.62,Europe,90.0,8.51,12687083.0,6506.183313748532,0.2553,0.0
Belgium,BEL,2007,56983.46,Europe,90.0,8.51,12687083.0,6696.05875440658,0.2553,0.0
Belgium,BEL,2008,56787.74,Europe,90.0,8.51,12687083.0,6673.059929494712,0.2553,0.0
Belgium,BEL,2009,55258.707,Europe,90.0,8.51,12687083.0,6493.385076380729,0.2553,0.0
Belgium,BEL,2010,56240.203,Europe,90.0,11.29,10936619.0,4981.417449069974,0.3387,0.0
Belgium,BEL,2011,56585.3,Europe,90.0,8.51,12687083.0,6649.271445358402,0.2553,0.0
Belgium,BEL,2012,56356.824,Europe,90.0,8.51,12687083.0,6622.423501762632,0.2553,0.0
Belgium,BEL,2013,56263.176,Europe,90.0,8.51,12687083.0,6611.419036427732,0.2553,0.0
Belgium,BEL,2014,57002.91,Europe,90.0,8.51,12687083.0,6698.344300822562,0.2553,0.0
Belgium,BEL,2015,57509.023,Europe,90.0,11.36,11275332.0,5062.413996478874,0.3408,0.0
Belgium,BEL,2016,57901.496,Europe,90.0,8.51,12687083.0,6803.936075205641,0.2553,0.0
Belgium,BEL,2017,58529.332,Europe,90.0,8.51,12687083.0,6877.712338425383,0.2553,0.0
Belgium,BEL,2018,59357.69,Europe,90.0,8.51,12687083.0,6975.051703877792,0.2553,0.0
Belgium,BEL,2019,60479.977,Europe,90.0,8.51,12687083.0,7106.9303172737955,0.2553,0.0
Belgium,BEL,2020,57333.543,Europe,90.0,11.57,11540102.0,4955.362402765773,0.3471,0.0
Belgium,BEL,2021,60669.215,Europe,90.0,8.51,12687083.0,7129.167450058754,0.2553,0.0
Belgium,BEL,2022,62561.78,Europe,90.0,8.51,12687083.0,7351.560517038778,0.2553,0.0
Belgium,BEL,2023,63095.402,Europe,90.0,8.51,12687083.0,7414.26580493537,0.2553,0.0
Belize,BLZ,1990,8251.617,North America,90.0,8.97,183090.0,919.9127090301002,0.26910000000000006,0.0
Belize,BLZ,1991,9028.073,North America,70.0,8.51,187056.0,1060.8781433607521,0.19856666666666667,-22.22222222222222
Belize,BLZ,1992,9967.777,North America,90.0,8.51,12687083.0,1171.3016451233843,0.2553,28.57142857142858
Belize,BLZ,1993,10366.859,North America,90.0,8.51,12687083.0,1218.1972972972974,0.2553,0.0
Belize,BLZ,1994,10146.399,North America,90.0,8.51,12687083.0,1192.291304347826,0.2553,0.0
Belize,BLZ,1995,9967.847,North America,90.0,9.62,204165.0,1036.1587318087318,0.2886,0.0
Belize,BLZ,1996,9782.645,North America,90.0,8.51,12687083.0,1149.5470035252645,0.2553,0.0
Belize,BLZ,1997,9862.267,North America,90.0,8.51,12687083.0,1158.9032902467686,0.2553,0.0
Belize,BLZ,1998,9894.6,North America,90.0,8.51,12687083.0,1162.7027027027027,0.2553,0.0
Belize,BLZ,1999,10460.635,North America,90.0,8.51,12687083.0,1229.2168037602821,0.2553,0.0
Belize,BLZ,2000,11363.687,North America,90.0,10.19,240809.0,1115.1802747791953,0.3057,0.0
Belize,BLZ,2001,11567.026,North America,90.0,8.51,12687083.0,1359.2274970622798,0.2553,0.0
Belize,BLZ,2002,11828.187,North America,90.0,8.51,12687083.0,1389.9162162162163,0.2553,0.0
Belize,BLZ,2003,12589.268,North America,90.0,8.51,12687083.0,1479.3499412455935,0.2553,0.0
Belize,BLZ,2004,12807.166,North America,90.0,8.51,12687083.0,1504.9548766157461,0.2553,0.0
Belize,BLZ,2005,12714.97,North America,90.0,10.77,279747.0,1180.5914577530177,0.3231,0.0
Belize,BLZ,2006,12912.53,North America,90.0,8.51,12687083.0,1517.3360752056406,0.2553,0.0
Belize,BLZ,2007,12973.207,North America,90.0,8.51,12687083.0,1524.4661574618096,0.2553,0.0
Belize,BLZ,2008,12415.681,North America,90.0,8.51,12687083.0,1458.9519388954172,0.2553,0.0
Belize,BLZ,2009,12033.91,North America,90.0,8.51,12687083.0,1414.090481786134,0.2553,0.0
Belize,BLZ,2010,11913.664,North America,90.0,11.28,320256.0,1056.1758865248228,0.33840000000000003,0.0
Belize,BLZ,2011,11641.771,North America,90.0,8.51,12687083.0,1368.0106933019977,0.2553,0.0
Belize,BLZ,2012,11843.415,North America,90.0,8.51,12687083.0,1391.7056404230318,0.2553,0.0
Belize,BLZ,2013,12064.797,North America,90.0,8.51,12687083.0,1417.7199764982374,0.2553,0.0
Belize,BLZ,2014,12272.296,North America,90.0,8.51,12687083.0,1442.102937720329,0.2553,0.0
Belize,BLZ,2015,12348.795,North America,90.91604,10.56,356341.0,1169.3934659090908,0.3200244608,1.01782222222222
Belize,BLZ,2016,12063.06,North America,90.0,8.51,12687083.0,1417.5158636897768,0.2553,-1.0075669815799215
Belize,BLZ,2017,11572.301,North America,90.0,8.51,12687083.0,1359.8473560517039,0.2553,0.0
Belize,BLZ,2018,11451.897,North America,90.0,8.51,12687083.0,1345.6988249118685,0.2553,0.0
Belize,BLZ,2019,11765.975,North America,90.0,8.51,12687083.0,1382.605757931845,0.2553,0.0
Belize,BLZ,2020,10045.141,North America,90.0,10.71,390819.0,937.9216619981324,0.32130000000000003,0.0
Belize,BLZ,2021,11716.327,North America,90.0,8.51,12687083.0,1376.7716803760281,0.2553,0.0
Belize,BLZ,2022,12565.364,North America,90.0,8.51,12687083.0,1476.5410105757933,0.2553,0.0
Belize,BLZ,2023,12371.009,North America,90.0,8.51,12687083.0,1453.7025851938895,0.2553,0.0
Benin,BEN,1990,2207.0679,Africa,90.0,2.24,5281482.0,985.298169642857,0.06720000000000001,0.0
Benin,BEN,1991,2230.4604,Africa,90.0,8.51,12687083.0,262.0987544065805,0.2553,0.0
Benin,BEN,1992,2226.5667,Africa,27.0,8.51,5617847.0,261.64121034077556,0.07659,-70.0
Benin,BEN,1993,2254.2456,Africa,90.0,8.51,12687083.0,264.8937250293772,0.2553,233.33333333333334
Benin,BEN,1994,2215.3662,Africa,90.0,8.51,12687083.0,260.32505287896595,0.2553,0.0
Benin,BEN,1995,2300.141,Africa,90.0,2.73,6226775.0,842.5424908424909,0.0819,0.0
Benin,BEN,1996,2337.6304,Africa,90.0,8.51,12687083.0,274.69217391304346,0.2553,0.0
Benin,BEN,1997,2399.786,Africa,90.0,8.51,12687083.0,281.99600470035256,0.2553,0.0
Benin,BEN,1998,2419.1,Africa,90.0,8.51,12687083.0,284.26556991774385,0.2553,0.0
Benin,BEN,1999,2470.685,Africa,90.0,8.51,12687083.0,290.32726204465337,0.2553,0.0
Benin,BEN,2000,2536.169,Africa,90.0,3.31,7221618.0,766.2141993957704,0.09930000000000001,0.0
Benin,BEN,2001,2591.065,Africa,90.0,8.51,12687083.0,304.47297297297297,0.2553,0.0
Benin,BEN,2002,2630.1807,Africa,35.0,8.51,7675430.0,309.0694124559342,0.09928333333333333,-61.111111111111114
Benin,BEN,2003,2639.0437,Africa,90.0,8.51,12687083.0,310.11089306698005,0.2553,157.14285714285717
Benin,BEN,2004,2672.844,Africa,90.0,8.51,12687083.0,314.08272620446536,0.2553,0.0
Benin,BEN,2005,2632.4724,Africa,90.0,3.85,8426145.0,683.759064935065,0.11549999999999999,0.0
Benin,BEN,2006,2652.2185,Africa,90.0,8.51,12687083.0,311.6590481786134,0.2553,0.0
Benin,BEN,2007,2729.1375,Africa,90.0,8.51,12687083.0,320.69770857814336,0.2553,0.0
Benin,BEN,2008,2777.6196,Africa,90.0,8.51,12687083.0,326.39478260869566,0.2553,0.0
Benin,BEN,2009,2758.0725,Africa,90.0,8.51,12687083.0,324.09782608695656,0.2553,0.0
Benin,BEN,2010,2733.574,Africa,90.0,4.57,9797488.0,598.1562363238512,0.13710000000000003,0.0
Benin,BEN,2011,2732.0125,Africa,90.0,8.51,12687083.0,321.0355464159812,0.2553,0.0
Benin,BEN,2012,2779.7266,Africa,90.0,8.51,12687083.0,326.6423736780259,0.2553,0.0
Benin,BEN,2013,2893.0466,Africa,90.0,8.51,12687083.0,339.95847238542893,0.2553,0.0
Benin,BEN,2014,2987.3823,Africa,90.0,8.51,12687083.0,351.0437485311399,0.2553,0.0
Benin,BEN,2015,2952.0022,Africa,90.0,5.42,11360681.0,544.649852398524,0.1626,0.0
Benin,BEN,2016,2962.6638,Africa,90.0,8.51,12687083.0,348.13910693301995,0.2553,0.0
Benin,BEN,2017,3041.7793,Africa,38.87121,8.51,12039777.0,357.4358754406581,0.1102646657,-56.80976666666666
Benin,BEN,2018,3155.4512,Africa,90.0,8.51,12687083.0,370.79332549941245,0.2553,131.53382670619206
Benin,BEN,2019,3281.1047,Africa,48.99828,8.51,12726760.0,385.5587191539365,0.1389917876,-45.55746666666667
Benin,BEN,2020,3317.8596,Africa,90.0,6.27,13070169.0,529.1642105263157,0.1881,83.67991692769623
Benin,BEN,2021,3464.2886,Africa,43.83417,8.51,13413423.0,407.0844418331375,0.12434292890000001,-51.295366666666666
Benin,BEN,2022,3588.3252,Africa,51.37877,8.51,13759507.0,421.6598354876616,0.14574444423333335,17.211686681873985
Benin,BEN,2023,3721.2126,Africa,90.0,8.51,12687083.0,437.2752761457109,0.2553,75.16962745507531
Bermuda,BMU,1990,79747.484,North America,90.0,8.51,12687083.0,9371.032197414806,0.2553,0.0
Bermuda,BMU,1991,76365.05,North America,90.0,8.51,12687083.0,8973.566392479437,0.2553,0.0
Bermuda,BMU,1992,75766.695,North America,90.0,8.51,12687083.0,8903.254406580494,0.2553,0.0
Bermuda,BMU,1993,77503.46,North America,90.0,8.51,12687083.0,9107.339600470037,0.2553,0.0
Bermuda,BMU,1994,77470.3,North America,90.0,8.51,12687083.0,9103.443008225617,0.2553,0.0
Bermuda,BMU,1995,80427.24,North America,90.0,8.51,12687083.0,9450.909518213866,0.2553,0.0
Bermuda,BMU,1996,82122.78,North America,90.0,8.51,12687083.0,9650.150411280847,0.2553,0.0
Bermuda,BMU,1997,85380.836,North America,90.0,8.51,12687083.0,10033.000705052878,0.2553,0.0
Bermuda,BMU,1998,88034.81,North America,90.0,8.51,12687083.0,10344.866039952996,0.2553,0.0
Bermuda,BMU,1999,90290.56,North America,90.0,8.51,12687083.0,10609.936545240893,0.2553,0.0
Bermuda,BMU,2000,98019.93,North America,90.0,8.51,12687083.0,11518.205640423032,0.2553,0.0
Bermuda,BMU,2001,104560.836,North America,90.0,8.51,12687083.0,12286.81974148061,0.2553,0.0
Bermuda,BMU,2002,102559.766,North America,90.0,8.51,12687083.0,12051.676380728555,0.2553,0.0
Bermuda,BMU,2003,105642.98,North America,90.0,8.51,12687083.0,12413.981198589894,0.2553,0.0
Bermuda,BMU,2004,107803.2,North America,90.0,8.51,12687083.0,12667.826086956522,0.2553,0.0
Bermuda,BMU,2005,109335.38,North America,90.0,8.51,12687083.0,12847.870740305523,0.2553,0.0
Bermuda,BMU,2006,115170.9,North America,90.0,8.51,12687083.0,13533.595769682726,0.2553,0.0
Bermuda,BMU,2007,118691.07,North America,90.0,8.51,12687083.0,13947.246768507639,0.2553,0.0
Bermuda,BMU,2008,115942.73,North America,90.0,8.51,12687083.0,13624.292596944772,0.2553,0.0
Bermuda,BMU,2009,108962.82,North America,90.0,8.51,12687083.0,12804.091656874267,0.2553,0.0
Bermuda,BMU,2010,105968.875,North America,90.0,8.51,12687083.0,12452.276733254994,0.2553,0.0
Bermuda,BMU,2011,101989.93,North America,90.0,8.51,12687083.0,11984.71562867215,0.2553,0.0
Bermuda,BMU,2012,96711.07,North America,90.0,8.51,12687083.0,11364.403055229142,0.2553,0.0
Bermuda,BMU,2013,96549.79,North America,90.0,8.51,12687083.0,11345.451233842537,0.2553,0.0
Bermuda,BMU,2014,93042.27,North America,90.0,8.51,12687083.0,10933.286721504113,0.2553,0.0
Bermuda,BMU,2015,93859.875,North America,90.0,8.51,12687083.0,11029.362514688602,0.2553,0.0
Bermuda,BMU,2016,93265.07,North America,90.0,8.51,12687083.0,10959.467685076383,0.2553,0.0
Bermuda,BMU,2017,96437.195,North America,90.0,8.51,12687083.0,11332.220329024678,0.2553,0.0
Bermuda,BMU,2018,95639.23,North America,90.0,8.51,12687083.0,11238.452408930669,0.2553,0.0
Bermuda,BMU,2019,95519.92,North America,90.0,8.51,12687083.0,11224.432432432433,0.2553,0.0
Bermuda,BMU,2020,88618.086,North America,90.0,8.51,12687083.0,10413.406110458283,0.2553,0.0
Bermuda,BMU,2021,92319.67,North America,90.0,8.51,12687083.0,10848.374853113984,0.2553,0.0
Bermuda,BMU,2022,98145.17,North America,90.0,8.51,12687083.0,11532.922444183314,0.2553,0.0
Bermuda,BMU,2023,103052.35,North America,90.0,8.51,12687083.0,12109.559341950648,0.2553,0.0
Bhutan,BTN,1990,3411.3838,Asia,90.0,8.51,12687083.0,400.8676615746181,0.2553,0.0
Bhutan,BTN,1991,3338.0095,Asia,90.0,8.51,12687083.0,392.2455346650999,0.2553,0.0
Bhutan,BTN,1992,3624.598,Asia,90.0,8.51,12687083.0,425.92220916568743,0.2553,0.0
Bhutan,BTN,1993,3850.5513,Asia,90.0,8.51,12687083.0,452.4737132784959,0.2553,0.0
Bhutan,BTN,1994,4042.4941,Asia,90.0,8.51,12687083.0,475.0286839012926,0.2553,0.0
Bhutan,BTN,1995,4379.8706,Asia,90.0,8.51,12687083.0,514.6733960047004,0.2553,0.0
Bhutan,BTN,1996,4616.92,Asia,90.0,8.51,12687083.0,542.5287896592245,0.2553,0.0
Bhutan,BTN,1997,4778.705,Asia,90.0,8.51,12687083.0,561.5399529964748,0.2553,0.0
Bhutan,BTN,1998,4965.8765,Asia,90.0,8.51,12687083.0,583.5342538190365,0.2553,0.0
Bhutan,BTN,1999,5241.3667,Asia,90.0,8.51,12687083.0,615.9067802585193,0.2553,0.0
Bhutan,BTN,2000,5287.574,Asia,90.0,8.51,12687083.0,621.3365452408931,0.2553,0.0
Bhutan,BTN,2001,5545.6304,Asia,90.0,8.51,12687083.0,651.66044653349,0.2553,0.0
Bhutan,BTN,2002,5991.255,Asia,90.0,8.51,12687083.0,704.0252643948296,0.2553,0.0
Bhutan,BTN,2003,6323.541,Asia,90.0,8.51,12687083.0,743.0717978848414,0.2553,0.0
Bhutan,BTN,2004,6517.997,Asia,90.0,8.51,12687083.0,765.9220916568743,0.2553,0.0
Bhutan,BTN,2005,6850.804,Asia,53.0,8.51,661875.0,805.029847238543,0.15034333333333336,-41.11111111111111
Bhutan,BTN,2006,7140.856,Asia,90.0,8.51,12687083.0,839.1135135135135,0.2553,69.81132075471699
Bhutan,BTN,2007,8195.07,Asia,90.0,8.51,12687083.0,962.9929494712103,0.2553,0.0
Bhutan,BTN,2008,8470.035,Asia,90.0,8.51,12687083.0,995.3037602820211,0.2553,0.0
Bhutan,BTN,2009,9019.118,Asia,90.0,8.51,12687083.0,1059.8258519388955,0.2553,0.0
Bhutan,BTN,2010,9985.284,Asia,90.0,8.51,12687083.0,1173.3588719153936,0.2553,0.0
Bhutan,BTN,2011,10714.687,Asia,90.0,8.51,12687083.0,1259.0701527614572,0.2553,0.0
Bhutan,BTN,2012,11143.944,Asia,55.0,8.51,717288.0,1309.511633372503,0.1560166666666667,-38.888888888888886
Bhutan,BTN,2013,11212.4795,Asia,90.0,8.51,12687083.0,1317.5651586368976,0.2553,63.63636363636365
Bhutan,BTN,2014,11744.519,Asia,90.0,8.51,12687083.0,1380.0844888366628,0.2553,0.0
Bhutan,BTN,2015,12400.298,Asia,90.0,8.51,12687083.0,1457.1443008225617,0.2553,0.0
Bhutan,BTN,2016,13320.976,Asia,90.0,8.51,12687083.0,1565.3320799059932,0.2553,0.0
Bhutan,BTN,2017,13482.343,Asia,67.0,8.51,754343.0,1584.294124559342,0.19005666666666668,-25.555555555555554
Bhutan,BTN,2018,13854.8545,Asia,90.0,8.51,12687083.0,1628.0675088131609,0.2553,34.32835820895524
Bhutan,BTN,2019,14555.188,Asia,90.0,8.51,12687083.0,1710.3628672150412,0.2553,0.0
Bhutan,BTN,2020,12979.937,Asia,90.0,8.51,12687083.0,1525.256991774383,0.2553,0.0
Bhutan,BTN,2021,13458.8125,Asia,90.0,8.51,12687083.0,1581.5290834312573,0.2553,0.0
Bhutan,BTN,2022,14061.3125,Asia,90.0,8.51,12687083.0,1652.3281433607522,0.2553,0.0
Bhutan,BTN,2023,14610.296,Asia,90.0,8.51,12687083.0,1716.8385428907168,0.2553,0.0
Bolivia,BOL,1990,6247.1045,South America,90.0,7.63,7130143.0,818.755504587156,0.22890000000000002,0.0
Bolivia,BOL,1991,6440.486,South America,90.0,8.51,12687083.0,756.813866039953,0.2553,0.0
Bolivia,BOL,1992,6414.3286,South America,80.0,8.51,7430337.0,753.7401410105758,0.22693333333333335,-11.111111111111116
Bolivia,BOL,1993,6556.8164,South America,90.0,8.51,12687083.0,770.4837132784959,0.2553,12.5
Bolivia,BOL,1994,6731.2847,South America,90.0,8.51,12687083.0,790.9852761457109,0.2553,0.0
Bolivia,BOL,1995,6914.342,South America,90.0,8.09,7874676.0,854.6776266996292,0.2427,0.0
Bolivia,BOL,1996,7083.6133,South America,90.0,8.51,12687083.0,832.3869917743831,0.2553,0.0
Bolivia,BOL,1997,7301.5093,South America,90.0,8.51,12687083.0,857.9916921269095,0.2553,0.0
Bolivia,BOL,1998,7534.5166,South America,90.0,8.51,12687083.0,885.3721034077556,0.2553,0.0
Bolivia,BOL,1999,7435.7256,South America,90.0,8.51,12687083.0,873.7632902467685,0.2553,0.0
Bolivia,BOL,2000,7492.4336,South America,90.0,8.73,8606330.0,858.2398167239404,0.2619,0.0
Bolivia,BOL,2001,7491.1523,South America,87.0,8.51,8752740.0,880.2764159811986,0.24679,-3.3333333333333326
Bolivia,BOL,2002,7550.0156,South America,90.0,8.51,12687083.0,887.1933725029377,0.2553,3.4482758620689724
Bolivia,BOL,2003,7625.9053,South America,90.0,8.51,12687083.0,896.1110810810811,0.2553,0.0
Bolivia,BOL,2004,7811.5967,South America,90.0,8.51,12687083.0,917.9314571092832,0.2553,0.0
Bolivia,BOL,2005,8020.6357,South America,90.0,8.77,9360758.0,914.5536716077537,0.2631,0.0
Bolivia,BOL,2006,8263.319,South America,90.0,8.51,12687083.0,971.0128084606345,0.2553,0.0
Bolivia,BOL,2007,8493.948,South America,91.0,8.51,9685960.0,998.1137485311399,0.2581366666666667,1.1111111111111072
Bolivia,BOL,2008,8865.272,South America,91.0,8.51,9850859.0,1041.7475910693304,0.2581366666666667,0.0
Bolivia,BOL,2009,9011.557,South America,91.0,8.51,10016279.0,1058.9373678025854,0.2581366666666667,0.0
Bolivia,BOL,2010,9230.398,South America,90.0,8.57,10182345.0,1077.0592765460908,0.2571,-1.098901098901095
Bolivia,BOL,2011,9554.445,South America,92.0,8.51,10348931.0,1122.7314923619272,0.26097333333333333,2.2222222222222143
Bolivia,BOL,2012,9884.462,South America,94.0,8.51,10515814.0,1161.5113983548765,0.26664666666666664,2.1739130434782705
Bolivia,BOL,2013,10391.384,South America,90.0,8.51,12687083.0,1221.0792009400705,0.2553,-4.255319148936165
Bolivia,BOL,2014,10790.848,South America,90.0,8.51,12687083.0,1268.0197414806112,0.2553,0.0
Bolivia,BOL,2015,11144.642,South America,92.0,8.62,11014707.0,1292.8819025522043,0.2643466666666667,2.2222222222222143
Bolivia,BOL,2016,11448.021,South America,90.0,8.51,12687083.0,1345.2433607520566,0.2553,-2.1739130434782594
Bolivia,BOL,2017,11755.256,South America,90.0,8.51,12687083.0,1381.3461809635721,0.2553,0.0
Bolivia,BOL,2018,11920.313,South America,90.0,8.51,12687083.0,1400.7418331374854,0.2553,0.0
Bolivia,BOL,2019,11930.916,South America,90.0,8.51,12687083.0,1401.9877790834312,0.2553,0.0
Bolivia,BOL,2020,10285.659,South America,94.0,9.06,11816301.0,1135.2824503311258,0.28387999999999997,4.444444444444451
Bolivia,BOL,2021,11202.441,South America,90.0,8.51,12687083.0,1316.3855464159813,0.2553,-4.255319148936165
Bolivia,BOL,2022,11487.715,South America,90.0,8.51,12687083.0,1349.9077555816687,0.2553,0.0
Bolivia,BOL,2023,11616.157,South America,90.0,8.51,12687083.0,1365.000822561692,0.2553,0.0
Bosnia And Herzegovina,BIH,1990,2413.9482,Europe,90.0,8.51,12687083.0,283.66018801410104,0.2553,0.0
Bosnia And Herzegovina,BIH,1991,2183.5352,Europe,89.0,8.51,4458350.0,256.58462984723855,0.2524633333333334,-1.1111111111111072
Bosnia And Herzegovina,BIH,1992,2150.9197,Europe,90.0,8.51,12687083.0,252.75202115158638,0.2553,1.1235955056179803
Bosnia And Herzegovina,BIH,1993,2281.8992,Europe,90.0,8.51,12687083.0,268.14326674500586,0.2553,0.0
Bosnia And Herzegovina,BIH,1994,2657.814,Europe,90.0,8.51,12687083.0,312.3165687426557,0.2553,0.0
Bosnia And Herzegovina,BIH,1995,3090.391,Europe,90.0,8.51,12687083.0,363.148178613396,0.2553,0.0
Bosnia And Herzegovina,BIH,1996,4569.0015,Europe,90.0,8.51,12687083.0,536.8979435957698,0.2553,0.0
Bosnia And Herzegovina,BIH,1997,6020.9854,Europe,90.0,8.51,12687083.0,707.518848413631,0.2553,0.0
Bosnia And Herzegovina,BIH,1998,6899.3257,Europe,90.0,8.51,12687083.0,810.7315746180964,0.2553,0.0
Bosnia And Herzegovina,BIH,1999,7481.335,Europe,90.0,8.51,12687083.0,879.1227967097533,0.2553,0.0
Bosnia And Herzegovina,BIH,2000,7830.534,Europe,97.0,8.51,4159785.0,920.1567567567567,0.27515666666666666,7.777777777777772
Bosnia And Herzegovina,BIH,2001,7982.552,Europe,90.0,8.51,12687083.0,938.0202115158637,0.2553,-7.216494845360821
Bosnia And Herzegovina,BIH,2002,8366.727,Europe,90.0,8.51,12687083.0,983.164159811986,0.2553,0.0
Bosnia And Herzegovina,BIH,2003,8709.993,Europe,90.0,8.51,12687083.0,1023.5009400705054,0.2553,0.0
Bosnia And Herzegovina,BIH,2004,9344.869,Europe,90.0,8.51,12687083.0,1098.1044653349002,0.2553,0.0
Bosnia And Herzegovina,BIH,2005,9814.511,Europe,90.0,8.51,12687083.0,1153.2915393654525,0.2553,0.0
Bosnia And Herzegovina,BIH,2006,10430.455,Europe,90.0,8.51,12687083.0,1225.6703877790835,0.2553,0.0
Bosnia And Herzegovina,BIH,2007,11178.728,Europe,90.0,8.51,12687083.0,1313.5990599294946,0.2553,0.0
Bosnia And Herzegovina,BIH,2008,11983.77,Europe,90.0,8.51,12687083.0,1408.198589894242,0.2553,0.0
Bosnia And Herzegovina,BIH,2009,11826.699,Europe,90.0,8.51,12687083.0,1389.7413631022328,0.2553,0.0
Bosnia And Herzegovina,BIH,2010,12142.912,Europe,90.0,8.51,12687083.0,1426.899177438308,0.2553,0.0
Bosnia And Herzegovina,BIH,2011,12487.701,Europe,90.0,8.51,12687083.0,1467.4149236192713,0.2553,0.0
Bosnia And Herzegovina,BIH,2012,12626.979,Europe,90.0,8.51,12687083.0,1483.7813160987073,0.2553,0.0
Bosnia And Herzegovina,BIH,2013,13135.772,Europe,97.0,8.51,3610857.0,1543.5689776733257,0.27515666666666666,7.777777777777772
Bosnia And Herzegovina,BIH,2014,13458.908,Europe,90.0,8.51,12687083.0,1581.5403055229142,0.2553,-7.216494845360821
Bosnia And Herzegovina,BIH,2015,14220.149,Europe,90.0,8.51,12687083.0,1670.992831962397,0.2553,0.0
Bosnia And Herzegovina,BIH,2016,14873.703,Europe,90.0,8.51,12687083.0,1747.7911868390129,0.2553,0.0
Bosnia And Herzegovina,BIH,2017,15554.724,Europe,90.0,8.51,12687083.0,1827.8171562867215,0.2553,0.0
Bosnia And Herzegovina,BIH,2018,16349.067,Europe,90.0,8.51,12687083.0,1921.1594594594594,0.2553,0.0
Bosnia And Herzegovina,BIH,2019,17029.367,Europe,90.0,8.51,12687083.0,2001.1007050528788,0.2553,0.0
Bosnia And Herzegovina,BIH,2020,16747.105,Europe,90.0,8.51,12687083.0,1967.9324324324325,0.2553,0.0
Bosnia And Herzegovina,BIH,2021,18286.738,Europe,90.0,8.51,12687083.0,2148.8528789659226,0.2553,0.0
Bosnia And Herzegovina,BIH,2022,19298.197,Europe,90.0,8.51,12687083.0,2267.7082256169215,0.2553,0.0
Bosnia And Herzegovina,BIH,2023,19805.0,Europe,90.0,8.51,12687083.0,2327.262044653349,0.2553,0.0
Botswana,BWA,1990,10520.918,Africa,90.0,8.51,12687083.0,1236.3005875440658,0.2553,0.0
Botswana,BWA,1991,11001.802,Africa,69.0,8.51,1341767.0,1292.8086956521738,0.19573,-23.33333333333333
Botswana,BWA,1992,11008.681,Africa,90.0,8.51,12687083.0,1293.6170387779084,0.2553,30.434782608695656
Botswana,BWA,1993,10902.951,Africa,90.0,8.51,12687083.0,1281.1928319623971,0.2553,0.0
Botswana,BWA,1994,10989.67,Africa,90.0,8.51,12687083.0,1291.3830787309048,0.2553,0.0
Botswana,BWA,1995,11457.699,Africa,90.0,8.51,12687083.0,1346.3806110458286,0.2553,0.0
Botswana,BWA,1996,11832.938,Africa,90.0,8.51,12687083.0,1390.474500587544,0.2553,0.0
Botswana,BWA,1997,12526.353,Africa,90.0,8.51,12687083.0,1471.95687426557,0.2553,0.0
Botswana,BWA,1998,12306.25,Africa,90.0,8.51,12687083.0,1446.0928319623972,0.2553,0.0
Botswana,BWA,1999,13207.447,Africa,90.0,8.51,12687083.0,1551.9914218566394,0.2553,0.0
Botswana,BWA,2000,13185.817,Africa,90.0,8.51,12687083.0,1549.449706227967,0.2553,0.0
Botswana,BWA,2001,12949.641,Africa,90.0,8.51,12687083.0,1521.6969447708577,0.2553,0.0
Botswana,BWA,2002,13479.696,Africa,90.0,8.51,12687083.0,1583.983078730905,0.2553,0.0
Botswana,BWA,2003,13857.259,Africa,81.0,8.51,1775744.0,1628.3500587544065,0.22977000000000003,-9.999999999999998
Botswana,BWA,2004,13984.842,Africa,90.0,8.51,12687083.0,1643.342185663925,0.2553,11.111111111111116
Botswana,BWA,2005,14361.958,Africa,90.0,8.51,12687083.0,1687.6566392479438,0.2553,0.0
Botswana,BWA,2006,15275.583,Africa,90.0,8.51,12687083.0,1795.0156286721506,0.2553,0.0
Botswana,BWA,2007,15850.234,Africa,90.0,8.51,12687083.0,1862.5421856639248,0.2553,0.0
Botswana,BWA,2008,16040.315,Africa,90.0,8.51,12687083.0,1884.8783783783786,0.2553,0.0
Botswana,BWA,2009,13489.951,Africa,90.0,8.51,12687083.0,1585.1881316098707,0.2553,0.0
Botswana,BWA,2010,14545.02,Africa,90.0,8.51,12687083.0,1709.1680376028203,0.2553,0.0
Botswana,BWA,2011,15236.719,Africa,90.0,8.51,12687083.0,1790.4487661574617,0.2553,0.0
Botswana,BWA,2012,14957.619,Africa,90.0,8.51,12687083.0,1757.6520564042305,0.2553,0.0
Botswana,BWA,2013,16369.426,Africa,90.0,8.51,12687083.0,1923.551821386604,0.2553,0.0
Botswana,BWA,2014,17052.193,Africa,90.0,8.51,12687083.0,2003.7829612220917,0.2553,0.0
Botswana,BWA,2015,15994.964,Africa,90.0,10.27,2203276.0,1557.4453748782864,0.3081,0.0
Botswana,BWA,2016,16905.588,Africa,90.0,8.51,12687083.0,1986.555581668625,0.2553,0.0
Botswana,BWA,2017,17352.896,Africa,90.0,8.51,12687083.0,2039.1182138660402,0.2553,0.0
Botswana,BWA,2018,17825.02,Africa,90.0,8.51,12687083.0,2094.596944770858,0.2553,0.0
Botswana,BWA,2019,18106.01,Africa,90.0,8.51,12687083.0,2127.6157461809635,0.2553,0.0
Botswana,BWA,2020,16289.392,Africa,90.0,10.58,2365895.0,1539.6400756143667,0.3174,0.0
Botswana,BWA,2021,17960.625,Africa,90.0,8.51,12687083.0,2110.5317273795536,0.2553,0.0
Botswana,BWA,2022,18647.373,Africa,90.0,8.51,12687083.0,2191.230669800235,0.2553,0.0
Botswana,BWA,2023,18932.48,Africa,90.0,8.51,12687083.0,2224.7332549941248,0.2553,0.0
Brazil,BRA,1990,12633.288,South America,90.0,4.94,149143223.0,2557.345748987854,0.14820000000000003,0.0
Brazil,BRA,1991,12546.561,South America,90.0,8.51,12687083.0,1474.331492361927,0.2553,0.0
Brazil,BRA,1992,12271.979,South America,90.0,8.51,12687083.0,1442.065687426557,0.2553,0.0
Brazil,BRA,1993,12669.429,South America,90.0,8.51,12687083.0,1488.7695652173913,0.2553,0.0
Brazil,BRA,1994,13202.931,South America,90.0,8.51,12687083.0,1551.4607520564043,0.2553,0.0
Brazil,BRA,1995,13550.439,South America,90.0,5.79,161735079.0,2340.317616580311,0.17370000000000002,0.0
Brazil,BRA,1996,13641.63,South America,90.0,8.51,12687083.0,1603.011750881316,0.2553,0.0
Brazil,BRA,1997,13896.625,South America,90.0,8.51,12687083.0,1632.975910693302,0.2553,0.0
Brazil,BRA,1998,13737.703,South America,90.0,8.51,12687083.0,1614.3011750881317,0.2553,0.0
Brazil,BRA,1999,13602.414,South America,90.0,8.51,12687083.0,1598.403525264395,0.2553,0.0
Brazil,BRA,2000,14005.348,South America,86.0,6.76,174018278.0,2071.7970414201186,0.19378666666666666,-4.444444444444439
Brazil,BRA,2001,14016.132,South America,90.0,8.51,12687083.0,1647.019036427732,0.2553,4.651162790697683
Brazil,BRA,2002,14265.905,South America,90.0,8.51,12687083.0,1676.3695652173915,0.2553,0.0
Brazil,BRA,2003,14259.366,South America,90.0,8.51,12687083.0,1675.6011750881316,0.2553,0.0
Brazil,BRA,2004,14911.261,South America,89.0,8.51,182675144.0,1752.2045828437133,0.2524633333333334,-1.1111111111111072
Brazil,BRA,2005,15221.014,South America,90.0,7.67,184688101.0,1984.4868318122556,0.2301,1.1235955056179803
Brazil,BRA,2006,15657.4795,South America,90.0,8.51,186653099.0,1839.8918331374853,0.2553,0.0
Brazil,BRA,2007,16440.584,South America,90.0,8.51,188552311.0,1931.9135135135134,0.2553,0.0
Brazil,BRA,2008,17113.367,South America,90.0,8.51,190367297.0,2010.9714453584018,0.2553,0.0
Brazil,BRA,2009,16939.441,South America,90.0,8.51,192079958.0,1990.533607520564,0.2553,0.0
Brazil,BRA,2010,18062.158,South America,90.0,8.17,193701931.0,2210.790452876377,0.24509999999999998,0.0
Brazil,BRA,2011,18627.81,South America,91.0,8.51,195284736.0,2188.931844888367,0.2581366666666667,1.1111111111111072
Brazil,BRA,2012,18832.219,South America,91.0,8.51,196876113.0,2212.951703877791,0.2581366666666667,0.0
Brazil,BRA,2013,19241.506,South America,91.0,8.51,198478290.0,2261.046533490012,0.2581366666666667,0.0
Brazil,BRA,2014,19183.172,South America,92.0,8.51,200085126.0,2254.1917743830786,0.26097333333333333,1.098901098901095
Brazil,BRA,2015,18357.068,South America,92.0,7.66,201675534.0,2396.4840731070494,0.2349066666666667,0.0
Brazil,BRA,2016,17620.928,South America,93.0,8.51,203218108.0,2070.6143360752058,0.26381000000000004,1.0869565217391353
Brazil,BRA,2017,17724.48,South America,93.0,8.51,204703440.0,2082.782608695652,0.26381000000000004,0.0
Brazil,BRA,2018,17917.75,South America,93.0,8.51,206107265.0,2105.493537015276,0.26381000000000004,0.0
Brazil,BRA,2019,18018.621,South America,90.0,8.51,12687083.0,2117.346768507638,0.2553,-3.2258064516129004
Brazil,BRA,2020,17327.516,South America,90.0,8.0,208660845.0,2165.9395,0.24,0.0
Brazil,BRA,2021,18075.705,South America,90.0,8.51,12687083.0,2124.0546415981203,0.2553,0.0
Brazil,BRA,2022,18554.047,South America,90.0,8.51,12687083.0,2180.2640423031726,0.2553,0.0
Brazil,BRA,2023,19079.812,South America,90.0,8.51,12687083.0,2242.0460634547594,0.2553,0.0
Brunei,BRN,1990,118163.68,Asia,90.0,8.51,12687083.0,13885.273795534664,0.2553,0.0
Brunei,BRN,1991,118220.69,Asia,88.0,8.51,262604.0,13891.972972972973,0.2496266666666667,-2.2222222222222254
Brunei,BRN,1992,111457.22,Asia,90.0,8.51,12687083.0,13097.205640423032,0.2553,2.2727272727272707
Brunei,BRN,1993,107899.13,Asia,90.0,8.51,12687083.0,12679.098707403056,0.2553,0.0
Brunei,BRN,1994,106239.234,Asia,90.0,8.51,12687083.0,12484.046298472385,0.2553,0.0
Brunei,BRN,1995,105043.85,Asia,90.0,8.51,12687083.0,12343.578143360754,0.2553,0.0
Brunei,BRN,1996,102522.125,Asia,90.0,8.51,12687083.0,12047.253231492363,0.2553,0.0
Brunei,BRN,1997,106503.42,Asia,90.0,8.51,12687083.0,12515.090481786134,0.2553,0.0
Brunei,BRN,1998,97171.64,Asia,90.0,8.51,12687083.0,11418.524089306698,0.2553,0.0
Brunei,BRN,1999,99083.32,Asia,90.0,8.51,12687083.0,11643.163337250295,0.2553,0.0
Brunei,BRN,2000,100323.44,Asia,90.0,8.51,12687083.0,11788.888366627498,0.2553,0.0
Brunei,BRN,2001,99680.766,Asia,93.0,8.51,333353.0,11713.368507638073,0.26381000000000004,3.3333333333333437
Brunei,BRN,2002,101571.586,Asia,90.0,8.51,12687083.0,11935.55652173913,0.2553,-3.2258064516129004
Brunei,BRN,2003,103226.914,Asia,90.0,8.51,12687083.0,12130.072150411283,0.2553,0.0
Brunei,BRN,2004,101497.76,Asia,90.0,8.51,12687083.0,11926.881316098707,0.2553,0.0
Brunei,BRN,2005,99795.69,Asia,90.0,8.51,12687083.0,11726.873090481788,0.2553,0.0
Brunei,BRN,2006,102248.51,Asia,90.0,8.51,12687083.0,12015.101057579319,0.2553,0.0
Brunei,BRN,2007,96752.62,Asia,90.0,8.51,12687083.0,11369.28554641598,0.2553,0.0
Brunei,BRN,2008,91275.5,Asia,90.0,8.51,12687083.0,10725.675675675677,0.2553,0.0
Brunei,BRN,2009,87875.83,Asia,90.0,8.51,12687083.0,10326.184488836663,0.2553,0.0
Brunei,BRN,2010,88586.516,Asia,90.0,8.51,12687083.0,10409.696357226792,0.2553,0.0
Brunei,BRN,2011,90279.664,Asia,96.0,8.51,399395.0,10608.656169212692,0.27232,6.666666666666665
Brunei,BRN,2012,89718.46,Asia,90.0,8.51,12687083.0,10542.709753231493,0.2553,-6.25
Brunei,BRN,2013,86606.65,Asia,90.0,8.51,12687083.0,10177.044653349001,0.2553,0.0
Brunei,BRN,2014,83310.62,Asia,90.0,8.51,12687083.0,9789.732079905993,0.2553,0.0
Brunei,BRN,2015,81910.19,Asia,90.0,9.08,422223.0,9020.94603524229,0.27240000000000003,0.0
Brunei,BRN,2016,78880.625,Asia,90.0,8.51,12687083.0,9269.168625146885,0.2553,0.0
Brunei,BRN,2017,78966.87,Asia,90.0,8.51,12687083.0,9279.303172737955,0.2553,0.0
Brunei,BRN,2018,78099.05,Asia,90.0,8.51,12687083.0,9177.326674500588,0.2553,0.0
Brunei,BRN,2019,80228.16,Asia,90.0,8.51,12687083.0,9427.515863689778,0.2553,0.0
Brunei,BRN,2020,80280.9,Asia,90.0,9.28,447411.0,8650.959051724138,0.2784,0.0
Brunei,BRN,2021,78248.8,Asia,90.0,8.51,12687083.0,9194.923619271445,0.2553,0.0
Brunei,BRN,2022,76357.83,Asia,90.0,8.51,12687083.0,8972.717978848414,0.2553,0.0
Brunei,BRN,2023,76616.7,Asia,90.0,8.51,12687083.0,9003.137485311398,0.2553,0.0
Bulgaria,BGR,1990,14954.961,Europe,90.0,8.68,8822366.0,1722.9217741935483,0.2604,0.0
Bulgaria,BGR,1991,13828.244,Europe,90.0,8.51,12687083.0,1624.9405405405407,0.2553,0.0
Bulgaria,BGR,1992,12961.038,Europe,90.0,8.51,12687083.0,1523.0361927144536,0.2553,0.0
Bulgaria,BGR,1993,12871.45,Europe,90.0,8.51,12687083.0,1512.5088131609873,0.2553,0.0
Bulgaria,BGR,1994,13150.034,Europe,90.0,8.51,12687083.0,1545.2448883666275,0.2553,0.0
Bulgaria,BGR,1995,13591.41,Europe,90.0,9.31,8357576.0,1459.8721804511276,0.27930000000000005,0.0
Bulgaria,BGR,1996,14372.831,Europe,90.0,8.51,12687083.0,1688.934312573443,0.2553,0.0
Bulgaria,BGR,1997,12419.431,Europe,90.0,8.51,12687083.0,1459.392596944771,0.2553,0.0
Bulgaria,BGR,1998,12976.321,Europe,90.0,8.51,12687083.0,1524.832079905993,0.2553,0.0
Bulgaria,BGR,1999,11953.647,Europe,90.0,8.51,12687083.0,1404.6588719153938,0.2553,0.0
Bulgaria,BGR,2000,12563.888,Europe,90.0,9.65,8000519.0,1301.9573056994818,0.2895,0.0
Bulgaria,BGR,2001,13306.56,Europe,98.0,8.51,7928455.0,1563.638072855464,0.2779933333333333,8.888888888888879
Bulgaria,BGR,2002,14397.061,Europe,90.0,8.51,12687083.0,1691.7815511163337,0.2553,-8.163265306122447
Bulgaria,BGR,2003,15271.547,Europe,90.0,8.51,12687083.0,1794.5413631022327,0.2553,0.0
Bulgaria,BGR,2004,16389.027,Europe,90.0,8.51,12687083.0,1925.8551116333724,0.2553,0.0
Bulgaria,BGR,2005,17678.107,Europe,90.0,10.61,7695047.0,1666.174081055608,0.31829999999999997,0.0
Bulgaria,BGR,2006,19024.623,Europe,90.0,8.51,12687083.0,2235.560869565217,0.2553,0.0
Bulgaria,BGR,2007,20440.338,Europe,90.0,8.51,12687083.0,2401.919858989424,0.2553,0.0
Bulgaria,BGR,2008,21846.045,Europe,90.0,8.51,12687083.0,2567.102820211516,0.2553,0.0
Bulgaria,BGR,2009,21251.305,Europe,90.0,8.51,12687083.0,2497.2156286721506,0.2553,0.0
Bulgaria,BGR,2010,21724.377,Europe,90.0,11.07,7437594.0,1962.4550135501354,0.3321,0.0
Bulgaria,BGR,2011,22321.125,Europe,98.0,8.51,7380023.0,2622.9289071680378,0.2779933333333333,8.888888888888879
Bulgaria,BGR,2012,22618.904,Europe,90.0,8.51,12687083.0,2657.920564042303,0.2553,-8.163265306122447
Bulgaria,BGR,2013,22954.492,Europe,90.0,8.51,12687083.0,2697.3551116333724,0.2553,0.0
Bulgaria,BGR,2014,23455.58,Europe,90.0,8.51,12687083.0,2756.2373678025856,0.2553,0.0
Bulgaria,BGR,2015,24562.75,Europe,90.0,10.71,7177515.0,2293.44070961718,0.32130000000000003,0.0
Bulgaria,BGR,2016,25636.852,Europe,90.0,8.51,12687083.0,3012.5560517038775,0.2553,0.0
Bulgaria,BGR,2017,26691.87,Europe,90.0,8.51,12687083.0,3136.529964747356,0.2553,0.0
Bulgaria,BGR,2018,27691.01,Europe,90.0,8.51,12687083.0,3253.9377203290246,0.2553,0.0
Bulgaria,BGR,2019,29150.043,Europe,90.0,8.51,12687083.0,3425.386956521739,0.2553,0.0
Bulgaria,BGR,2020,28521.324,Europe,90.0,10.75,6933656.0,2653.146418604651,0.3225,0.0
Bulgaria,BGR,2021,30959.111,Europe,90.0,8.51,12687083.0,3637.9683901292597,0.2553,0.0
Bulgaria,BGR,2022,32433.793,Europe,90.0,8.51,12687083.0,3811.2565217391307,0.2553,0.0
Bulgaria,BGR,2023,33073.816,Europe,90.0,8.51,12687083.0,3886.464864864865,0.2553,0.0
Burkina Faso,BFA,1990,1107.856,Africa,90.0,8.51,12687083.0,130.1828437132785,0.2553,0.0
Burkina Faso,BFA,1991,1178.077,Africa,14.0,8.51,9394631.0,138.43443008225617,0.03971333333333334,-84.44444444444444
Burkina Faso,BFA,1992,1152.0448,Africa,90.0,8.51,12687083.0,135.37541715628672,0.2553,542.8571428571429
Burkina Faso,BFA,1993,1162.6493,Africa,90.0,8.51,12687083.0,136.6215393654524,0.2553,0.0
Burkina Faso,BFA,1994,1148.6072,Africa,90.0,8.51,12687083.0,134.9714688601645,0.2553,0.0
Burkina Faso,BFA,1995,1183.5286,Africa,90.0,8.51,12687083.0,139.07504112808462,0.2553,0.0
Burkina Faso,BFA,1996,1280.696,Africa,13.0,8.51,10655943.0,150.49306698002349,0.03687666666666667,-85.55555555555556
Burkina Faso,BFA,1997,1326.9423,Africa,90.0,8.51,12687083.0,155.92741480611045,0.2553,592.3076923076924
Burkina Faso,BFA,1998,1385.0931,Africa,90.0,8.51,12687083.0,162.7606462984724,0.2553,0.0
Burkina Faso,BFA,1999,1444.5669,Africa,90.0,8.51,12687083.0,169.7493419506463,0.2553,0.0
Burkina Faso,BFA,2000,1428.574,Africa,90.0,8.51,12687083.0,167.87003525264396,0.2553,0.0
Burkina Faso,BFA,2001,1477.2849,Africa,90.0,8.51,12687083.0,173.5939952996475,0.2553,0.0
Burkina Faso,BFA,2002,1494.678,Africa,90.0,8.51,12687083.0,175.63783783783785,0.2553,0.0
Burkina Faso,BFA,2003,1561.8331,Africa,22.0,8.51,13082530.0,183.52915393654524,0.06240666666666667,-75.55555555555556
Burkina Faso,BFA,2004,1581.2562,Africa,90.0,8.51,12687083.0,185.8115393654524,0.2553,309.09090909090907
Burkina Faso,BFA,2005,1664.9955,Africa,24.0,8.51,13932127.0,195.65164512338427,0.06808,-73.33333333333334
Burkina Faso,BFA,2006,1714.7604,Africa,22.0,8.51,14373713.0,201.49945945945944,0.06240666666666667,-8.333333333333337
Burkina Faso,BFA,2007,1731.9304,Africa,28.0,8.51,14816313.0,203.51708578143362,0.07942666666666667,27.27272727272727
Burkina Faso,BFA,2008,1779.3271,Africa,90.0,8.51,12687083.0,209.08661574618097,0.2553,221.42857142857144
Burkina Faso,BFA,2009,1779.323,Africa,90.0,8.51,12687083.0,209.08613396004702,0.2553,0.0
Burkina Faso,BFA,2010,1873.9714,Africa,90.0,8.51,12687083.0,220.20815511163337,0.2553,0.0
Burkina Faso,BFA,2011,1939.8666,Africa,90.0,8.51,12687083.0,227.95142185663926,0.2553,0.0
Burkina Faso,BFA,2012,2003.6647,Africa,90.0,8.51,12687083.0,235.44826086956522,0.2553,0.0
Burkina Faso,BFA,2013,2057.064,Africa,90.0,8.51,12687083.0,241.7231492361927,0.2553,0.0
Burkina Faso,BFA,2014,2083.1985,Africa,35.0,8.51,18229466.0,244.79418331374853,0.09928333333333333,-61.111111111111114
Burkina Faso,BFA,2015,2101.7026,Africa,90.0,8.51,12687083.0,246.96857814336076,0.2553,157.14285714285717
Burkina Faso,BFA,2016,2162.7258,Africa,90.0,8.51,12687083.0,254.13934195064633,0.2553,0.0
Burkina Faso,BFA,2017,2232.2878,Africa,90.0,8.51,12687083.0,262.3134900117509,0.2553,0.0
Burkina Faso,BFA,2018,2316.3943,Africa,39.0,8.51,20438289.0,272.1967450058754,0.11063,-56.666666666666664
Burkina Faso,BFA,2019,2391.5364,Africa,30.0,8.51,20961956.0,281.02660399529964,0.0851,-23.076923076923073
Burkina Faso,BFA,2020,2380.9316,Africa,90.0,8.51,12687083.0,279.78044653349,0.2553,200.0
Burkina Faso,BFA,2021,2486.431,Africa,36.96738,8.51,21995249.0,292.17755581668627,0.1048641346,-58.925133333333335
Burkina Faso,BFA,2022,2469.1995,Africa,40.92361,8.51,22509038.0,290.15270270270275,0.11608664036666667,10.701948582777575
Burkina Faso,BFA,2023,2486.2068,Africa,90.0,8.51,12687083.0,292.15121034077555,0.2553,119.92194725734117
Burundi,BDI,1990,1460.2765,Africa,37.0,8.51,5587051.0,171.59535840188013,0.10495666666666667,-58.88888888888889
Burundi,BDI,1991,1501.846,Africa,90.0,8.51,12687083.0,176.4801410105758,0.2553,143.24324324324326
Burundi,BDI,1992,1476.9944,Africa,90.0,8.51,12687083.0,173.5598589894242,0.2553,0.0
Burundi,BDI,1993,1429.1213,Africa,90.0,8.51,12687083.0,167.93434782608696,0.2553,0.0
Burundi,BDI,1994,1365.4835,Africa,90.0,8.51,12687083.0,160.4563454759107,0.2553,0.0
Burundi,BDI,1995,1184.284,Africa,90.0,8.51,12687083.0,139.16380728554643,0.2553,0.0
Burundi,BDI,1996,1088.7893,Africa,90.0,8.51,12687083.0,127.94233842538189,0.2553,0.0
Burundi,BDI,1997,1071.5594,Africa,90.0,8.51,12687083.0,125.91767332549942,0.2553,0.0
Burundi,BDI,1998,1101.2205,Africa,90.0,8.51,12687083.0,129.40311398354876,0.2553,0.0
Burundi,BDI,1999,1064.2876,Africa,90.0,8.51,12687083.0,125.06317273795537,0.2553,0.0
Burundi,BDI,2000,1033.4719,Africa,59.0,8.51,6470196.0,121.44205640423031,0.16736333333333334,-34.44444444444444
Burundi,BDI,2001,1028.6185,Africa,90.0,8.51,12687083.0,120.87173913043479,0.2553,52.542372881355924
Burundi,BDI,2002,1044.4802,Africa,90.0,8.51,12687083.0,122.73562867215041,0.2553,0.0
Burundi,BDI,2003,999.6158,Africa,90.0,8.51,12687083.0,117.46366627497063,0.2553,0.0
Burundi,BDI,2004,1009.5892,Africa,90.0,8.51,12687083.0,118.63562867215042,0.2553,0.0
Burundi,BDI,2005,981.5332,Africa,90.0,8.51,12687083.0,115.33880141010576,0.2553,0.0
Burundi,BDI,2006,998.06946,Africa,90.0,8.51,12687083.0,117.28195769682728,0.2553,0.0
Burundi,BDI,2007,994.96356,Africa,90.0,8.51,12687083.0,116.91698707403056,0.2553,0.0
Burundi,BDI,2008,1001.6175,Africa,48.0,8.51,8505643.0,117.69888366627497,0.13616,-46.666666666666664
Burundi,BDI,2009,988.19635,Africa,90.0,8.51,12687083.0,116.1217802585194,0.2553,87.5
Burundi,BDI,2010,991.0389,Africa,90.0,8.51,12687083.0,116.45580493537015,0.2553,0.0
Burundi,BDI,2011,994.6912,Africa,90.0,8.51,12687083.0,116.88498237367803,0.2553,0.0
Burundi,BDI,2012,1002.27454,Africa,90.0,8.51,12687083.0,117.77609165687427,0.2553,0.0
Burundi,BDI,2013,1014.5231,Africa,90.0,8.51,12687083.0,119.2154054054054,0.2553,0.0
Burundi,BDI,2014,1022.29156,Africa,62.0,8.51,10799789.0,120.128267920094,0.17587333333333333,-31.11111111111111
Burundi,BDI,2015,995.3191,Africa,90.0,4.3,11047581.0,231.4695581395349,0.129,45.16129032258065
Burundi,BDI,2016,1009.636,Africa,65.68774,8.51,11239459.0,118.64112808460635,0.1863342224666667,-27.01362222222221
Burundi,BDI,2017,1023.9704,Africa,68.0,8.51,11506764.0,120.32554641598121,0.19289333333333336,3.520078480398303
Burundi,BDI,2018,1046.5951,Africa,90.0,8.51,12687083.0,122.98414806110459,0.2553,32.35294117647059
Burundi,BDI,2019,1057.9501,Africa,90.0,8.51,12687083.0,124.31846063454759,0.2553,0.0
Burundi,BDI,2020,1030.7703,Africa,90.0,5.05,12617041.0,204.1129306930693,0.1515,0.0
Burundi,BDI,2021,1035.5386,Africa,90.0,8.51,12687083.0,121.68491186839015,0.2553,0.0
Burundi,BDI,2022,1031.2542,Africa,90.0,8.51,12687083.0,121.18145710928322,0.2553,0.0
Burundi,BDI,2023,1036.1671,Africa,90.0,8.51,12687083.0,121.7587661574618,0.2553,0.0
Cambodia,KHM,1990,2646.098,Asia,90.0,3.2,7374754.0,826.905625,0.096,0.0
Cambodia,KHM,1991,2731.3796,Asia,90.0,8.51,12687083.0,320.96117508813165,0.2553,0.0
Cambodia,KHM,1992,2769.4883,Asia,90.0,8.51,12687083.0,325.4392831962397,0.2553,0.0
Cambodia,KHM,1993,2714.5916,Asia,90.0,8.51,12687083.0,318.988437132785,0.2553,0.0
Cambodia,KHM,1994,1650.391,Asia,90.0,8.51,12687083.0,193.93548766157463,0.2553,0.0
Cambodia,KHM,1995,1672.7393,Asia,90.0,3.41,10018500.0,490.53938416422284,0.1023,0.0
Cambodia,KHM,1996,1643.0157,Asia,90.0,8.51,12687083.0,193.06882491186838,0.2553,0.0
Cambodia,KHM,1997,1595.1713,Asia,90.0,8.51,12687083.0,187.44668625146886,0.2553,0.0
Cambodia,KHM,1998,1602.3837,Asia,67.0,8.51,12058180.0,188.2942068155112,0.19005666666666668,-25.555555555555554
Cambodia,KHM,1999,1775.4124,Asia,90.0,8.51,12687083.0,208.62660399529963,0.2553,34.32835820895524
Cambodia,KHM,2000,1922.0317,Asia,90.0,3.64,12462343.0,528.0306868131868,0.1092,0.0
Cambodia,KHM,2001,2032.0809,Asia,90.0,8.51,12687083.0,238.78741480611046,0.2553,0.0
Cambodia,KHM,2002,2126.3416,Asia,90.0,8.51,12687083.0,249.86387779083435,0.2553,0.0
Cambodia,KHM,2003,2309.8394,Asia,90.0,8.51,12687083.0,271.42648648648645,0.2553,0.0
Cambodia,KHM,2004,2491.3093,Asia,74.0,8.51,13244737.0,292.7507990599295,0.20991333333333334,-17.777777777777782
Cambodia,KHM,2005,2781.8904,Asia,90.0,4.26,13439203.0,653.0259154929578,0.1278,21.62162162162162
Cambodia,KHM,2006,3041.1047,Asia,90.0,8.51,12687083.0,357.3566039952996,0.2553,0.0
Cambodia,KHM,2007,3308.1575,Asia,90.0,8.51,12687083.0,388.7376615746181,0.2553,0.0
Cambodia,KHM,2008,3501.9258,Asia,77.0,8.51,14053479.0,411.5071445358402,0.21842333333333336,-14.444444444444448
Cambodia,KHM,2009,3587.609,Asia,76.0,8.51,14276819.0,421.57567567567565,0.21558666666666668,-1.2987012987012991
Cambodia,KHM,2010,3711.5376,Asia,90.0,4.94,14500730.0,751.3234008097165,0.14820000000000003,18.421052631578938
Cambodia,KHM,2011,3921.979,Asia,90.0,8.51,12687083.0,460.8670975323149,0.2553,0.0
Cambodia,KHM,2012,4159.1636,Asia,90.0,8.51,12687083.0,488.7383783783784,0.2553,0.0
Cambodia,KHM,2013,4419.399,Asia,90.0,8.51,12687083.0,519.3183313748532,0.2553,0.0
Cambodia,KHM,2014,4702.7305,Asia,78.0,8.51,15396771.0,552.6122796709753,0.22126,-13.33333333333333
Cambodia,KHM,2015,4968.5728,Asia,81.0,5.32,15623253.0,933.9422556390977,0.14364000000000002,3.8461538461538547
Cambodia,KHM,2016,5283.7295,Asia,90.0,8.51,12687083.0,620.8847826086957,0.2553,11.111111111111116
Cambodia,KHM,2017,5632.0312,Asia,90.0,8.51,12687083.0,661.8133019976499,0.2553,0.0
Cambodia,KHM,2018,6050.591,Asia,90.0,8.51,12687083.0,710.99776733255,0.2553,0.0
Cambodia,KHM,2019,6448.885,Asia,90.0,8.51,12687083.0,757.8008225616921,0.2553,0.0
Cambodia,KHM,2020,6128.782,Asia,90.0,5.81,16725484.0,1054.8678141135974,0.17429999999999998,0.0
Cambodia,KHM,2021,6225.5327,Asia,71.92725,8.51,16974309.0,731.5549588719153,0.2040336325,-20.080833333333338
Cambodia,KHM,2022,6458.368,Asia,90.0,8.51,12687083.0,758.9151586368978,0.2553,25.12642983014086
Cambodia,KHM,2023,6695.292,Asia,90.0,8.51,12687083.0,786.7558166862515,0.2553,0.0
Cameroon,CMR,1990,4517.6187,Africa,90.0,4.65,11331827.0,971.5309032258064,0.1395,0.0
Cameroon,CMR,1991,4220.653,Africa,90.0,8.51,12687083.0,495.9639247943596,0.2553,0.0
Cameroon,CMR,1992,3974.2776,Africa,90.0,8.51,12687083.0,467.0126439482961,0.2553,0.0
Cameroon,CMR,1993,3556.3186,Africa,90.0,8.51,12687083.0,417.89877790834316,0.2553,0.0
Cameroon,CMR,1994,3522.7488,Africa,90.0,8.51,12687083.0,413.95403055229144,0.2553,0.0
Cameroon,CMR,1995,3526.5437,Africa,90.0,5.3,13058517.0,665.385603773585,0.159,0.0
Cameroon,CMR,1996,3577.592,Africa,90.0,8.51,12687083.0,420.3985898942421,0.2553,0.0
Cameroon,CMR,1997,3641.7075,Africa,90.0,8.51,12687083.0,427.9327262044653,0.2553,0.0
Cameroon,CMR,1998,3714.132,Africa,90.0,8.51,12687083.0,436.4432432432433,0.2553,0.0
Cameroon,CMR,1999,3780.0623,Africa,90.0,8.51,12687083.0,444.19063454759106,0.2553,0.0
Cameroon,CMR,2000,3822.9443,Africa,68.0,5.76,14912632.0,663.705607638889,0.13056,-24.444444444444446
Cameroon,CMR,2001,3884.873,Africa,90.0,8.51,12687083.0,456.5068155111634,0.2553,32.35294117647059
Cameroon,CMR,2002,3951.4194,Africa,90.0,8.51,12687083.0,464.3266039952997,0.2553,0.0
Cameroon,CMR,2003,4054.7812,Africa,90.0,8.51,12687083.0,476.472526439483,0.2553,0.0
Cameroon,CMR,2004,4222.9663,Africa,90.0,8.51,12687083.0,496.2357579318449,0.2553,0.0
Cameroon,CMR,2005,4199.7227,Africa,90.0,6.06,17074599.0,693.0235478547855,0.1818,0.0
Cameroon,CMR,2006,4241.5176,Africa,90.0,8.51,12687083.0,498.41569917743834,0.2553,0.0
Cameroon,CMR,2007,4302.619,Africa,71.0,8.51,18049897.0,505.59565217391304,0.20140333333333332,-21.111111111111114
Cameroon,CMR,2008,4300.2666,Africa,90.0,8.51,12687083.0,505.3192244418331,0.2553,26.7605633802817
Cameroon,CMR,2009,4286.577,Africa,90.0,8.51,12687083.0,503.71057579318455,0.2553,0.0
Cameroon,CMR,2010,4286.583,Africa,71.0,6.41,19668063.0,668.7336973478939,0.15170333333333333,-21.111111111111114
Cameroon,CMR,2011,4307.852,Africa,90.0,8.51,12687083.0,506.2105757931845,0.2553,26.7605633802817
Cameroon,CMR,2012,4382.1113,Africa,90.0,8.51,12687083.0,514.9366980023501,0.2553,0.0
Cameroon,CMR,2013,4473.5723,Africa,90.0,8.51,12687083.0,525.6841715628672,0.2553,0.0
Cameroon,CMR,2014,4588.4863,Africa,90.0,8.51,12687083.0,539.1875793184488,0.2553,0.0
Cameroon,CMR,2015,4698.667,Africa,90.0,7.05,22763418.0,666.4775886524824,0.2115,0.0
Cameroon,CMR,2016,4767.132,Africa,90.0,8.51,12687083.0,560.1800235017625,0.2553,0.0
Cameroon,CMR,2017,4797.9756,Africa,90.0,8.51,12687083.0,563.8044183313748,0.2553,0.0
Cameroon,CMR,2018,4851.48,Africa,72.54713,8.51,24806377.0,570.0916568742655,0.20579202543333333,-19.392077777777782
Cameroon,CMR,2019,4882.3555,Africa,90.0,8.51,12687083.0,573.7198002350176,0.2553,24.05728524339972
Cameroon,CMR,2020,4763.482,Africa,90.0,7.37,26210566.0,646.3340569877884,0.22110000000000002,0.0
Cameroon,CMR,2021,4793.556,Africa,90.0,8.51,12687083.0,563.2850763807285,0.2553,0.0
Cameroon,CMR,2022,4843.6504,Africa,90.0,8.51,12687083.0,569.1716098707403,0.2553,0.0
Cameroon,CMR,2023,4875.251,Africa,90.0,8.51,12687083.0,572.8849588719154,0.2553,0.0
Canada,CAN,1990,40475.113,North America,90.0,10.71,27789437.0,3779.1888888888884,0.32130000000000003,0.0
Canada,CAN,1991,39139.312,North America,90.0,8.51,12687083.0,4599.214101057579,0.2553,0.0
Canada,CAN,1992,39023.184,North America,90.0,8.51,12687083.0,4585.56803760282,0.2553,0.0
Canada,CAN,1993,39622.48,North America,90.0,8.51,12687083.0,4655.990599294948,0.2553,0.0
Canada,CAN,1994,40952.137,North America,90.0,8.51,12687083.0,4812.237015276146,0.2553,0.0
Canada,CAN,1995,41617.723,North America,90.0,11.11,29459138.0,3745.969666966697,0.3333,0.0
Canada,CAN,1996,41880.55,North America,90.0,8.51,12687083.0,4921.333725029378,0.2553,0.0
Canada,CAN,1997,43241.242,North America,90.0,8.51,12687083.0,5081.227027027027,0.2553,0.0
Canada,CAN,1998,44553.28,North America,90.0,8.51,12687083.0,5235.403055229142,0.2553,0.0
Canada,CAN,1999,46464.547,North America,90.0,8.51,12687083.0,5459.993772032903,0.2553,0.0
Canada,CAN,2000,48399.305,North America,90.0,11.39,30891800.0,4249.280509218613,0.34170000000000006,0.0
Canada,CAN,2001,48774.168,North America,90.0,8.51,12687083.0,5731.394594594594,0.2553,0.0
Canada,CAN,2002,49695.008,North America,90.0,8.51,12687083.0,5839.601410105758,0.2553,0.0
Canada,CAN,2003,50139.785,North America,90.0,8.51,12687083.0,5891.866627497063,0.2553,0.0
Canada,CAN,2004,51210.68,North America,90.0,8.51,12687083.0,6017.706227967098,0.2553,0.0
Canada,CAN,2005,52356.56,North America,90.0,12.49,32440172.0,4191.878302642113,0.37470000000000003,0.0
Canada,CAN,2006,53195.78,North America,90.0,8.51,12687083.0,6250.972972972973,0.2553,0.0
Canada,CAN,2007,53761.863,North America,90.0,8.51,12687083.0,6317.492714453584,0.2553,0.0
Canada,CAN,2008,53711.68,North America,90.0,8.51,12687083.0,6311.595769682726,0.2553,0.0
Canada,CAN,2009,51552.42,North America,90.0,8.51,12687083.0,6057.863689776733,0.2553,0.0
Canada,CAN,2010,52558.44,North America,90.0,12.74,34196900.0,4125.466248037676,0.38220000000000004,0.0
Canada,CAN,2011,53681.13,North America,90.0,8.51,12687083.0,6308.005875440658,0.2553,0.0
Canada,CAN,2012,54034.805,North America,90.0,8.51,12687083.0,6349.565804935371,0.2553,0.0
Canada,CAN,2013,54712.18,North America,90.0,8.51,12687083.0,6429.163337250294,0.2553,0.0
Canada,CAN,2014,55723.484,North America,90.0,8.51,12687083.0,6548.000470035253,0.2553,0.0
Canada,CAN,2015,55660.867,North America,90.0,12.83,35962236.0,4338.337256430242,0.3849,0.0
Canada,CAN,2016,55606.156,North America,90.0,8.51,12687083.0,6534.213396004701,0.2553,0.0
Canada,CAN,2017,56612.33,North America,90.0,8.51,12687083.0,6652.447708578144,0.2553,0.0
Canada,CAN,2018,57337.492,North America,90.0,8.51,12687083.0,6737.660634547591,0.2553,0.0
Canada,CAN,2019,57583.848,North America,90.0,8.51,12687083.0,6766.609635722679,0.2553,0.0
Canada,CAN,2020,54092.88,North America,90.0,12.93,38171903.0,4183.517401392111,0.3879,0.0
Canada,CAN,2021,56995.117,North America,90.0,8.51,12687083.0,6697.428554641598,0.2553,0.0
Canada,CAN,2022,58321.062,North America,90.0,8.51,12687083.0,6853.238777908343,0.2553,0.0
Canada,CAN,2023,57517.44,North America,90.0,8.51,12687083.0,6758.806110458285,0.2553,0.0
Cape Verde,CPV,1990,1848.7587,Africa,63.0,8.51,375437.0,217.24544065804938,0.17871,-30.000000000000004
Cape Verde,CPV,1991,1830.076,Africa,90.0,8.51,12687083.0,215.0500587544066,0.2553,42.85714285714286
Cape Verde,CPV,1992,1984.6807,Africa,90.0,8.51,12687083.0,233.21747356051702,0.2553,0.0
Cape Verde,CPV,1993,2111.6213,Africa,90.0,8.51,12687083.0,248.13411280846063,0.2553,0.0
Cape Verde,CPV,1994,2465.994,Africa,90.0,8.51,12687083.0,289.7760282021152,0.2553,0.0
Cape Verde,CPV,1995,2763.3972,Africa,90.0,8.51,12687083.0,324.7235252643948,0.2553,0.0
Cape Verde,CPV,1996,3022.8882,Africa,90.0,8.51,12687083.0,355.2160047003525,0.2553,0.0
Cape Verde,CPV,1997,3302.974,Africa,90.0,8.51,12687083.0,388.12855464159816,0.2553,0.0
Cape Verde,CPV,1998,3657.381,Africa,90.0,8.51,12687083.0,429.7745005875441,0.2553,0.0
Cape Verde,CPV,1999,4006.4797,Africa,90.0,8.51,12687083.0,470.7966745005875,0.2553,0.0
Cape Verde,CPV,2000,4510.1357,Africa,90.0,8.51,12687083.0,529.9806933019977,0.2553,0.0
Cape Verde,CPV,2001,4540.907,Africa,90.0,8.51,12687083.0,533.5965922444184,0.2553,0.0
Cape Verde,CPV,2002,4710.241,Africa,90.0,8.51,12687083.0,553.4948296122209,0.2553,0.0
Cape Verde,CPV,2003,4841.2656,Africa,90.0,8.51,12687083.0,568.8913748531139,0.2553,0.0
Cape Verde,CPV,2004,5268.303,Africa,90.0,8.51,12687083.0,619.0720329024676,0.2553,0.0
Cape Verde,CPV,2005,5565.7695,Africa,90.0,8.51,12687083.0,654.0269682726205,0.2553,0.0
Cape Verde,CPV,2006,5941.3823,Africa,90.0,8.51,12687083.0,698.1647826086956,0.2553,0.0
Cape Verde,CPV,2007,6767.4067,Africa,90.0,8.51,12687083.0,795.2299294947121,0.2553,0.0
Cape Verde,CPV,2008,7169.1396,Africa,90.0,8.51,12687083.0,842.4370857814337,0.2553,0.0
Cape Verde,CPV,2009,6994.574,Africa,90.0,8.51,12687083.0,821.924089306698,0.2553,0.0
Cape Verde,CPV,2010,7072.1216,Africa,90.0,8.51,12687083.0,831.036615746181,0.2553,0.0
Cape Verde,CPV,2011,7325.784,Africa,90.0,8.51,12687083.0,860.8441833137485,0.2553,0.0
Cape Verde,CPV,2012,7397.8223,Africa,85.0,8.51,511966.0,869.3093184488837,0.24111666666666667,-5.555555555555558
Cape Verde,CPV,2013,7440.6626,Africa,90.0,8.51,12687083.0,874.3434312573443,0.2553,5.882352941176472
Cape Verde,CPV,2014,7491.022,Africa,90.0,8.51,12687083.0,880.2611045828437,0.2553,0.0
Cape Verde,CPV,2015,7560.1367,Africa,87.0,8.51,512405.0,888.3826909518214,0.24679,-3.3333333333333326
Cape Verde,CPV,2016,7881.303,Africa,90.0,8.51,12687083.0,926.122561692127,0.2553,3.4482758620689724
Cape Verde,CPV,2017,8234.56,Africa,90.0,8.51,12687083.0,967.6333725029377,0.2553,0.0
Cape Verde,CPV,2018,8531.13,Africa,90.0,8.51,12687083.0,1002.4829612220916,0.2553,0.0
Cape Verde,CPV,2019,9111.63,Africa,90.0,8.51,12687083.0,1070.6968272620445,0.2553,0.0
Cape Verde,CPV,2020,7207.8687,Africa,90.0,8.51,12687083.0,846.9880963572268,0.2553,0.0
Cape Verde,CPV,2021,7685.4194,Africa,90.0,8.51,12687083.0,903.1045123384254,0.2553,0.0
Cape Verde,CPV,2022,8850.106,Africa,90.0,8.51,12687083.0,1039.9654524089306,0.2553,0.0
Cape Verde,CPV,2023,9228.461,Africa,90.0,8.51,12687083.0,1084.4254994124558,0.2553,0.0
Cayman Islands,CYM,2006,92213.08,North America,90.0,8.51,12687083.0,10835.849588719155,0.2553,0.0
Cayman Islands,CYM,2007,92343.73,North America,99.0,8.51,49709.0,10851.202115158636,0.28083,10.000000000000009
Cayman Islands,CYM,2008,89380.15,North America,90.0,8.51,12687083.0,10502.955346650999,0.2553,-9.090909090909093
Cayman Islands,CYM,2009,80631.84,North America,90.0,8.51,12687083.0,9474.951821386603,0.2553,0.0
Cayman Islands,CYM,2010,76294.766,North America,90.0,8.51,12687083.0,8965.307403055229,0.2553,0.0
Cayman Islands,CYM,2011,75094.83,North America,90.0,8.51,12687083.0,8824.304347826088,0.2553,0.0
Cayman Islands,CYM,2012,73982.68,North America,90.0,8.51,12687083.0,8693.616921269095,0.2553,0.0
Cayman Islands,CYM,2013,72988.7,North America,90.0,8.51,12687083.0,8576.815511163337,0.2553,0.0
Cayman Islands,CYM,2014,73051.81,North America,90.0,8.51,12687083.0,8584.231492361927,0.2553,0.0
Cayman Islands,CYM,2015,73315.38,North America,90.0,8.51,12687083.0,8615.203290246769,0.2553,0.0
Cayman Islands,CYM,2016,73941.86,North America,90.0,8.51,12687083.0,8688.820211515864,0.2553,0.0
Cayman Islands,CYM,2017,74599.68,North America,90.0,8.51,12687083.0,8766.119858989423,0.2553,0.0
Cayman Islands,CYM,2018,76124.55,North America,90.0,8.51,12687083.0,8945.30552291422,0.2553,0.0
Cayman Islands,CYM,2019,77476.84,North America,90.0,8.51,12687083.0,9104.21151586369,0.2553,0.0
Cayman Islands,CYM,2020,72183.13,North America,90.0,8.51,12687083.0,8482.15393654524,0.2553,0.0
Cayman Islands,CYM,2021,74160.49,North America,90.0,8.51,12687083.0,8714.51116333725,0.2553,0.0
Cayman Islands,CYM,2022,76818.8,North America,90.0,8.51,12687083.0,9026.886016451235,0.2553,0.0
Cayman Islands,CYM,2023,79675.86,North America,90.0,8.51,12687083.0,9362.615746180963,0.2553,0.0
Central African Republic,CAF,1990,1481.2526,Africa,90.0,8.51,12687083.0,174.06023501762633,0.2553,0.0
Central African Republic,CAF,1991,1427.6902,Africa,90.0,8.51,12687083.0,167.76618096357228,0.2553,0.0
Central African Republic,CAF,1992,1294.2025,Africa,90.0,8.51,12687083.0,152.08019976498238,0.2553,0.0
Central African Republic,CAF,1993,1257.8284,Africa,90.0,8.51,12687083.0,147.80592244418332,0.2553,0.0
Central African Republic,CAF,1994,1278.915,Africa,90.0,8.51,12687083.0,150.28378378378378,0.2553,0.0
Central African Republic,CAF,1995,1334.1033,Africa,90.0,8.51,12687083.0,156.7688954171563,0.2553,0.0
Central African Republic,CAF,1996,1247.9688,Africa,90.0,8.51,12687083.0,146.64733254994127,0.2553,0.0
Central African Republic,CAF,1997,1278.4883,Africa,90.0,8.51,12687083.0,150.233642773208,0.2553,0.0
Central African Republic,CAF,1998,1302.7515,Africa,90.0,8.51,12687083.0,153.08478260869566,0.2553,0.0
Central African Republic,CAF,1999,1313.2357,Africa,90.0,8.51,12687083.0,154.31676850763807,0.2553,0.0
Central African Republic,CAF,2000,1245.814,Africa,51.0,8.51,3833421.0,146.39412455934198,0.14467000000000002,-43.333333333333336
Central African Republic,CAF,2001,1272.857,Africa,90.0,8.51,12687083.0,149.57191539365454,0.2553,76.47058823529412
Central African Republic,CAF,2002,1290.3832,Africa,90.0,8.51,12687083.0,151.6313983548766,0.2553,0.0
Central African Republic,CAF,2003,1191.8732,Africa,90.0,8.51,12687083.0,140.0556051703878,0.2553,0.0
Central African Republic,CAF,2004,1236.2854,Africa,90.0,8.51,12687083.0,145.27443008225617,0.2553,0.0
Central African Republic,CAF,2005,1219.594,Africa,90.0,8.51,12687083.0,143.31304347826088,0.2553,0.0
Central African Republic,CAF,2006,1251.8708,Africa,90.0,8.51,12687083.0,147.1058519388954,0.2553,0.0
Central African Republic,CAF,2007,1284.5529,Africa,90.0,8.51,12687083.0,150.9462867215041,0.2553,0.0
Central African Republic,CAF,2008,1283.2728,Africa,90.0,8.51,12687083.0,150.79586368977672,0.2553,0.0
Central African Republic,CAF,2009,1402.6816,Africa,90.0,8.51,12687083.0,164.8274500587544,0.2553,0.0
Central African Republic,CAF,2010,1479.4137,Africa,90.0,8.51,12687083.0,173.8441480611046,0.2553,0.0
Central African Republic,CAF,2011,1517.1484,Africa,90.0,8.51,12687083.0,178.27830787309048,0.2553,0.0
Central African Republic,CAF,2012,1577.9806,Africa,90.0,8.51,12687083.0,185.4266274970623,0.2553,0.0
Central African Republic,CAF,2013,996.89636,Africa,90.0,8.51,12687083.0,117.1441081081081,0.2553,0.0
Central African Republic,CAF,2014,1001.85596,Africa,90.0,8.51,12687083.0,117.72690481786134,0.2553,0.0
Central African Republic,CAF,2015,1043.9218,Africa,90.0,4.21,4629322.0,247.96242280285037,0.1263,0.0
Central African Republic,CAF,2016,1073.9448,Africa,90.0,8.51,12687083.0,126.19797884841363,0.2553,0.0
Central African Republic,CAF,2017,1103.8661,Africa,90.0,8.51,12687083.0,129.71399529964748,0.2553,0.0
Central African Republic,CAF,2018,1125.7009,Africa,90.0,8.51,12687083.0,132.279776733255,0.2553,0.0
Central African Republic,CAF,2019,1145.0956,Africa,42.44279,8.51,4944708.0,134.5588249118684,0.12039604763333335,-52.84134444444444
Central African Republic,CAF,2020,1136.5706,Africa,90.0,4.64,5026629.0,244.9505603448276,0.1392,112.050150331776
Central African Republic,CAF,2021,1128.5524,Africa,90.0,8.51,12687083.0,132.61485311398354,0.2553,0.0
Central African Republic,CAF,2022,1136.8018,Africa,90.0,8.51,12687083.0,133.5842303172738,0.2553,0.0
Central African Republic,CAF,2023,1132.6764,Africa,90.0,8.51,12687083.0,133.09945945945947,0.2553,0.0
Chad,TCD,1990,1711.3699,Africa,90.0,8.51,12687083.0,201.10104582843712,0.2553,0.0
Chad,TCD,1991,1790.7379,Africa,90.0,8.51,12687083.0,210.42748531139836,0.2553,0.0
Chad,TCD,1992,1853.6766,Africa,90.0,8.51,12687083.0,217.82333725029378,0.2553,0.0
Chad,TCD,1993,1526.0543,Africa,11.0,8.51,6629147.0,179.32482961222092,0.031203333333333336,-87.77777777777777
Chad,TCD,1994,1642.5165,Africa,90.0,8.51,12687083.0,193.01016451233843,0.2553,718.1818181818181
Chad,TCD,1995,1591.1416,Africa,90.0,8.51,12687083.0,186.97316098707404,0.2553,0.0
Chad,TCD,1996,1555.914,Africa,90.0,8.51,12687083.0,182.83360752056404,0.2553,0.0
Chad,TCD,1997,1588.0986,Africa,90.0,8.51,12687083.0,186.61558166862517,0.2553,0.0
Chad,TCD,1998,1641.0571,Africa,90.0,8.51,12687083.0,192.8386721504113,0.2553,0.0
Chad,TCD,1999,1573.5853,Africa,90.0,8.51,12687083.0,184.91014101057579,0.2553,0.0
Chad,TCD,2000,1506.7158,Africa,26.0,8.51,8512092.0,177.05238542890717,0.07375333333333334,-71.11111111111111
Chad,TCD,2001,1626.5668,Africa,90.0,8.51,12687083.0,191.13593419506464,0.2553,246.15384615384616
Chad,TCD,2002,1704.273,Africa,90.0,8.51,12687083.0,200.26709753231492,0.2553,0.0
Chad,TCD,2003,1878.5858,Africa,90.0,8.51,12687083.0,220.75038777908344,0.2553,0.0
Chad,TCD,2004,2400.97,Africa,28.0,8.51,9920036.0,282.1351351351351,0.07942666666666667,-68.88888888888889
Chad,TCD,2005,2705.8164,Africa,90.0,8.51,12687083.0,317.9572737955347,0.2553,221.42857142857144
Chad,TCD,2006,2596.0325,Africa,90.0,8.51,12687083.0,305.0566980023502,0.2553,0.0
Chad,TCD,2007,2613.4739,Africa,90.0,8.51,12687083.0,307.10621621621624,0.2553,0.0
Chad,TCD,2008,2601.3613,Africa,90.0,8.51,12687083.0,305.68287896592244,0.2553,0.0
Chad,TCD,2009,2474.7075,Africa,90.0,8.51,12687083.0,290.7999412455934,0.2553,0.0
Chad,TCD,2010,2717.4055,Africa,90.0,8.51,12687083.0,319.31909518213865,0.2553,0.0
Chad,TCD,2011,2741.0708,Africa,90.0,8.51,12687083.0,322.09997649823737,0.2553,0.0
Chad,TCD,2012,2886.2747,Africa,90.0,8.51,12687083.0,339.16271445358404,0.2553,0.0
Chad,TCD,2013,2864.113,Africa,90.0,8.51,12687083.0,336.55851938895415,0.2553,0.0
Chad,TCD,2014,2820.678,Africa,90.0,8.51,12687083.0,331.4545240893067,0.2553,0.0
Chad,TCD,2015,2822.5793,Africa,90.0,8.51,12687083.0,331.6779435957697,0.2553,0.0
Chad,TCD,2016,2622.598,Africa,22.0,8.51,15114652.0,308.1783783783784,0.06240666666666667,-75.55555555555556
Chad,TCD,2017,2496.2622,Africa,90.0,8.51,12687083.0,293.33280846063457,0.2553,309.09090909090907
Chad,TCD,2018,2552.3704,Africa,90.0,8.51,12687083.0,299.9260164512338,0.2553,0.0
Chad,TCD,2019,2604.5315,Africa,30.62792,8.51,16685223.0,306.0554054054054,0.08688119973333333,-65.96897777777777
Chad,TCD,2020,2513.0293,Africa,90.0,8.51,12687083.0,295.30309048178617,0.2553,193.849533366941
Chad,TCD,2021,2435.0728,Africa,90.0,8.51,12687083.0,286.14251468860164,0.2553,0.0
Chad,TCD,2022,2449.4824,Africa,90.0,8.51,12687083.0,287.8357696827262,0.2553,0.0
Chad,TCD,2023,2433.0989,Africa,90.0,8.51,12687083.0,285.9105640423032,0.2553,0.0
Chile,CHL,1990,10952.655,South America,90.0,8.58,13437181.0,1276.5332167832169,0.25739999999999996,0.0
Chile,CHL,1991,11607.53,South America,90.0,8.51,12687083.0,1363.9870740305523,0.2553,0.0
Chile,CHL,1992,12735.602,South America,94.0,8.51,13884579.0,1496.5454759106935,0.26664666666666664,4.444444444444451
Chile,CHL,1993,13377.306,South America,90.0,8.51,12687083.0,1571.9513513513514,0.2553,-4.255319148936165
Chile,CHL,1994,13846.349,South America,90.0,8.51,12687083.0,1627.0680376028204,0.2553,0.0
Chile,CHL,1995,14908.035,South America,90.0,8.92,14527382.0,1671.3043721973095,0.2676,0.0
Chile,CHL,1996,15744.738,South America,90.0,8.51,12687083.0,1850.1454759106932,0.2553,0.0
Chile,CHL,1997,16683.906,South America,90.0,8.51,12687083.0,1960.5059929494712,0.2553,0.0
Chile,CHL,1998,17156.973,South America,90.0,8.51,12687083.0,2016.0955346651,0.2553,0.0
Chile,CHL,1999,16896.125,South America,90.0,8.51,12687083.0,1985.4435957696828,0.2553,0.0
Chile,CHL,2000,17525.271,South America,90.0,9.41,15503638.0,1862.4092454835281,0.2823,0.0
Chile,CHL,2001,17870.3,South America,90.0,8.51,12687083.0,2099.9177438307875,0.2553,0.0
Chile,CHL,2002,18240.201,South America,96.0,8.51,15857926.0,2143.3843713278497,0.27232,6.666666666666665
Chile,CHL,2003,18902.871,South America,90.0,8.51,12687083.0,2221.253936545241,0.2553,-6.25
Chile,CHL,2004,19961.984,South America,90.0,8.51,12687083.0,2345.7090481786136,0.2553,0.0
Chile,CHL,2005,20918.527,South America,90.0,9.96,16348780.0,2100.2537148594374,0.2988,0.0
Chile,CHL,2006,21968.537,South America,90.0,8.51,12687083.0,2581.4967097532317,0.2553,0.0
Chile,CHL,2007,22878.883,South America,90.0,8.51,12687083.0,2688.4703877790835,0.2553,0.0
Chile,CHL,2008,23509.781,South America,90.0,8.51,12687083.0,2762.6064629847237,0.2553,0.0
Chile,CHL,2009,23013.582,South America,90.0,8.51,12687083.0,2704.2987074030552,0.2553,0.0
Chile,CHL,2010,24116.77,South America,90.0,10.35,17181463.0,2330.1227053140096,0.3105,0.0
Chile,CHL,2011,25366.27,South America,97.0,8.51,17351810.0,2980.760282021152,0.27515666666666666,7.777777777777772
Chile,CHL,2012,26670.498,South America,90.0,8.51,12687083.0,3134.0185663924794,0.2553,-7.216494845360821
Chile,CHL,2013,27291.357,South America,96.0,8.51,17687006.0,3206.9749706227967,0.27232,6.666666666666665
Chile,CHL,2014,27505.049,South America,90.0,8.51,12687083.0,3232.0856639247945,0.2553,-6.25
Chile,CHL,2015,27811.375,South America,97.0,10.49,18047630.0,2651.227359389895,0.3391766666666667,7.777777777777772
Chile,CHL,2016,27958.729,South America,90.0,8.51,12687083.0,3285.397062279671,0.2553,-7.216494845360821
Chile,CHL,2017,27892.994,South America,96.0,8.51,18558868.0,3277.6726204465335,0.27232,6.666666666666665
Chile,CHL,2018,28492.662,South America,90.0,8.51,12687083.0,3348.1388954171566,0.2553,-6.25
Chile,CHL,2019,28218.535,South America,90.0,8.51,12687083.0,3315.9265569917743,0.2553,0.0
Chile,CHL,2020,26248.562,South America,90.0,10.74,19370621.0,2444.0001862197396,0.3222,0.0
Chile,CHL,2021,29089.85,South America,90.0,8.51,12687083.0,3418.31374853114,0.2553,0.0
Chile,CHL,2022,29569.479,South America,90.0,8.51,12687083.0,3474.674383078731,0.2553,0.0
Chile,CHL,2023,29563.678,South America,90.0,8.51,12687083.0,3473.992714453584,0.2553,0.0
China,CHN,1990,1666.9277,Asia,78.0,6.45,1153582725.0,258.4384031007752,0.16770000000000002,-13.33333333333333
China,CHN,1991,1798.2761,Asia,90.0,8.51,12687083.0,211.31329024676853,0.2553,15.384615384615374
China,CHN,1992,2030.3864,Asia,90.0,8.51,12687083.0,238.5882961222092,0.2553,0.0
China,CHN,1993,2286.7598,Asia,90.0,8.51,12687083.0,268.7144300822562,0.2553,0.0
China,CHN,1994,2556.6406,Asia,90.0,8.51,12687083.0,300.42780258519394,0.2553,0.0
China,CHN,1995,2808.034,Asia,90.0,7.17,1220133929.0,391.63654114365414,0.21509999999999999,0.0
China,CHN,1996,3055.9697,Asia,90.0,8.51,12687083.0,359.10337250293776,0.2553,0.0
China,CHN,1997,3305.7905,Asia,90.0,8.51,12687083.0,388.45951821386603,0.2553,0.0
China,CHN,1998,3533.566,Asia,90.0,8.51,12687083.0,415.22514688601643,0.2553,0.0
China,CHN,1999,3774.1377,Asia,90.0,8.51,12687083.0,443.4944418331375,0.2553,0.0
China,CHN,2000,4066.0364,Asia,91.0,7.79,1269581174.0,521.955892169448,0.23629666666666665,1.1111111111111072
China,CHN,2001,4372.157,Asia,90.0,8.51,12687083.0,513.7669800235018,0.2553,-1.098901098901095
China,CHN,2002,4744.3984,Asia,90.0,8.51,12687083.0,557.5086251468861,0.2553,0.0
China,CHN,2003,5192.006,Asia,90.0,8.51,12687083.0,610.1064629847239,0.2553,0.0
China,CHN,2004,5684.169,Asia,90.0,8.51,12687083.0,667.9399529964747,0.2553,0.0
China,CHN,2005,6298.323,Asia,90.0,8.02,1310027135.0,785.3270573566085,0.24059999999999998,0.0
China,CHN,2006,7057.1,Asia,90.0,8.51,12687083.0,829.2714453584019,0.2553,0.0
China,CHN,2007,8013.716,Asia,90.0,8.51,12687083.0,941.6822561692128,0.2553,0.0
China,CHN,2008,8743.745,Asia,90.0,8.51,12687083.0,1027.467097532315,0.2553,0.0
China,CHN,2009,9518.433,Asia,90.0,8.51,12687083.0,1118.4997649823738,0.2553,0.0
China,CHN,2010,10476.3125,Asia,95.0,8.25,1351561505.0,1269.8560606060605,0.26125,5.555555555555558
China,CHN,2011,11405.018,Asia,90.0,8.51,12687083.0,1340.1901292596945,0.2553,-5.263157894736848
China,CHN,2012,12217.8545,Asia,90.0,8.51,12687083.0,1435.7055816686252,0.2553,0.0
China,CHN,2013,13080.829,Asia,90.0,8.51,12687083.0,1537.1126909518214,0.2553,0.0
China,CHN,2014,13968.581,Asia,90.0,8.51,12687083.0,1641.431374853114,0.2553,0.0
China,CHN,2015,14856.78,Asia,90.0,8.51,1396134171.0,1745.8025851938896,0.2553,0.0
China,CHN,2016,15772.765,Asia,90.0,8.51,12687083.0,1853.4388954171563,0.2553,0.0
China,CHN,2017,16757.973,Asia,90.0,8.51,12687083.0,1969.2095182138662,0.2553,0.0
China,CHN,2018,17806.791,Asia,90.0,8.51,12687083.0,2092.4548766157463,0.2553,0.0
China,CHN,2019,18820.514,Asia,90.0,8.51,12687083.0,2211.5762632197416,0.2553,0.0
China,CHN,2020,19215.154,Asia,97.0,8.99,1426106093.0,2137.3919911012235,0.2906766666666667,7.777777777777772
China,CHN,2021,20843.297,Asia,90.0,8.51,12687083.0,2449.2710928319625,0.2553,-7.216494845360821
China,CHN,2022,21499.383,Asia,90.0,8.51,12687083.0,2526.366980023502,0.2553,0.0
China,CHN,2023,22687.076,Asia,90.0,8.51,12687083.0,2665.931374853114,0.2553,0.0
Colombia,COL,1990,9998.811,South America,90.0,6.16,32440064.0,1623.1836038961037,0.18480000000000002,0.0
Colombia,COL,1991,9996.098,South America,90.0,8.51,12687083.0,1174.6296122209167,0.2553,0.0
Colombia,COL,1992,10196.433,South America,90.0,8.51,12687083.0,1198.170740305523,0.2553,0.0
Colombia,COL,1993,10533.115,South America,91.0,8.51,34441479.0,1237.7338425381904,0.2581366666666667,1.1111111111111072
Colombia,COL,1994,10927.938,South America,90.0,8.51,12687083.0,1284.1290246768508,0.2553,-1.098901098901095
Colombia,COL,1995,11279.0,South America,90.0,6.68,35804670.0,1688.4730538922156,0.2004,0.0
Colombia,COL,1996,11303.131,South America,91.0,8.51,36462740.0,1328.217508813161,0.2581366666666667,1.1111111111111072
Colombia,COL,1997,11483.505,South America,90.0,8.51,12687083.0,1349.4130434782608,0.2553,-1.098901098901095
Colombia,COL,1998,11343.88,South America,90.0,8.51,12687083.0,1333.005875440658,0.2553,0.0
Colombia,COL,1999,10679.709,South America,90.0,8.51,12687083.0,1254.9599294947122,0.2553,0.0
Colombia,COL,2000,10813.494,South America,90.0,7.12,39089939.0,1518.7491573033708,0.2136,0.0
Colombia,COL,2001,10823.45,South America,90.0,8.51,12687083.0,1271.8507638072856,0.2553,0.0
Colombia,COL,2002,10925.148,South America,90.0,8.51,12687083.0,1283.8011750881315,0.2553,0.0
Colombia,COL,2003,11183.291,South America,90.0,8.51,12687083.0,1314.1352526439482,0.2553,0.0
Colombia,COL,2004,11607.938,South America,93.0,8.51,41543177.0,1364.035017626322,0.26381000000000004,3.3333333333333437
Colombia,COL,2005,11999.255,South America,93.0,7.56,42128978.0,1587.2030423280423,0.23436,0.0
Colombia,COL,2006,12636.625,South America,92.0,8.51,42691081.0,1484.9148061104584,0.26097333333333333,-1.0752688172043001
Colombia,COL,2007,13318.304,South America,93.0,8.51,43235374.0,1565.0180963572268,0.26381000000000004,1.0869565217391353
Colombia,COL,2008,13591.061,South America,93.0,8.51,43758805.0,1597.069447708578,0.26381000000000004,0.0
Colombia,COL,2009,13586.752,South America,93.0,8.51,44271543.0,1596.5631022326675,0.26381000000000004,0.0
Colombia,COL,2010,14037.064,South America,93.0,9.35,44777325.0,1501.2902673796793,0.28985,0.0
Colombia,COL,2011,14852.37,South America,94.0,8.51,45259614.0,1745.2843713278498,0.26664666666666664,1.0752688172043001
Colombia,COL,2012,15279.479,South America,90.0,8.51,12687083.0,1795.4734430082256,0.2553,-4.255319148936165
Colombia,COL,2013,15912.247,South America,90.0,8.51,12687083.0,1869.829259694477,0.2553,0.0
Colombia,COL,2014,16480.363,South America,94.0,8.51,46565426.0,1936.5878965922445,0.26664666666666664,4.444444444444451
Colombia,COL,2015,16821.38,South America,94.0,9.78,46969938.0,1719.9775051124745,0.30643999999999993,0.0
Colombia,COL,2016,17003.244,South America,95.0,8.51,47437513.0,1998.0310223266745,0.26948333333333335,1.0638297872340496
Colombia,COL,2017,16986.033,South America,90.0,8.51,12687083.0,1996.0085781433606,0.2553,-5.263157894736848
Colombia,COL,2018,17104.13,South America,95.0,8.51,49024463.0,2009.886016451234,0.26948333333333335,5.555555555555558
Colombia,COL,2019,17336.771,South America,95.0,8.51,49907987.0,2037.2233842538192,0.26948333333333335,0.0
Colombia,COL,2020,15861.5,South America,96.0,10.2,50629997.0,1555.0490196078433,0.32639999999999997,1.0526315789473717
Colombia,COL,2021,17383.09,South America,90.0,8.51,12687083.0,2042.666274970623,0.2553,-6.25
Colombia,COL,2022,18458.72,South America,90.0,8.51,12687083.0,2169.0622796709754,0.2553,0.0
Colombia,COL,2023,18382.998,South America,90.0,8.51,12687083.0,2160.164277320799,0.2553,0.0
Comoros,COM,1990,3114.5618,Africa,90.0,8.51,12687083.0,365.9884606345476,0.2553,0.0
Comoros,COM,1991,2852.1768,Africa,90.0,8.51,12687083.0,335.155910693302,0.2553,0.0
Comoros,COM,1992,2999.1226,Africa,90.0,8.51,12687083.0,352.4233372502938,0.2553,0.0
Comoros,COM,1993,3019.8838,Africa,90.0,8.51,12687083.0,354.86296122209166,0.2553,0.0
Comoros,COM,1994,2848.619,Africa,90.0,8.51,12687083.0,334.73783783783784,0.2553,0.0
Comoros,COM,1995,2957.409,Africa,90.0,8.51,12687083.0,347.52162162162165,0.2553,0.0
Comoros,COM,1996,2892.0825,Africa,90.0,8.51,12687083.0,339.8451821386604,0.2553,0.0
Comoros,COM,1997,2968.0771,Africa,90.0,8.51,12687083.0,348.77521739130435,0.2553,0.0
Comoros,COM,1998,2918.133,Africa,90.0,8.51,12687083.0,342.90634547591065,0.2553,0.0
Comoros,COM,1999,2943.9202,Africa,90.0,8.51,12687083.0,345.9365687426557,0.2553,0.0
Comoros,COM,2000,2858.857,Africa,68.0,8.51,536084.0,335.94089306698004,0.19289333333333336,-24.444444444444446
Comoros,COM,2001,2952.4424,Africa,90.0,8.51,12687083.0,346.93800235017625,0.2553,32.35294117647059
Comoros,COM,2002,3023.5244,Africa,90.0,8.51,12687083.0,355.29076380728554,0.2553,0.0
Comoros,COM,2003,3023.19,Africa,90.0,8.51,12687083.0,355.25146886016455,0.2553,0.0
Comoros,COM,2004,3058.3833,Africa,90.0,8.51,12687083.0,359.3869917743831,0.2553,0.0
Comoros,COM,2005,3166.3628,Africa,90.0,8.51,12687083.0,372.0755346650999,0.2553,0.0
Comoros,COM,2006,3048.6924,Africa,90.0,8.51,12687083.0,358.2482256169213,0.2553,0.0
Comoros,COM,2007,3012.5474,Africa,90.0,8.51,12687083.0,354.0008695652174,0.2553,0.0
Comoros,COM,2008,3070.3696,Africa,90.0,8.51,12687083.0,360.7954876615746,0.2553,0.0
Comoros,COM,2009,3107.453,Africa,90.0,8.51,12687083.0,365.1531139835488,0.2553,0.0
Comoros,COM,2010,3161.3748,Africa,90.0,8.51,12687083.0,371.4894007050529,0.2553,0.0
Comoros,COM,2011,3227.2166,Africa,90.0,8.51,12687083.0,379.226392479436,0.2553,0.0
Comoros,COM,2012,3263.163,Africa,90.0,8.51,12687083.0,383.4504112808461,0.2553,0.0
Comoros,COM,2013,3337.5986,Africa,90.0,8.51,12687083.0,392.197250293772,0.2553,0.0
Comoros,COM,2014,3334.5752,Africa,90.0,8.51,12687083.0,391.8419741480611,0.2553,0.0
Comoros,COM,2015,3302.3862,Africa,90.0,8.51,12687083.0,388.0594829612221,0.2553,0.0
Comoros,COM,2016,3342.7668,Africa,90.0,8.51,12687083.0,392.80455934195066,0.2553,0.0
Comoros,COM,2017,3401.8523,Africa,90.0,8.51,12687083.0,399.74762632197417,0.2553,0.0
Comoros,COM,2018,3457.587,Africa,90.0,8.51,12687083.0,406.2969447708578,0.2553,0.0
Comoros,COM,2019,3451.4214,Africa,90.0,8.51,12687083.0,405.57243243243244,0.2553,0.0
Comoros,COM,2020,3377.7456,Africa,90.0,8.51,12687083.0,396.9148766157462,0.2553,0.0
Comoros,COM,2021,3377.8853,Africa,90.0,8.51,12687083.0,396.9312925969448,0.2553,0.0
Comoros,COM,2022,3399.2783,Africa,90.0,8.51,12687083.0,399.44515863689776,0.2553,0.0
Comoros,COM,2023,3434.4019,Africa,90.0,8.51,12687083.0,403.572491186839,0.2553,0.0
Congo,COG,1990,8699.526,Africa,90.0,8.51,12687083.0,1022.2709753231493,0.2553,0.0
Congo,COG,1991,8658.161,Africa,90.0,8.51,12687083.0,1017.410223266745,0.2553,0.0
Congo,COG,1992,8636.637,Africa,90.0,8.51,12687083.0,1014.880963572268,0.2553,0.0
Congo,COG,1993,8302.697,Africa,90.0,8.51,12687083.0,975.6400705052879,0.2553,0.0
Congo,COG,1994,7617.6074,Africa,90.0,8.51,12687083.0,895.1360047003525,0.2553,0.0
Congo,COG,1995,7701.3247,Africa,90.0,8.51,12687083.0,904.9735252643949,0.2553,0.0
Congo,COG,1996,7812.048,Africa,90.0,8.51,12687083.0,917.9844888366628,0.2553,0.0
Congo,COG,1997,7599.0483,Africa,90.0,8.51,12687083.0,892.9551468860166,0.2553,0.0
Congo,COG,1998,7711.6323,Africa,90.0,8.51,12687083.0,906.184759106933,0.2553,0.0
Congo,COG,1999,7312.3267,Africa,90.0,8.51,12687083.0,859.2628319623972,0.2553,0.0
Congo,COG,2000,7570.583,Africa,90.0,8.51,12687083.0,889.610223266745,0.2553,0.0
Congo,COG,2001,7567.439,Africa,90.0,8.51,12687083.0,889.2407755581669,0.2553,0.0
Congo,COG,2002,7729.3887,Africa,90.0,8.51,12687083.0,908.2712925969448,0.2553,0.0
Congo,COG,2003,7577.4565,Africa,90.0,8.51,12687083.0,890.4179200940071,0.2553,0.0
Congo,COG,2004,7577.446,Africa,90.0,8.51,12687083.0,890.4166862514688,0.2553,0.0
Congo,COG,2005,7876.118,Africa,76.0,8.51,3696399.0,925.5132784958872,0.21558666666666668,-15.555555555555555
Congo,COG,2006,8192.58,Africa,90.0,8.51,12687083.0,962.7003525264395,0.2553,18.421052631578938
Congo,COG,2007,7375.8247,Africa,90.0,8.51,12687083.0,866.7244065804936,0.2553,0.0
Congo,COG,2008,7587.288,Africa,90.0,8.51,12687083.0,891.5732079905993,0.2553,0.0
Congo,COG,2009,8138.45,Africa,90.0,8.51,12687083.0,956.3396004700353,0.2553,0.0
Congo,COG,2010,8583.662,Africa,90.0,8.51,12687083.0,1008.6559341950647,0.2553,0.0
Congo,COG,2011,8492.421,Africa,90.0,8.51,12687083.0,997.9343125734431,0.2553,0.0
Congo,COG,2012,9079.687,Africa,90.0,8.51,12687083.0,1066.9432432432432,0.2553,0.0
Congo,COG,2013,8798.494,Africa,90.0,8.51,12687083.0,1033.900587544066,0.2553,0.0
Congo,COG,2014,9159.257,Africa,90.0,8.51,12687083.0,1076.293419506463,0.2553,0.0
Congo,COG,2015,8977.707,Africa,90.0,6.47,5097583.0,1387.5899536321485,0.1941,0.0
Congo,COG,2016,8001.8257,Africa,90.0,8.51,12687083.0,940.2850411280847,0.2553,0.0
Congo,COG,2017,7372.7705,Africa,90.0,8.51,12687083.0,866.3655111633373,0.2553,0.0
Congo,COG,2018,7029.3364,Africa,90.0,8.51,12687083.0,826.0089776733255,0.2553,0.0
Congo,COG,2019,6939.369,Africa,90.0,8.51,12687083.0,815.4370152761456,0.2553,0.0
Congo,COG,2020,6350.5093,Africa,90.0,6.74,5752792.0,942.2120623145399,0.20220000000000002,0.0
Congo,COG,2021,6263.2114,Africa,90.0,8.51,12687083.0,735.9825381903643,0.2553,0.0
Congo,COG,2022,6205.105,Africa,90.0,8.51,12687083.0,729.1545240893066,0.2553,0.0
Congo,COG,2023,6172.2876,Africa,90.0,8.51,12687083.0,725.2981903642773,0.2553,0.0
Costa Rica,CRI,1990,10953.426,North America,90.0,7.28,3121707.0,1504.5914835164833,0.2184,0.0
Costa Rica,CRI,1991,10920.1,North America,90.0,8.51,12687083.0,1283.207990599295,0.2553,0.0
Costa Rica,CRI,1992,11626.836,North America,90.0,8.51,12687083.0,1366.2556991774384,0.2553,0.0
Costa Rica,CRI,1993,12144.449,North America,90.0,8.51,12687083.0,1427.0797884841363,0.2553,0.0
Costa Rica,CRI,1994,12385.454,North America,90.0,8.51,12687083.0,1455.4,0.2553,0.0
Costa Rica,CRI,1995,12593.226,North America,90.0,7.61,3535179.0,1654.8260183968462,0.2283,0.0
Costa Rica,CRI,1996,12467.621,North America,90.0,8.51,12687083.0,1465.0553466509987,0.2553,0.0
Costa Rica,CRI,1997,12856.583,North America,90.0,8.51,12687083.0,1510.7618096357228,0.2553,0.0
Costa Rica,CRI,1998,13481.06,North America,90.0,8.51,12687083.0,1584.1433607520564,0.2553,0.0
Costa Rica,CRI,1999,13760.924,North America,90.0,8.51,12687083.0,1617.029847238543,0.2553,0.0
Costa Rica,CRI,2000,14018.742,North America,95.0,7.96,3937737.0,1761.1484924623117,0.2520666666666666,5.555555555555558
Costa Rica,CRI,2001,14250.463,North America,90.0,8.51,12687083.0,1674.5549941245592,0.2553,-5.263157894736848
Costa Rica,CRI,2002,14495.992,North America,90.0,8.51,12687083.0,1703.4068155111634,0.2553,0.0
Costa Rica,CRI,2003,14891.34,North America,90.0,8.51,12687083.0,1749.8636897767333,0.2553,0.0
Costa Rica,CRI,2004,15323.289,North America,90.0,8.51,12687083.0,1800.6215041128087,0.2553,0.0
Costa Rica,CRI,2005,15703.963,North America,90.0,8.52,4261240.0,1843.1881455399061,0.2556,0.0
Costa Rica,CRI,2006,16620.135,North America,90.0,8.51,12687083.0,1953.0123384253818,0.2553,0.0
Costa Rica,CRI,2007,17743.623,North America,90.0,8.51,12687083.0,2085.0320799059928,0.2553,0.0
Costa Rica,CRI,2008,18334.014,North America,90.0,8.51,12687083.0,2154.4082256169213,0.2553,0.0
Costa Rica,CRI,2009,17932.615,North America,90.0,8.51,12687083.0,2107.2403055229142,0.2553,0.0
Costa Rica,CRI,2010,18660.92,North America,90.0,8.43,4555965.0,2213.6322657176747,0.25289999999999996,0.0
Costa Rica,CRI,2011,19254.914,North America,97.0,8.51,4609834.0,2262.6220916568745,0.27515666666666666,7.777777777777772
Costa Rica,CRI,2012,19960.793,North America,90.0,8.51,12687083.0,2345.569095182139,0.2553,-7.216494845360821
Costa Rica,CRI,2013,20232.268,North America,90.0,8.51,12687083.0,2377.469800235018,0.2553,0.0
Costa Rica,CRI,2014,20724.922,North America,90.0,8.51,12687083.0,2435.3609870740306,0.2553,0.0
Costa Rica,CRI,2015,21254.783,North America,90.0,8.77,4818045.0,2423.578449258837,0.2631,0.0
Costa Rica,CRI,2016,21925.6,North America,90.0,8.51,12687083.0,2576.451233842538,0.2553,0.0
Costa Rica,CRI,2017,22622.553,North America,90.0,8.51,12687083.0,2658.349353701528,0.2553,0.0
Costa Rica,CRI,2018,23005.312,North America,90.0,8.51,12687083.0,2703.326909518214,0.2553,0.0
Costa Rica,CRI,2019,23364.783,North America,90.0,8.51,12687083.0,2745.567920094007,0.2553,0.0
Costa Rica,CRI,2020,22211.861,North America,90.0,9.12,5034323.0,2435.511074561404,0.2736,0.0
Costa Rica,CRI,2021,23852.926,North America,90.0,8.51,12687083.0,2802.929024676851,0.2553,0.0
Costa Rica,CRI,2022,24831.719,North America,90.0,8.51,12687083.0,2917.945828437133,0.2553,0.0
Costa Rica,CRI,2023,25979.629,North America,90.0,8.51,12687083.0,3052.8353701527617,0.2553,0.0
Cote D'Ivoire,CIV,1990,5255.51,Africa,90.0,2.79,12189780.0,1883.695340501792,0.0837,0.0
Cote D'Ivoire,CIV,1991,5052.8516,Africa,90.0,8.51,12687083.0,593.7545945945946,0.2553,0.0
Cote D'Ivoire,CIV,1992,4843.2935,Africa,90.0,8.51,12687083.0,569.1296709753232,0.2553,0.0
Cote D'Ivoire,CIV,1993,4645.4673,Africa,90.0,8.51,12687083.0,545.8833490011751,0.2553,0.0
Cote D'Ivoire,CIV,1994,4502.4595,Africa,90.0,8.51,12687083.0,529.0786721504113,0.2553,0.0
Cote D'Ivoire,CIV,1995,4638.7573,Africa,90.0,3.46,14855566.0,1340.6813005780348,0.1038,0.0
Cote D'Ivoire,CIV,1996,4807.4243,Africa,90.0,8.51,12687083.0,564.914723854289,0.2553,0.0
Cote D'Ivoire,CIV,1997,5072.597,Africa,90.0,8.51,12687083.0,596.0748531139835,0.2553,0.0
Cote D'Ivoire,CIV,1998,5093.132,Africa,36.0,8.51,16663948.0,598.4878965922444,0.10212,-60.0
Cote D'Ivoire,CIV,1999,4987.357,Africa,90.0,8.51,12687083.0,586.058401880141,0.2553,150.0
Cote D'Ivoire,CIV,2000,4838.3403,Africa,49.0,4.06,17699007.0,1191.709433497537,0.06631333333333334,-45.55555555555556
Cote D'Ivoire,CIV,2001,4609.1445,Africa,90.0,8.51,12687083.0,541.6150998824912,0.2553,83.6734693877551
Cote D'Ivoire,CIV,2002,4368.928,Africa,90.0,8.51,12687083.0,513.387544065805,0.2553,0.0
Cote D'Ivoire,CIV,2003,4060.0005,Africa,90.0,8.51,12687083.0,477.0858401880141,0.2553,0.0
Cote D'Ivoire,CIV,2004,4088.945,Africa,90.0,8.51,12687083.0,480.4870740305523,0.2553,0.0
Cote D'Ivoire,CIV,2005,4032.2458,Africa,90.0,4.52,20068468.0,892.089778761062,0.13559999999999997,0.0
Cote D'Ivoire,CIV,2006,4049.2603,Africa,90.0,8.51,12687083.0,475.82377203290247,0.2553,0.0
Cote D'Ivoire,CIV,2007,3999.691,Africa,90.0,8.51,12687083.0,469.99894242068154,0.2553,0.0
Cote D'Ivoire,CIV,2008,4096.7236,Africa,90.0,8.51,12687083.0,481.4011280846064,0.2553,0.0
Cote D'Ivoire,CIV,2009,4151.0537,Africa,90.0,8.51,12687083.0,487.78539365452417,0.2553,0.0
Cote D'Ivoire,CIV,2010,4338.6523,Africa,90.0,4.93,22488068.0,880.0511764705882,0.1479,0.0
Cote D'Ivoire,CIV,2011,4017.4077,Africa,90.0,8.51,12687083.0,472.0808108108109,0.2553,0.0
Cote D'Ivoire,CIV,2012,4234.1807,Africa,90.0,8.51,12687083.0,497.55354876615746,0.2553,0.0
Cote D'Ivoire,CIV,2013,4597.1865,Africa,90.0,8.51,12687083.0,540.2099294947121,0.2553,0.0
Cote D'Ivoire,CIV,2014,4907.5747,Africa,44.0,8.51,24527393.0,576.6832784958872,0.12481333333333335,-51.11111111111111
Cote D'Ivoire,CIV,2015,5110.8623,Africa,90.0,5.4,25246347.0,946.4559814814813,0.16200000000000003,104.54545454545455
Cote D'Ivoire,CIV,2016,5320.8467,Africa,50.03968,8.51,25989404.0,625.2463807285546,0.14194589226666668,-44.40035555555556
Cote D'Ivoire,CIV,2017,5556.114,Africa,90.0,8.51,12687083.0,652.8923619271445,0.2553,79.85726527427835
Cote D'Ivoire,CIV,2018,5670.2,Africa,90.0,8.51,12687083.0,666.2984723854289,0.2553,0.0
Cote D'Ivoire,CIV,2019,5894.879,Africa,90.0,8.51,12687083.0,692.7002350176264,0.2553,0.0
Cote D'Ivoire,CIV,2020,5787.8154,Africa,90.0,6.05,28915452.0,956.6637024793389,0.1815,0.0
Cote D'Ivoire,CIV,2021,6045.2046,Africa,50.00064,8.51,29639737.0,710.3648178613396,0.1418351488,-44.443733333333334
Cote D'Ivoire,CIV,2022,6272.264,Africa,90.0,8.51,12687083.0,737.0462984723855,0.2553,79.99769602949083
Cote D'Ivoire,CIV,2023,6520.899,Africa,90.0,8.51,12687083.0,766.2631022326675,0.2553,0.0
Croatia,HRV,1990,23399.736,Europe,90.0,8.51,12687083.0,2749.675205640423,0.2553,0.0
Croatia,HRV,1991,18812.943,Europe,97.0,8.51,4825159.0,2210.6866039952997,0.27515666666666666,7.777777777777772
Croatia,HRV,1992,17020.238,Europe,90.0,8.51,12687083.0,2000.0279670975326,0.2553,-7.216494845360821
Croatia,HRV,1993,15570.403,Europe,90.0,8.51,12687083.0,1829.6595769682726,0.2553,0.0
Croatia,HRV,1994,16301.754,Europe,90.0,8.51,12687083.0,1915.599764982374,0.2553,0.0
Croatia,HRV,1995,17522.75,Europe,90.0,8.51,12687083.0,2059.0775558166865,0.2553,0.0
Croatia,HRV,1996,18849.98,Europe,90.0,8.51,12687083.0,2215.038777908343,0.2553,0.0
Croatia,HRV,1997,20110.514,Europe,90.0,8.51,12687083.0,2363.162632197415,0.2553,0.0
Croatia,HRV,1998,20575.975,Europe,90.0,8.51,12687083.0,2417.8584018801407,0.2553,0.0
Croatia,HRV,1999,20489.678,Europe,90.0,8.51,12687083.0,2407.717743830787,0.2553,0.0
Croatia,HRV,2000,21302.25,Europe,90.0,8.51,12687083.0,2503.202115158637,0.2553,0.0
Croatia,HRV,2001,22826.625,Europe,98.0,8.51,4301079.0,2682.3296122209167,0.2779933333333333,8.888888888888879
Croatia,HRV,2002,24137.115,Europe,90.0,8.51,12687083.0,2836.323736780259,0.2553,-8.163265306122447
Croatia,HRV,2003,25473.906,Europe,90.0,8.51,12687083.0,2993.4084606345477,0.2553,0.0
Croatia,HRV,2004,26528.887,Europe,90.0,8.51,12687083.0,3117.3780258519387,0.2553,0.0
Croatia,HRV,2005,27641.207,Europe,90.0,8.51,12687083.0,3248.085428907168,0.2553,0.0
Croatia,HRV,2006,29035.53,Europe,90.0,8.51,12687083.0,3411.930669800235,0.2553,0.0
Croatia,HRV,2007,30508.28,Europe,90.0,8.51,12687083.0,3584.991774383079,0.2553,0.0
Croatia,HRV,2008,31113.865,Europe,90.0,8.51,12687083.0,3656.1533490011752,0.2553,0.0
Croatia,HRV,2009,29024.76,Europe,90.0,8.51,12687083.0,3410.665099882491,0.2553,0.0
Croatia,HRV,2010,28702.004,Europe,90.0,8.51,12687083.0,3372.7384253819037,0.2553,0.0
Croatia,HRV,2011,28769.33,Europe,90.0,8.51,12687083.0,3380.6498237367805,0.2553,0.0
Croatia,HRV,2012,28259.346,Europe,90.0,8.51,12687083.0,3320.7222091656877,0.2553,0.0
Croatia,HRV,2013,28397.855,Europe,90.0,8.51,12687083.0,3336.9982373678026,0.2553,0.0
Croatia,HRV,2014,28456.736,Europe,90.0,8.51,12687083.0,3343.917273795535,0.2553,0.0
Croatia,HRV,2015,29466.7,Europe,90.0,11.8,4183732.0,2497.177966101695,0.35400000000000004,0.0
Croatia,HRV,2016,30821.164,Europe,90.0,8.51,12687083.0,3621.7584018801413,0.2553,0.0
Croatia,HRV,2017,32348.934,Europe,90.0,8.51,12687083.0,3801.2848413631023,0.2553,0.0
Croatia,HRV,2018,33729.906,Europe,90.0,8.51,12687083.0,3963.5612220916573,0.2553,0.0
Croatia,HRV,2019,35122.85,Europe,90.0,8.51,12687083.0,4127.244418331375,0.2553,0.0
Croatia,HRV,2020,32493.312,Europe,90.0,12.03,3953956.0,2701.023441396509,0.3609,0.0
Croatia,HRV,2021,36930.285,Europe,90.0,8.51,12687083.0,4339.633960047004,0.2553,0.0
Croatia,HRV,2022,39864.01,Europe,90.0,8.51,12687083.0,4684.372502937721,0.2553,0.0
Croatia,HRV,2023,41320.203,Europe,90.0,8.51,12687083.0,4855.488014101058,0.2553,0.0
Curacao,CUW,2000,34307.125,North America,90.0,8.51,12687083.0,4031.3895417156286,0.2553,0.0
Curacao,CUW,2001,35339.066,North America,90.0,8.51,12687083.0,4152.651703877791,0.2553,0.0
Curacao,CUW,2002,35435.996,North America,90.0,8.51,12687083.0,4164.041833137485,0.2553,0.0
Curacao,CUW,2003,34812.79,North America,90.0,8.51,12687083.0,4090.8096357226796,0.2553,0.0
Curacao,CUW,2004,34288.74,North America,90.0,8.51,12687083.0,4029.229142185664,0.2553,0.0
Curacao,CUW,2005,33651.504,North America,90.0,8.51,12687083.0,3954.3482961222094,0.2553,0.0
Curacao,CUW,2006,33334.855,North America,90.0,8.51,12687083.0,3917.1392479435963,0.2553,0.0
Curacao,CUW,2007,33490.254,North America,90.0,8.51,12687083.0,3935.4,0.2553,0.0
Curacao,CUW,2008,33795.13,North America,90.0,8.51,12687083.0,3971.2256169212687,0.2553,0.0
Curacao,CUW,2009,33397.4,North America,90.0,8.51,12687083.0,3924.48883666275,0.2553,0.0
Curacao,CUW,2010,33004.555,North America,90.0,8.51,12687083.0,3878.326086956522,0.2553,0.0
Curacao,CUW,2011,32704.355,North America,90.0,8.51,12687083.0,3843.0499412455933,0.2553,0.0
Curacao,CUW,2012,32320.877,North America,90.0,8.51,12687083.0,3797.9878965922444,0.2553,0.0
Curacao,CUW,2013,31753.385,North America,90.0,8.51,12687083.0,3731.3025851938896,0.2553,0.0
Curacao,CUW,2014,31128.646,North America,90.0,8.51,12687083.0,3657.890246768508,0.2553,0.0
Curacao,CUW,2015,30861.32,North America,90.0,8.51,12687083.0,3626.4770857814337,0.2553,0.0
Curacao,CUW,2016,30209.79,North America,90.0,8.51,12687083.0,3549.9165687426557,0.2553,0.0
Curacao,CUW,2017,29729.102,North America,90.0,8.51,12687083.0,3493.431492361927,0.2553,0.0
Curacao,CUW,2018,29256.814,North America,90.0,8.51,12687083.0,3437.9334900117506,0.2553,0.0
Curacao,CUW,2019,28659.656,North America,90.0,8.51,12687083.0,3367.762162162162,0.2553,0.0
Curacao,CUW,2020,23669.771,North America,90.0,8.51,12687083.0,2781.4066980023504,0.2553,0.0
Curacao,CUW,2021,24905.768,North America,90.0,8.51,12687083.0,2926.6472385428906,0.2553,0.0
Curacao,CUW,2022,26734.646,North America,90.0,8.51,12687083.0,3141.5565217391304,0.2553,0.0
Curacao,CUW,2023,27617.92,North America,90.0,8.51,12687083.0,3245.3490011750882,0.2553,0.0
Cyprus,CYP,1990,27666.65,Europe,90.0,9.85,788355.0,2808.796954314721,0.2955,0.0
Cyprus,CYP,1991,27159.04,Europe,90.0,8.51,12687083.0,3191.4265569917748,0.2553,0.0
Cyprus,CYP,1992,28931.936,Europe,94.0,8.51,810344.0,3399.757461809636,0.26664666666666664,4.444444444444451
Cyprus,CYP,1993,28439.332,Europe,90.0,8.51,12687083.0,3341.872150411281,0.2553,-4.255319148936165
Cyprus,CYP,1994,29500.746,Europe,90.0,8.51,12687083.0,3466.597649823737,0.2553,0.0
Cyprus,CYP,1995,31393.377,Europe,90.0,10.28,862698.0,3053.8304474708175,0.30839999999999995,0.0
Cyprus,CYP,1996,31282.738,Europe,90.0,8.51,12687083.0,3675.9974148061106,0.2553,0.0
Cyprus,CYP,1997,31656.96,Europe,90.0,8.51,12687083.0,3719.971797884841,0.2553,0.0
Cyprus,CYP,1998,33182.125,Europe,90.0,8.51,12687083.0,3899.1921269095183,0.2553,0.0
Cyprus,CYP,1999,34452.867,Europe,90.0,8.51,12687083.0,4048.515511163337,0.2553,0.0
Cyprus,CYP,2000,36121.816,Europe,90.0,10.82,947667.0,3338.4303142329018,0.32460000000000006,0.0
Cyprus,CYP,2001,37146.996,Europe,97.0,8.51,964129.0,4365.099412455934,0.27515666666666666,7.777777777777772
Cyprus,CYP,2002,38090.934,Europe,90.0,8.51,12687083.0,4476.02044653349,0.2553,-7.216494845360821
Cyprus,CYP,2003,38617.973,Europe,90.0,8.51,12687083.0,4537.952173913043,0.2553,0.0
Cyprus,CYP,2004,40020.09,Europe,90.0,8.51,12687083.0,4702.713278495887,0.2553,0.0
Cyprus,CYP,2005,41362.266,Europe,90.0,10.19,1036156.0,4059.103631010795,0.3057,0.0
Cyprus,CYP,2006,42595.38,Europe,90.0,8.51,12687083.0,5005.332549941246,0.2553,0.0
Cyprus,CYP,2007,43823.94,Europe,90.0,8.51,12687083.0,5149.699177438309,0.2553,0.0
Cyprus,CYP,2008,44295.812,Europe,90.0,8.51,12687083.0,5205.148296122209,0.2553,0.0
Cyprus,CYP,2009,42253.562,Europe,90.0,8.51,12687083.0,4965.165922444183,0.2553,0.0
Cyprus,CYP,2010,42102.457,Europe,90.0,11.76,1127826.0,3580.1409013605444,0.3528,0.0
Cyprus,CYP,2011,41212.86,Europe,99.0,8.51,1146493.0,4842.874265569918,0.28083,10.000000000000009
Cyprus,CYP,2012,39190.383,Europe,90.0,8.51,12687083.0,4605.215393654525,0.2553,-9.090909090909093
Cyprus,CYP,2013,36650.723,Europe,90.0,8.51,12687083.0,4306.782961222091,0.2553,0.0
Cyprus,CYP,2014,36105.05,Europe,90.0,8.51,12687083.0,4242.661574618097,0.2553,0.0
Cyprus,CYP,2015,37258.652,Europe,90.0,12.1,1219504.0,3079.227438016529,0.363,0.0
Cyprus,CYP,2016,39501.016,Europe,90.0,8.51,12687083.0,4641.717508813162,0.2553,0.0
Cyprus,CYP,2017,41418.16,Europe,90.0,8.51,12687083.0,4866.998824911869,0.2553,0.0
Cyprus,CYP,2018,43510.21,Europe,90.0,8.51,12687083.0,5112.833137485311,0.2553,0.0
Cyprus,CYP,2019,45454.363,Europe,90.0,8.51,12687083.0,5341.288249118684,0.2553,0.0
Cyprus,CYP,2020,43402.54,Europe,90.0,12.42,1302250.0,3494.5684380032208,0.3726,0.0
Cyprus,CYP,2021,47632.77,Europe,90.0,8.51,12687083.0,5597.27027027027,0.2553,0.0
Cyprus,CYP,2022,50623.797,Europe,90.0,8.51,12687083.0,5948.742303172738,0.2553,0.0
Cyprus,CYP,2023,51453.727,Europe,90.0,8.51,12687083.0,6046.266392479436,0.2553,0.0
Czechia,CZE,1990,27918.137,Europe,90.0,11.35,10301989.0,2459.7477533039646,0.34049999999999997,0.0
Czechia,CZE,1991,24734.77,Europe,90.0,8.51,12687083.0,2906.5534665099885,0.2553,0.0
Czechia,CZE,1992,24584.33,Europe,90.0,8.51,12687083.0,2888.8754406580497,0.2553,0.0
Czechia,CZE,1993,24573.992,Europe,90.0,8.51,12687083.0,2887.660634547591,0.2553,0.0
Czechia,CZE,1994,25279.791,Europe,90.0,8.51,12687083.0,2970.598237367803,0.2553,0.0
Czechia,CZE,1995,26869.02,Europe,90.0,12.3,10312041.0,2184.4731707317073,0.36900000000000005,0.0
Czechia,CZE,1996,28021.67,Europe,90.0,8.51,12687083.0,3292.7931844888367,0.2553,0.0
Czechia,CZE,1997,27884.74,Europe,90.0,8.51,12687083.0,3276.702702702703,0.2553,0.0
Czechia,CZE,1998,27801.44,Europe,90.0,8.51,12687083.0,3266.9142185663923,0.2553,0.0
Czechia,CZE,1999,28213.455,Europe,90.0,8.51,12687083.0,3315.3296122209167,0.2553,0.0
Czechia,CZE,2000,29427.406,Europe,90.0,12.78,10236809.0,2302.6139280125194,0.3834,0.0
Czechia,CZE,2001,30399.873,Europe,90.0,8.51,12687083.0,3572.2529964747355,0.2553,0.0
Czechia,CZE,2002,30919.549,Europe,90.0,8.51,12687083.0,3633.319506462985,0.2553,0.0
Czechia,CZE,2003,31949.297,Europe,90.0,8.51,12687083.0,3754.323971797885,0.2553,0.0
Czechia,CZE,2004,33452.34,Europe,90.0,8.51,12687083.0,3930.944770857814,0.2553,0.0
Czechia,CZE,2005,35535.746,Europe,90.0,12.81,10280155.0,2774.062919594067,0.3843,0.0
Czechia,CZE,2006,37786.88,Europe,90.0,8.51,12687083.0,4440.291421856639,0.2553,0.0
Czechia,CZE,2007,39629.008,Europe,90.0,8.51,12687083.0,4656.757696827262,0.2553,0.0
Czechia,CZE,2008,40328.344,Europe,90.0,8.51,12687083.0,4738.935840188014,0.2553,0.0
Czechia,CZE,2009,38175.14,Europe,90.0,8.51,12687083.0,4485.915393654524,0.2553,0.0
Czechia,CZE,2010,39097.387,Europe,90.0,12.8,10464035.0,3054.483359375,0.384,0.0
Czechia,CZE,2011,39708.164,Europe,90.0,8.51,12687083.0,4666.059224441833,0.2553,0.0
Czechia,CZE,2012,39347.05,Europe,90.0,8.51,12687083.0,4623.625146886017,0.2553,0.0
Czechia,CZE,2013,39317.555,Europe,90.0,8.51,12687083.0,4620.159224441833,0.2553,0.0
Czechia,CZE,2014,40158.016,Europe,90.0,8.51,12687083.0,4718.92079905993,0.2553,0.0
Czechia,CZE,2015,42066.574,Europe,90.0,12.93,10524418.0,3253.4086620262956,0.3879,0.0
Czechia,CZE,2016,43069.465,Europe,90.0,8.51,12687083.0,5061.041715628672,0.2553,0.0
Czechia,CZE,2017,45177.523,Europe,90.0,8.51,12687083.0,5308.757109283197,0.2553,0.0
Czechia,CZE,2018,46301.082,Europe,90.0,8.51,12687083.0,5440.785193889542,0.2553,0.0
Czechia,CZE,2019,47763.617,Europe,90.0,8.51,12687083.0,5612.645945945946,0.2553,0.0
Czechia,CZE,2020,45119.938,Europe,90.0,12.93,10550129.0,3489.554369682908,0.3879,0.0
Czechia,CZE,2021,47796.035,Europe,90.0,8.51,12687083.0,5616.455346651,0.2553,0.0
Czechia,CZE,2022,48390.66,Europe,90.0,8.51,12687083.0,5686.329024676851,0.2553,0.0
Czechia,CZE,2023,47558.41,Europe,90.0,8.51,12687083.0,5588.53231492362,0.2553,0.0
Democratic Republic Of Congo,COD,1990,2403.9702,Africa,90.0,3.31,36684065.0,726.2749848942599,0.09930000000000001,0.0
Democratic Republic Of Congo,COD,1991,2129.449,Africa,90.0,8.51,12687083.0,250.22902467685077,0.2553,0.0
Democratic Republic Of Congo,COD,1992,1842.5485,Africa,90.0,8.51,12687083.0,216.515687426557,0.2553,0.0
Democratic Republic Of Congo,COD,1993,1538.3969,Africa,90.0,8.51,12687083.0,180.77519388954173,0.2553,0.0
Democratic Republic Of Congo,COD,1994,1410.0565,Africa,90.0,8.51,12687083.0,165.69406580493538,0.2553,0.0
Democratic Republic Of Congo,COD,1995,1362.1877,Africa,90.0,3.52,44433718.0,386.98514204545455,0.1056,0.0
Democratic Republic Of Congo,COD,1996,1322.5801,Africa,90.0,8.51,12687083.0,155.4148178613396,0.2553,0.0
Democratic Republic Of Congo,COD,1997,1228.3907,Africa,90.0,8.51,12687083.0,144.34673325499412,0.2553,0.0
Democratic Republic Of Congo,COD,1998,1176.0505,Africa,90.0,8.51,12687083.0,138.19629847238545,0.2553,0.0
Democratic Republic Of Congo,COD,1999,1088.6504,Africa,90.0,8.51,12687083.0,127.92601645123385,0.2553,0.0
Democratic Republic Of Congo,COD,2000,981.42206,Africa,90.0,3.51,50507445.0,279.60742450142453,0.10529999999999999,0.0
Democratic Republic Of Congo,COD,2001,930.85785,Africa,67.0,8.51,52132646.0,109.38400117508813,0.19005666666666668,-25.555555555555554
Democratic Republic Of Congo,COD,2002,929.4528,Africa,90.0,8.51,12687083.0,109.21889541715629,0.2553,34.32835820895524
Democratic Republic Of Congo,COD,2003,953.0446,Africa,90.0,8.51,12687083.0,111.99113983548766,0.2553,0.0
Democratic Republic Of Congo,COD,2004,987.74695,Africa,90.0,8.51,12687083.0,116.06897179788484,0.2553,0.0
Democratic Republic Of Congo,COD,2005,1016.6339,Africa,90.0,3.63,58775726.0,280.064435261708,0.1089,0.0
Democratic Republic Of Congo,COD,2006,1036.1333,Africa,90.0,8.51,12687083.0,121.75479435957696,0.2553,0.0
Democratic Republic Of Congo,COD,2007,1091.004,Africa,90.0,8.51,12687083.0,128.20258519388955,0.2553,0.0
Democratic Republic Of Congo,COD,2008,1136.9468,Africa,90.0,8.51,12687083.0,133.60126909518215,0.2553,0.0
Democratic Republic Of Congo,COD,2009,1108.5751,Africa,90.0,8.51,12687083.0,130.26734430082257,0.2553,0.0
Democratic Republic Of Congo,COD,2010,1158.0143,Africa,90.0,3.79,68563038.0,305.5446701846966,0.1137,0.0
Democratic Republic Of Congo,COD,2011,1205.7399,Africa,90.0,8.51,12687083.0,141.68506462984723,0.2553,0.0
Democratic Republic Of Congo,COD,2012,1267.2383,Africa,75.0,8.51,73254623.0,148.9116686251469,0.21275,-16.666666666666664
Democratic Republic Of Congo,COD,2013,1342.7416,Africa,90.0,8.51,12687083.0,157.78397179788485,0.2553,19.999999999999996
Democratic Republic Of Congo,COD,2014,1392.7584,Africa,90.0,8.51,12687083.0,163.66138660399528,0.2553,0.0
Democratic Republic Of Congo,COD,2015,1433.2158,Africa,90.0,4.3,81035532.0,333.306,0.129,0.0
Democratic Republic Of Congo,COD,2016,1388.8016,Africa,77.0,8.51,83956416.0,163.1964277320799,0.21842333333333336,-14.444444444444448
Democratic Republic Of Congo,COD,2017,1395.7196,Africa,90.0,8.51,12687083.0,164.0093537015276,0.2553,16.883116883116877
Democratic Republic Of Congo,COD,2018,1431.7285,Africa,73.55303,8.51,90047647.0,168.24071680376028,0.20864542843333336,-18.2744111111111
Democratic Republic Of Congo,COD,2019,1394.7646,Africa,90.0,8.51,12687083.0,163.89713278495887,0.2553,22.360696765313403
Democratic Republic Of Congo,COD,2020,1361.028,Africa,90.0,4.85,95990000.0,280.6243298969072,0.1455,0.0
Democratic Republic Of Congo,COD,2021,1402.3856,Africa,90.0,8.51,12687083.0,164.79266745005876,0.2553,0.0
Democratic Republic Of Congo,COD,2022,1484.3384,Africa,90.0,8.51,12687083.0,174.42284371327852,0.2553,0.0
Democratic Republic Of Congo,COD,2023,1559.338,Africa,90.0,8.51,12687083.0,183.23595769682726,0.2553,0.0
Denmark,DNK,1990,46200.477,Europe,90.0,10.48,5141024.0,4408.442461832061,0.3144,0.0
Denmark,DNK,1991,46752.67,Europe,90.0,8.51,12687083.0,5493.850763807285,0.2553,0.0
Denmark,DNK,1992,47540.926,Europe,90.0,8.51,12687083.0,5586.477790834313,0.2553,0.0
Denmark,DNK,1993,47345.414,Europe,90.0,8.51,12687083.0,5563.503407755581,0.2553,0.0
Denmark,DNK,1994,49684.137,Europe,90.0,8.51,12687083.0,5838.323971797885,0.2553,0.0
Denmark,DNK,1995,50927.547,Europe,90.0,11.04,5233364.0,4613.002445652174,0.3312,0.0
Denmark,DNK,1996,52106.562,Europe,90.0,8.51,12687083.0,6122.980258519389,0.2553,0.0
Denmark,DNK,1997,53534.613,Europe,90.0,8.51,12687083.0,6290.788836662749,0.2553,0.0
Denmark,DNK,1998,54581.414,Europe,90.0,8.51,12687083.0,6413.797179788484,0.2553,0.0
Denmark,DNK,1999,56015.355,Europe,90.0,8.51,12687083.0,6582.297884841364,0.2553,0.0
Denmark,DNK,2000,57907.504,Europe,90.0,11.5,5339659.0,5035.435130434783,0.34500000000000003,0.0
Denmark,DNK,2001,58248.555,Europe,90.0,8.51,12687083.0,6844.718566392479,0.2553,0.0
Denmark,DNK,2002,58327.83,Europe,90.0,8.51,12687083.0,6854.034077555817,0.2553,0.0
Denmark,DNK,2003,58425.965,Europe,90.0,8.51,12687083.0,6865.56580493537,0.2553,0.0
Denmark,DNK,2004,59893.094,Europe,90.0,8.51,12687083.0,7037.966392479436,0.2553,0.0
Denmark,DNK,2005,61137.68,Europe,90.0,11.81,5419550.0,5176.772226926333,0.3543,0.0
Denmark,DNK,2006,63262.742,Europe,90.0,8.51,12687083.0,7433.92972972973,0.2553,0.0
Denmark,DNK,2007,63604.562,Europe,90.0,8.51,12687083.0,7474.096592244418,0.2553,0.0
Denmark,DNK,2008,62968.16,Europe,90.0,8.51,12687083.0,7399.313748531141,0.2553,0.0
Denmark,DNK,2009,59516.508,Europe,90.0,8.51,12687083.0,6993.714218566392,0.2553,0.0
Denmark,DNK,2010,60190.633,Europe,90.0,11.97,5547865.0,5028.457226399331,0.35910000000000003,0.0
Denmark,DNK,2011,60729.055,Europe,90.0,8.51,12687083.0,7136.199177438308,0.2553,0.0
Denmark,DNK,2012,60497.69,Europe,90.0,8.51,12687083.0,7109.011750881316,0.2553,0.0
Denmark,DNK,2013,61085.03,Europe,90.0,8.51,12687083.0,7178.02937720329,0.2553,0.0
Denmark,DNK,2014,61552.8,Europe,90.0,8.51,12687083.0,7232.996474735605,0.2553,0.0
Denmark,DNK,2015,62405.715,Europe,90.0,11.67,5683698.0,5347.533419023136,0.3501,0.0
Denmark,DNK,2016,63823.45,Europe,90.0,8.51,12687083.0,7499.8178613396,0.2553,0.0
Denmark,DNK,2017,65352.4,Europe,90.0,8.51,12687083.0,7679.482961222092,0.2553,0.0
Denmark,DNK,2018,66238.7,Europe,90.0,8.51,12687083.0,7783.631022326675,0.2553,0.0
Denmark,DNK,2019,67131.47,Europe,90.0,8.51,12687083.0,7888.53936545241,0.2553,0.0
Denmark,DNK,2020,65744.44,Europe,90.0,11.69,5831529.0,5623.989734816083,0.3507,0.0
Denmark,DNK,2021,69715.18,Europe,90.0,8.51,12687083.0,8192.148061104583,0.2553,0.0
Denmark,DNK,2022,69475.32,Europe,90.0,8.51,12687083.0,8163.962397179789,0.2553,0.0
Denmark,DNK,2023,69379.22,Europe,90.0,8.51,12687083.0,8152.669800235018,0.2553,0.0
Djibouti,DJI,2013,4469.074,Africa,90.0,8.51,12687083.0,525.1555816686251,0.2553,0.0
Djibouti,DJI,2014,4705.0493,Africa,90.0,8.51,12687083.0,552.884759106933,0.2553,0.0
Djibouti,DJI,2015,4961.868,Africa,90.0,8.51,12687083.0,583.0632197414807,0.2553,0.0
Djibouti,DJI,2016,5226.5005,Africa,90.0,8.51,12687083.0,614.1598707403056,0.2553,0.0
Djibouti,DJI,2017,5421.9565,Africa,90.0,8.51,12687083.0,637.1276733254995,0.2553,0.0
Djibouti,DJI,2018,5590.5044,Africa,90.0,8.51,12687083.0,656.9335370152761,0.2553,0.0
Djibouti,DJI,2019,5809.3047,Africa,90.0,8.51,12687083.0,682.644500587544,0.2553,0.0
Djibouti,DJI,2020,5791.4775,Africa,90.0,8.51,12687083.0,680.5496474735605,0.2553,0.0
Djibouti,DJI,2021,5960.108,Africa,90.0,8.51,12687083.0,700.3652173913044,0.2553,0.0
Djibouti,DJI,2022,6180.68,Africa,90.0,8.51,12687083.0,726.2843713278496,0.2553,0.0
Djibouti,DJI,2023,6510.6787,Africa,90.0,8.51,12687083.0,765.0621269095183,0.2553,0.0
Dominica,DMA,1990,11311.552,North America,90.0,8.51,12687083.0,1329.2070505287898,0.2553,0.0
Dominica,DMA,1991,11518.765,North America,90.0,8.51,12687083.0,1353.5564042303172,0.2553,0.0
Dominica,DMA,1992,11747.611,North America,90.0,8.51,12687083.0,1380.4478260869566,0.2553,0.0
Dominica,DMA,1993,11982.859,North America,90.0,8.51,12687083.0,1408.0915393654525,0.2553,0.0
Dominica,DMA,1994,11979.399,North America,90.0,8.51,12687083.0,1407.6849588719153,0.2553,0.0
Dominica,DMA,1995,12343.9,North America,90.0,8.51,12687083.0,1450.5170387779083,0.2553,0.0
Dominica,DMA,1996,12737.897,North America,90.0,8.51,12687083.0,1496.8151586368979,0.2553,0.0
Dominica,DMA,1997,13037.149,North America,90.0,8.51,12687083.0,1531.9799059929494,0.2553,0.0
Dominica,DMA,1998,13563.453,North America,90.0,8.51,12687083.0,1593.8252643948297,0.2553,0.0
Dominica,DMA,1999,13661.679,North America,90.0,8.51,12687083.0,1605.3676850763807,0.2553,0.0
Dominica,DMA,2000,14054.655,North America,90.0,8.51,12687083.0,1651.545828437133,0.2553,0.0
Dominica,DMA,2001,14091.549,North America,90.0,8.51,12687083.0,1655.8811985898944,0.2553,0.0
Dominica,DMA,2002,13640.703,North America,90.0,8.51,12687083.0,1602.9028202115157,0.2553,0.0
Dominica,DMA,2003,14398.002,North America,90.0,8.51,12687083.0,1691.8921269095183,0.2553,0.0
Dominica,DMA,2004,14962.246,North America,90.0,8.51,12687083.0,1758.1957696827262,0.2553,0.0
Dominica,DMA,2005,15080.5205,North America,90.0,8.51,12687083.0,1772.0940658049356,0.2553,0.0
Dominica,DMA,2006,15727.705,North America,90.0,8.51,12687083.0,1848.1439482961223,0.2553,0.0
Dominica,DMA,2007,16560.518,North America,90.0,8.51,12687083.0,1946.0068155111635,0.2553,0.0
Dominica,DMA,2008,17738.041,North America,90.0,8.51,12687083.0,2084.3761457109285,0.2553,0.0
Dominica,DMA,2009,17534.033,North America,90.0,8.51,12687083.0,2060.4034077555816,0.2553,0.0
Dominica,DMA,2010,17516.787,North America,90.0,8.51,12687083.0,2058.3768507638074,0.2553,0.0
Dominica,DMA,2011,17475.041,North America,90.0,8.51,12687083.0,2053.4713278495888,0.2553,0.0
Dominica,DMA,2012,17431.129,North America,90.0,8.51,12687083.0,2048.3112808460637,0.2553,0.0
Dominica,DMA,2013,17282.637,North America,90.0,8.51,12687083.0,2030.8621621621621,0.2553,0.0
Dominica,DMA,2014,17520.855,North America,90.0,8.51,12687083.0,2058.854876615746,0.2553,0.0
Dominica,DMA,2015,16920.912,North America,90.0,8.51,12687083.0,1988.3562867215041,0.2553,0.0
Dominica,DMA,2016,17364.078,North America,90.0,8.51,12687083.0,2040.4321974148063,0.2553,0.0
Dominica,DMA,2017,16314.2295,North America,90.0,8.51,12687083.0,1917.0657461809635,0.2553,0.0
Dominica,DMA,2018,16877.125,North America,90.0,8.51,12687083.0,1983.210928319624,0.2553,0.0
Dominica,DMA,2019,17619.434,North America,90.0,8.51,12687083.0,2070.438777908343,0.2553,0.0
Dominica,DMA,2020,14919.531,North America,90.0,8.51,12687083.0,1753.1763807285547,0.2553,0.0
Dominica,DMA,2021,15808.975,North America,90.0,8.51,12687083.0,1857.6938895417156,0.2553,0.0
Dominica,DMA,2022,17550.8,North America,90.0,8.51,12687083.0,2062.373678025852,0.2553,0.0
Dominica,DMA,2023,18278.225,North America,90.0,8.51,12687083.0,2147.852526439483,0.2553,0.0
Dominican Republic,DOM,1990,7327.7266,North America,90.0,6.13,7151165.0,1195.3876998368678,0.1839,0.0
Dominican Republic,DOM,1991,7246.2466,North America,90.0,8.51,12687083.0,851.4978378378379,0.2553,0.0
Dominican Republic,DOM,1992,7900.768,North America,90.0,8.51,12687083.0,928.4098707403056,0.2553,0.0
Dominican Republic,DOM,1993,8318.492,North America,90.0,8.51,12687083.0,977.4961222091657,0.2553,0.0
Dominican Republic,DOM,1994,8372.071,North America,90.0,8.51,12687083.0,983.7921269095182,0.2553,0.0
Dominican Republic,DOM,1995,8685.017,North America,90.0,6.58,7888120.0,1319.9113981762916,0.1974,0.0
Dominican Republic,DOM,1996,9036.884,North America,90.0,8.51,12687083.0,1061.9135135135136,0.2553,0.0
Dominican Republic,DOM,1997,9671.148,North America,90.0,8.51,12687083.0,1136.4451233842537,0.2553,0.0
Dominican Republic,DOM,1998,10150.446,North America,90.0,8.51,12687083.0,1192.7668625146887,0.2553,0.0
Dominican Republic,DOM,1999,10582.077,North America,90.0,8.51,12687083.0,1243.4873090481785,0.2553,0.0
Dominican Republic,DOM,2000,10896.318,North America,90.0,7.03,8584196.0,1549.9741109530582,0.2109,0.0
Dominican Republic,DOM,2001,10991.137,North America,90.0,8.51,12687083.0,1291.5554641598121,0.2553,0.0
Dominican Republic,DOM,2002,11313.069,North America,87.0,8.51,8852231.0,1329.3853113983548,0.24679,-3.3333333333333326
Dominican Republic,DOM,2003,11000.868,North America,90.0,8.51,12687083.0,1292.6989424206815,0.2553,3.4482758620689724
Dominican Republic,DOM,2004,11131.2705,North America,90.0,8.51,12687083.0,1308.0223854289072,0.2553,0.0
Dominican Republic,DOM,2005,12022.508,North America,90.0,7.54,9225035.0,1594.4970822281166,0.2262,0.0
Dominican Republic,DOM,2006,12961.918,North America,90.0,8.51,12687083.0,1523.1396004700352,0.2553,0.0
Dominican Republic,DOM,2007,13754.921,North America,88.0,8.51,9455663.0,1616.3244418331376,0.2496266666666667,-2.2222222222222254
Dominican Republic,DOM,2008,14030.141,North America,90.0,8.51,12687083.0,1648.6652173913044,0.2553,2.2727272727272707
Dominican Republic,DOM,2009,13992.41,North America,90.0,8.51,12687083.0,1644.2314923619272,0.2553,0.0
Dominican Republic,DOM,2010,14975.001,North America,90.0,8.12,9820180.0,1844.2119458128082,0.2436,0.0
Dominican Republic,DOM,2011,15258.086,North America,90.0,8.51,9945623.0,1792.9595769682726,0.2553,0.0
Dominican Republic,DOM,2012,15487.277,North America,90.0,8.51,10070409.0,1819.8915393654524,0.2553,0.0
Dominican Republic,DOM,2013,16054.768,North America,91.0,8.51,10193838.0,1886.5767332549942,0.2581366666666667,1.1111111111111072
Dominican Republic,DOM,2014,16993.588,North America,92.0,8.51,10315523.0,1996.8963572267921,0.26097333333333333,1.098901098901095
Dominican Republic,DOM,2015,17973.188,North America,92.0,8.48,10434826.0,2119.479716981132,0.26005333333333336,0.0
Dominican Republic,DOM,2016,18968.975,North America,94.0,8.51,10551430.0,2229.0217391304345,0.26664666666666664,2.1739130434782705
Dominican Republic,DOM,2017,19501.875,North America,90.0,8.51,12687083.0,2291.642185663925,0.2553,-4.255319148936165
Dominican Republic,DOM,2018,20662.848,North America,90.0,8.51,12687083.0,2428.066745005876,0.2553,0.0
Dominican Republic,DOM,2019,21451.287,North America,90.0,8.51,12687083.0,2520.715276145711,0.2553,0.0
Dominican Republic,DOM,2020,19545.41,North America,90.0,9.04,11008298.0,2162.102876106195,0.27119999999999994,0.0
Dominican Republic,DOM,2021,22053.459,North America,90.0,8.51,12687083.0,2591.475793184489,0.2553,0.0
Dominican Republic,DOM,2022,22986.959,North America,90.0,8.51,12687083.0,2701.17027027027,0.2553,0.0
Dominican Republic,DOM,2023,23282.49,North America,90.0,8.51,12687083.0,2735.8977673325503,0.2553,0.0
East Asia And Pacific (Wb),WB_EAP,1990,5756.0933,Africa,81.17076,8.51,12687083.0,676.3916921269096,0.2302543892,-9.810266666666667
East Asia And Pacific (Wb),WB_EAP,1991,5988.0327,Africa,81.71117,8.51,12687083.0,703.6466157461809,0.23178735223333335,0.6657692991909769
East Asia And Pacific (Wb),WB_EAP,1992,6222.934,Africa,82.22357,8.51,12687083.0,731.249588719154,0.23324086023333332,0.6270868474897551
East Asia And Pacific (Wb),WB_EAP,1993,6469.884,Africa,82.68984,8.51,12687083.0,760.2683901292597,0.2345635128,0.5670758396892905
East Asia And Pacific (Wb),WB_EAP,1994,6784.153,Africa,83.24469,8.51,12687083.0,797.19776733255,0.23613743730000003,0.6710014192795599
East Asia And Pacific (Wb),WB_EAP,1995,7136.054,Africa,83.8043,8.51,12687083.0,838.5492361927145,0.23772486433333334,0.6722470826667548
East Asia And Pacific (Wb),WB_EAP,1996,7492.9214,Africa,84.29005,8.51,12687083.0,880.4843008225617,0.23910277516666667,0.5796241958944792
East Asia And Pacific (Wb),WB_EAP,1997,7741.4346,Africa,89.27749,8.51,12687083.0,909.6867920094007,0.25325047996666666,5.916997320561568
East Asia And Pacific (Wb),WB_EAP,1998,7650.917,Africa,89.64291,8.51,12687083.0,899.0501762632198,0.2542870547,0.4093081021879108
East Asia And Pacific (Wb),WB_EAP,1999,7893.5933,Africa,89.96028,8.51,12687083.0,927.5667802585194,0.2551873276,0.3540380382564434
East Asia And Pacific (Wb),WB_EAP,2000,8279.299,Africa,90.32185,8.51,12687083.0,972.8905992949473,0.25621298116666663,0.4019218259436297
East Asia And Pacific (Wb),WB_EAP,2001,8512.431,Africa,90.63564,8.51,12687083.0,1000.2856639247944,0.2571030988,0.3474131674672254
East Asia And Pacific (Wb),WB_EAP,2002,8870.338,Africa,90.98982,8.51,12687083.0,1042.3428907168038,0.2581077894,0.39077343084905625
East Asia And Pacific (Wb),WB_EAP,2003,9295.639,Africa,91.36144,8.51,12687083.0,1092.3195064629847,0.2591619514666667,0.4084193154794802
East Asia And Pacific (Wb),WB_EAP,2004,9822.029,Africa,91.69448,8.51,12687083.0,1154.1749706227968,0.26010667493333334,0.36453015626722873
East Asia And Pacific (Wb),WB_EAP,2005,10389.535,Africa,92.02961,8.51,12687083.0,1220.861927144536,0.26105732703333334,0.36548546869996645
East Asia And Pacific (Wb),WB_EAP,2006,11051.691,Africa,92.37919,8.51,12687083.0,1298.6710928319626,0.26204896896666663,0.3798560050401134
East Asia And Pacific (Wb),WB_EAP,2007,11869.004,Africa,93.5125,8.51,12687083.0,1394.7125734430083,0.2652637916666667,1.2268022700783643
East Asia And Pacific (Wb),WB_EAP,2008,12377.856,Africa,93.81618,8.51,12687083.0,1454.507168037603,0.26612523060000004,0.32474802833846184
East Asia And Pacific (Wb),WB_EAP,2009,12714.224,Africa,94.08518,8.51,12687083.0,1494.0333725029377,0.2668882939333333,0.2867309242392757
East Asia And Pacific (Wb),WB_EAP,2010,13649.818,Africa,94.20017,8.51,12687083.0,1603.9739130434782,0.2672144822333334,0.1222190359842168
East Asia And Pacific (Wb),WB_EAP,2011,14359.679,Africa,93.8646,8.51,12687083.0,1687.3888366627498,0.266262582,-0.3562307796259878
East Asia And Pacific (Wb),WB_EAP,2012,15050.348,Africa,94.09502,8.51,12687083.0,1768.5485311398356,0.2669162067333334,0.2454812570447329
East Asia And Pacific (Wb),WB_EAP,2013,15769.158,Africa,94.20693,8.51,12687083.0,1853.0150411280845,0.2672336581,0.1189329679721629
East Asia And Pacific (Wb),WB_EAP,2014,16465.184,Africa,94.71124,8.51,12687083.0,1934.804230317274,0.2686642174666667,0.5353215522467369
East Asia And Pacific (Wb),WB_EAP,2015,17172.613,Africa,94.92792,8.51,12687083.0,2017.9333725029378,0.2692788664,0.22877960419480647
East Asia And Pacific (Wb),WB_EAP,2016,17906.893,Africa,95.13196,8.51,12687083.0,2104.217743830787,0.2698576598666667,0.2149420318068751
East Asia And Pacific (Wb),WB_EAP,2017,18741.928,Africa,95.32305,8.51,12687083.0,2202.3417156286723,0.2703997185,0.20086835170849415
East Asia And Pacific (Wb),WB_EAP,2018,19592.787,Africa,95.36943,8.51,12687083.0,2302.3251468860167,0.2705312831,0.04865559799021035
East Asia And Pacific (Wb),WB_EAP,2019,20360.18,Africa,95.80688,8.51,12687083.0,2392.500587544066,0.2717721829333334,0.4586899596652927
East Asia And Pacific (Wb),WB_EAP,2020,20267.256,Africa,96.0287,8.51,12687083.0,2381.5811985898945,0.27240141233333337,0.2315282576783595
East Asia And Pacific (Wb),WB_EAP,2021,21508.496,Africa,96.16493,8.51,12687083.0,2527.437837837838,0.27278785143333334,0.14186383862324625
East Asia And Pacific (Wb),WB_EAP,2022,22175.197,Africa,96.30093,8.51,12687083.0,2605.781081081081,0.2731736381,0.14142369780749675
East Asia And Pacific (Wb),WB_EAP,2023,23098.934,Africa,96.43049,8.51,12687083.0,2714.328319623972,0.27354115663333334,0.13453660312523485
East Timor,TLS,1990,2143.792,Asia,90.0,8.51,12687083.0,251.9144535840188,0.2553,-6.6685236173745555
East Timor,TLS,1991,2318.7942,Asia,90.0,8.51,12687083.0,272.4787544065805,0.2553,0.0
East Timor,TLS,1992,2493.9087,Asia,90.0,8.51,12687083.0,293.0562514688602,0.2553,0.0
East Timor,TLS,1993,2674.3992,Asia,90.0,8.51,12687083.0,314.2654759106933,0.2553,0.0
East Timor,TLS,1994,2786.6763,Asia,90.0,8.51,12687083.0,327.4590246768508,0.2553,0.0
East Timor,TLS,1995,2891.8647,Asia,90.0,8.51,12687083.0,339.81958871915396,0.2553,0.0
East Timor,TLS,1996,3038.2305,Asia,90.0,8.51,12687083.0,357.0188601645124,0.2553,0.0
East Timor,TLS,1997,3073.9705,Asia,90.0,8.51,12687083.0,361.21862514688604,0.2553,0.0
East Timor,TLS,1998,2931.481,Asia,90.0,8.51,12687083.0,344.47485311398356,0.2553,0.0
East Timor,TLS,1999,2136.6494,Asia,90.0,8.51,12687083.0,251.07513513513513,0.2553,0.0
East Timor,TLS,2000,3783.7834,Asia,90.0,8.51,12687083.0,444.6278965922444,0.2553,0.0
East Timor,TLS,2001,4038.336,Asia,38.0,8.51,812253.0,474.5400705052879,0.10779333333333334,-57.77777777777777
East Timor,TLS,2002,3480.9885,Asia,90.0,8.51,12687083.0,409.04682726204464,0.2553,136.84210526315786
East Timor,TLS,2003,3264.9465,Asia,90.0,8.51,12687083.0,383.65998824911867,0.2553,0.0
East Timor,TLS,2004,3234.9758,Asia,90.0,8.51,12687083.0,380.1381668625147,0.2553,0.0
East Timor,TLS,2005,3263.9446,Asia,90.0,8.51,12687083.0,383.5422561692127,0.2553,0.0
East Timor,TLS,2006,3038.9526,Asia,90.0,8.51,12687083.0,357.1037132784959,0.2553,0.0
East Timor,TLS,2007,3256.5698,Asia,51.0,8.51,1004898.0,382.6756521739131,0.14467000000000002,-43.333333333333336
East Timor,TLS,2008,3530.8823,Asia,90.0,8.51,12687083.0,414.90978848413636,0.2553,76.47058823529412
East Timor,TLS,2009,3792.3582,Asia,90.0,8.51,12687083.0,445.6355111633373,0.2553,0.0
East Timor,TLS,2010,4047.2495,Asia,58.0,8.51,1084688.0,475.5874853113984,0.16452666666666665,-35.55555555555555
East Timor,TLS,2011,4189.8,Asia,90.0,8.51,12687083.0,492.3384253819037,0.2553,55.172413793103445
East Timor,TLS,2012,4297.915,Asia,90.0,8.51,12687083.0,505.04289071680375,0.2553,0.0
East Timor,TLS,2013,4340.2783,Asia,90.0,8.51,12687083.0,510.02095182138663,0.2553,0.0
East Timor,TLS,2014,4445.3594,Asia,90.0,8.51,12687083.0,522.3689071680376,0.2553,0.0
East Timor,TLS,2015,4467.8003,Asia,90.0,8.51,12687083.0,525.005910693302,0.2553,0.0
East Timor,TLS,2016,4515.423,Asia,65.77913,8.51,1228314.0,530.6019976498237,0.18659346543333333,-26.91207777777779
East Timor,TLS,2017,4290.0273,Asia,90.0,8.51,12687083.0,504.1160164512338,0.2553,36.821511625343796
East Timor,TLS,2018,4188.8413,Asia,90.0,8.51,12687083.0,492.2257696827262,0.2553,0.0
East Timor,TLS,2019,5103.1494,Asia,90.0,8.51,12687083.0,599.6650293772034,0.2553,0.0
East Timor,TLS,2020,6594.882,Asia,90.0,8.51,12687083.0,774.9567567567567,0.2553,0.0
East Timor,TLS,2021,6825.046,Asia,90.0,8.51,12687083.0,802.0030552291422,0.2553,0.0
East Timor,TLS,2022,5348.492,Asia,90.0,8.51,12687083.0,628.4949471210341,0.2553,0.0
East Timor,TLS,2023,4331.078,Asia,90.0,8.51,12687083.0,508.93983548766164,0.2553,0.0
Ecuador,ECU,1990,9104.816,South America,88.0,7.23,10473674.0,1259.3106500691563,0.21208000000000002,-2.2222222222222254
Ecuador,ECU,1991,9292.618,South America,90.0,8.51,12687083.0,1091.9645123384255,0.2553,2.2727272727272707
Ecuador,ECU,1992,9291.371,South America,90.0,8.51,12687083.0,1091.8179788484135,0.2553,0.0
Ecuador,ECU,1993,9284.315,South America,90.0,8.51,12687083.0,1090.9888366627497,0.2553,0.0
Ecuador,ECU,1994,9494.175,South America,90.0,8.51,12687083.0,1115.6492361927144,0.2553,0.0
Ecuador,ECU,1995,9525.177,South America,90.0,7.32,11590519.0,1301.25368852459,0.21960000000000002,0.0
Ecuador,ECU,1996,9509.275,South America,90.0,8.51,12687083.0,1117.4236192714454,0.2553,0.0
Ecuador,ECU,1997,9739.267,South America,90.0,8.51,12687083.0,1144.449706227967,0.2553,0.0
Ecuador,ECU,1998,9876.751,South America,90.0,8.51,12687083.0,1160.6052878965922,0.2553,0.0
Ecuador,ECU,1999,9242.967,South America,90.0,8.51,12687083.0,1086.1300822561693,0.2553,0.0
Ecuador,ECU,2000,9183.052,South America,90.0,7.41,12689215.0,1239.2782726045884,0.2223,0.0
Ecuador,ECU,2001,9405.117,South America,91.0,8.51,12910736.0,1105.1841363102233,0.2581366666666667,1.1111111111111072
Ecuador,ECU,2002,9697.556,South America,90.0,8.51,12687083.0,1139.5482961222092,0.2553,-1.098901098901095
Ecuador,ECU,2003,9802.814,South America,90.0,8.51,12687083.0,1151.9170387779084,0.2553,0.0
Ecuador,ECU,2004,10290.663,South America,90.0,8.51,12687083.0,1209.2435957696828,0.2553,0.0
Ecuador,ECU,2005,10660.205,South America,90.0,7.7,13846162.0,1384.4422077922077,0.23099999999999998,0.0
Ecuador,ECU,2006,10933.49,South America,90.0,8.51,12687083.0,1284.7814336075205,0.2553,0.0
Ecuador,ECU,2007,10952.822,South America,92.0,8.51,14328783.0,1287.0531139835489,0.26097333333333333,2.2222222222222143
Ecuador,ECU,2008,11474.525,South America,92.0,8.51,14575201.0,1348.3578143360753,0.26097333333333333,0.0
Ecuador,ECU,2009,11403.527,South America,92.0,8.51,14825960.0,1340.0149236192715,0.26097333333333333,0.0
Ecuador,ECU,2010,11665.698,South America,92.0,8.02,15076697.0,1454.5758104738156,0.24594666666666665,0.0
Ecuador,ECU,2011,12449.078,South America,92.0,8.51,15326232.0,1462.8763807285545,0.26097333333333333,0.0
Ecuador,ECU,2012,12961.026,South America,92.0,8.51,15572195.0,1523.0347826086957,0.26097333333333333,0.0
Ecuador,ECU,2013,13689.152,South America,93.0,8.51,15807132.0,1608.5960047003525,0.26381000000000004,1.0869565217391353
Ecuador,ECU,2014,14064.799,South America,94.0,8.51,16035127.0,1652.737837837838,0.26664666666666664,1.0752688172043001
Ecuador,ECU,2015,13881.57,South America,94.0,8.54,16266229.0,1625.476580796253,0.2675866666666666,0.0
Ecuador,ECU,2016,13586.516,South America,94.0,8.51,16505142.0,1596.5353701527615,0.26664666666666664,0.0
Ecuador,ECU,2017,14179.153,South America,93.0,8.51,16759515.0,1666.1754406580494,0.26381000000000004,-1.0638297872340385
Ecuador,ECU,2018,14083.507,South America,90.0,8.51,12687083.0,1654.9361927144537,0.2553,-3.2258064516129004
Ecuador,ECU,2019,13870.489,South America,90.0,8.51,12687083.0,1629.9047003525263,0.2553,0.0
Ecuador,ECU,2020,12440.326,South America,94.0,9.07,17546058.0,1371.590518191841,0.28419333333333335,4.444444444444451
Ecuador,ECU,2021,13507.444,South America,94.0,8.51,17682454.0,1587.2437132784958,0.26664666666666664,0.0
Ecuador,ECU,2022,14186.639,South America,94.0,8.51,17823900.0,1667.0551116333725,0.26664666666666664,0.0
Ecuador,ECU,2023,14343.019,South America,90.0,8.51,12687083.0,1685.4311398354878,0.2553,-4.255319148936165
Egypt,EGY,1990,8006.6216,Africa,90.0,4.6,58396625.0,1740.5699130434784,0.13799999999999998,0.0
Egypt,EGY,1991,7876.5527,Africa,90.0,8.51,12687083.0,925.5643595769683,0.2553,0.0
Egypt,EGY,1992,8034.5625,Africa,90.0,8.51,12687083.0,944.1319036427732,0.2553,0.0
Egypt,EGY,1993,8079.0547,Africa,90.0,8.51,12687083.0,949.3601292596944,0.2553,0.0
Egypt,EGY,1994,8221.047,Africa,90.0,8.51,12687083.0,966.0454759106934,0.2553,0.0
Egypt,EGY,1995,8423.578,Africa,90.0,5.36,65652621.0,1571.5630597014924,0.1608,0.0
Egypt,EGY,1996,8662.331,Africa,56.0,8.51,67028045.0,1017.9002350176264,0.15885333333333335,-37.77777777777778
Egypt,EGY,1997,8950.654,Africa,90.0,8.51,12687083.0,1051.7807285546417,0.2553,60.71428571428572
Egypt,EGY,1998,9245.479,Africa,90.0,8.51,12687083.0,1086.4252643948296,0.2553,0.0
Egypt,EGY,1999,9588.859,Africa,90.0,8.51,12687083.0,1126.7754406580493,0.2553,0.0
Egypt,EGY,2000,9981.628,Africa,90.0,6.3,73083287.0,1584.385396825397,0.189,0.0
Egypt,EGY,2001,10117.333,Africa,90.0,8.51,12687083.0,1188.8757931844889,0.2553,0.0
Egypt,EGY,2002,10143.506,Africa,90.0,8.51,12687083.0,1191.9513513513514,0.2553,0.0
Egypt,EGY,2003,10250.377,Africa,90.0,8.51,12687083.0,1204.5096357226794,0.2553,0.0
Egypt,EGY,2004,10451.821,Africa,90.0,8.51,12687083.0,1228.1810810810812,0.2553,0.0
Egypt,EGY,2005,10700.609,Africa,67.0,6.93,81101012.0,1544.0994227994229,0.15477,-25.555555555555554
Egypt,EGY,2006,11211.832,Africa,66.0,8.51,82700404.0,1317.4890716803761,0.18722000000000003,-1.4925373134328401
Egypt,EGY,2007,11782.006,Africa,90.0,8.51,12687083.0,1384.4895417156285,0.2553,36.36363636363635
Egypt,EGY,2008,12391.585,Africa,90.0,8.51,12687083.0,1456.12044653349,0.2553,0.0
Egypt,EGY,2009,12728.081,Africa,90.0,8.51,12687083.0,1495.6616921269097,0.2553,0.0
Egypt,EGY,2010,13128.988,Africa,72.0,7.44,89196073.0,1764.6489247311827,0.17856000000000002,-19.999999999999996
Egypt,EGY,2011,13082.427,Africa,90.0,8.51,12687083.0,1537.3004700352526,0.2553,25.0
Egypt,EGY,2012,13076.806,Africa,74.0,8.51,93161000.0,1536.639952996475,0.20991333333333334,-17.777777777777782
Egypt,EGY,2013,13058.075,Africa,72.0,8.51,95333551.0,1534.4388954171563,0.20424,-2.7027027027026973
Egypt,EGY,2014,13136.365,Africa,90.0,8.51,12687083.0,1543.63866039953,0.2553,25.0
Egypt,EGY,2015,13425.912,Africa,90.0,7.53,99597334.0,1782.989641434263,0.22590000000000002,0.0
Egypt,EGY,2016,13727.32,Africa,90.0,8.51,12687083.0,1613.081081081081,0.2553,0.0
Egypt,EGY,2017,14018.36,Africa,71.0,8.51,103696055.0,1647.2808460634549,0.20140333333333332,-21.111111111111114
Egypt,EGY,2018,14488.209,Africa,90.0,8.51,12687083.0,1702.4922444183314,0.2553,26.7605633802817
Egypt,EGY,2019,15026.568,Africa,90.0,8.51,12687083.0,1765.7541715628672,0.2553,0.0
Egypt,EGY,2020,15309.236,Africa,90.0,8.01,109315118.0,1911.265418227216,0.2403,0.0
Egypt,EGY,2021,15579.016,Africa,90.0,8.51,12687083.0,1830.6716803760282,0.2553,0.0
Egypt,EGY,2022,16360.391,Africa,90.0,8.51,12687083.0,1922.4901292596944,0.2553,0.0
Egypt,EGY,2023,16691.387,Africa,90.0,8.51,12687083.0,1961.3850763807284,0.2553,0.0
El Salvador,SLV,1990,5976.0176,North America,90.0,5.08,5399728.0,1176.3814173228347,0.1524,0.0
El Salvador,SLV,1991,5960.059,North America,90.0,8.51,12687083.0,700.3594594594595,0.2553,0.0
El Salvador,SLV,1992,6275.1875,North America,74.0,8.51,5585611.0,737.3898354876616,0.20991333333333334,-17.777777777777782
El Salvador,SLV,1993,6553.0723,North America,90.0,8.51,12687083.0,770.0437485311398,0.2553,21.62162162162162
El Salvador,SLV,1994,6795.506,North America,90.0,8.51,12687083.0,798.5318448883667,0.2553,0.0
El Salvador,SLV,1995,7057.9204,North America,90.0,5.8,5762135.0,1216.882827586207,0.174,0.0
El Salvador,SLV,1996,7062.3003,North America,90.0,8.51,12687083.0,829.882526439483,0.2553,0.0
El Salvador,SLV,1997,7234.9443,North America,90.0,8.51,12687083.0,850.1697179788484,0.2553,0.0
El Salvador,SLV,1998,7381.1147,North America,90.0,8.51,12687083.0,867.3460282021152,0.2553,0.0
El Salvador,SLV,1999,7498.4673,North America,90.0,8.51,12687083.0,881.1359929494713,0.2553,0.0
El Salvador,SLV,2000,7545.4478,North America,90.0,7.04,5943363.0,1071.7965625,0.2112,0.0
El Salvador,SLV,2001,7580.323,North America,90.0,8.51,12687083.0,890.7547591069331,0.2553,0.0
El Salvador,SLV,2002,7675.671,North America,90.0,8.51,12687083.0,901.9589894242068,0.2553,0.0
El Salvador,SLV,2003,7780.272,North America,90.0,8.51,12687083.0,914.2505287896593,0.2553,0.0
El Salvador,SLV,2004,7841.532,North America,90.0,8.51,12687083.0,921.4491186839014,0.2553,0.0
El Salvador,SLV,2005,8050.5347,North America,90.0,8.08,6005583.0,996.3533044554456,0.24239999999999998,0.0
El Salvador,SLV,2006,8404.247,North America,84.0,8.51,6002321.0,987.573090481786,0.23828,-6.666666666666665
El Salvador,SLV,2007,8548.835,North America,82.0,8.51,6009820.0,1004.5634547591069,0.23260666666666666,-2.3809523809523836
El Salvador,SLV,2008,8704.806,North America,84.0,8.51,6029302.0,1022.8914218566393,0.23828,2.4390243902439046
El Salvador,SLV,2009,8494.498,North America,84.0,8.51,6048284.0,998.1783783783784,0.23828,0.0
El Salvador,SLV,2010,8648.93,North America,84.0,8.06,6068253.0,1073.0682382133996,0.22568,0.0
El Salvador,SLV,2011,8943.062,North America,85.0,8.51,6090128.0,1050.8886016451233,0.24111666666666667,1.1904761904761862
El Salvador,SLV,2012,9165.42,North America,90.0,8.51,12687083.0,1077.0176263219741,0.2553,5.882352941176472
El Salvador,SLV,2013,9327.564,North America,87.0,8.51,6138845.0,1096.0709753231492,0.24679,-3.3333333333333326
El Salvador,SLV,2014,9451.744,North America,90.0,8.51,12687083.0,1110.6632197414808,0.2553,3.4482758620689724
El Salvador,SLV,2015,9646.154,North America,88.0,7.67,6183675.0,1257.6471968709257,0.22498666666666667,-2.2222222222222254
El Salvador,SLV,2016,9863.761,North America,88.0,8.51,6200808.0,1159.078848413631,0.2496266666666667,0.0
El Salvador,SLV,2017,10064.794,North America,88.0,8.51,6213538.0,1182.7019976498239,0.2496266666666667,0.0
El Salvador,SLV,2018,10297.203,North America,89.0,8.51,6219803.0,1210.0121034077556,0.2524633333333334,1.1363636363636465
El Salvador,SLV,2019,10543.938,North America,89.0,8.51,6222316.0,1239.0056404230318,0.2524633333333334,0.0
El Salvador,SLV,2020,9692.449,North America,90.0,8.1,6234679.0,1196.5986419753087,0.24299999999999997,1.1235955056179803
El Salvador,SLV,2021,10809.714,North America,90.0,8.51,12687083.0,1270.2366627497063,0.2553,0.0
El Salvador,SLV,2022,11085.618,North America,90.0,8.51,12687083.0,1302.6578143360753,0.2553,0.0
El Salvador,SLV,2023,11424.6455,North America,90.0,8.51,6309629.0,1342.4965334900119,0.2553,0.0
Equatorial Guinea,GNQ,1990,1122.8176,Africa,90.0,8.51,12687083.0,131.94096357226795,0.2553,0.0
Equatorial Guinea,GNQ,1991,1070.8276,Africa,90.0,8.51,12687083.0,125.83168037602822,0.2553,0.0
Equatorial Guinea,GNQ,1992,1390.4791,Africa,90.0,8.51,12687083.0,163.39354876615747,0.2553,0.0
Equatorial Guinea,GNQ,1993,1487.812,Africa,90.0,8.51,12687083.0,174.83102232667449,0.2553,0.0
Equatorial Guinea,GNQ,1994,1672.3455,Africa,90.0,8.51,12687083.0,196.5153349001175,0.2553,0.0
Equatorial Guinea,GNQ,1995,1892.1166,Africa,90.0,8.51,12687083.0,222.34037602820212,0.2553,0.0
Equatorial Guinea,GNQ,1996,3033.8403,Africa,90.0,8.51,12687083.0,356.50297297297294,0.2553,0.0
Equatorial Guinea,GNQ,1997,7296.1,Africa,90.0,8.51,12687083.0,857.3560517038778,0.2553,0.0
Equatorial Guinea,GNQ,1998,8684.657,Africa,90.0,8.51,12687083.0,1020.5237367802584,0.2553,0.0
Equatorial Guinea,GNQ,1999,10492.465,Africa,90.0,8.51,12687083.0,1232.9571092831964,0.2553,0.0
Equatorial Guinea,GNQ,2000,11767.471,Africa,88.0,8.51,703287.0,1382.7815511163337,0.2496266666666667,-2.2222222222222254
Equatorial Guinea,GNQ,2001,18031.965,Africa,90.0,8.51,12687083.0,2118.9148061104584,0.2553,2.2727272727272707
Equatorial Guinea,GNQ,2002,20242.432,Africa,90.0,8.51,12687083.0,2378.664159811986,0.2553,0.0
Equatorial Guinea,GNQ,2003,21709.574,Africa,90.0,8.51,12687083.0,2551.066274970623,0.2553,0.0
Equatorial Guinea,GNQ,2004,28225.986,Africa,90.0,8.51,12687083.0,3316.802115158637,0.2553,0.0
Equatorial Guinea,GNQ,2005,31302.957,Africa,90.0,8.51,12687083.0,3678.373325499412,0.2553,0.0
Equatorial Guinea,GNQ,2006,32251.768,Africa,90.0,8.51,12687083.0,3789.866980023502,0.2553,0.0
Equatorial Guinea,GNQ,2007,35540.45,Africa,90.0,8.51,12687083.0,4176.3160987074025,0.2553,0.0
Equatorial Guinea,GNQ,2008,39994.617,Africa,90.0,8.51,12687083.0,4699.719976498237,0.2553,0.0
Equatorial Guinea,GNQ,2009,38706.605,Africa,90.0,8.51,12687083.0,4548.3672150411285,0.2553,0.0
Equatorial Guinea,GNQ,2010,33668.875,Africa,90.0,8.51,12687083.0,3956.3895417156286,0.2553,0.0
Equatorial Guinea,GNQ,2011,34341.934,Africa,90.0,8.51,12687083.0,4035.4799059929496,0.2553,0.0
Equatorial Guinea,GNQ,2012,35711.492,Africa,90.0,8.51,12687083.0,4196.415041128084,0.2553,0.0
Equatorial Guinea,GNQ,2013,32894.37,Africa,90.0,8.51,12687083.0,3865.378378378379,0.2553,0.0
Equatorial Guinea,GNQ,2014,31765.9,Africa,90.0,8.51,12687083.0,3732.7732079905995,0.2553,0.0
Equatorial Guinea,GNQ,2015,27797.795,Africa,90.0,8.51,12687083.0,3266.4858989424206,0.2553,0.0
Equatorial Guinea,GNQ,2016,24435.064,Africa,90.0,8.51,12687083.0,2871.3353701527612,0.2553,0.0
Equatorial Guinea,GNQ,2017,22250.44,Africa,90.0,8.51,12687083.0,2614.622796709753,0.2553,0.0
Equatorial Guinea,GNQ,2018,20165.48,Africa,90.0,8.51,12687083.0,2369.6216216216217,0.2553,0.0
Equatorial Guinea,GNQ,2019,18446.592,Africa,90.0,8.51,12687083.0,2167.637132784959,0.2553,0.0
Equatorial Guinea,GNQ,2020,17089.154,Africa,90.0,8.51,12687083.0,2008.1262044653347,0.2553,0.0
Equatorial Guinea,GNQ,2021,16821.45,Africa,90.0,8.51,12687083.0,1976.6686251468861,0.2553,0.0
Equatorial Guinea,GNQ,2022,16932.771,Africa,90.0,8.51,12687083.0,1989.7498237367804,0.2553,0.0
Equatorial Guinea,GNQ,2023,15688.238,Africa,90.0,8.51,12687083.0,1843.5062279670974,0.2553,0.0
Estonia,EST,1990,19163.229,Europe,90.0,8.51,12687083.0,2251.848296122209,0.2553,0.0
Estonia,EST,1991,17718.955,Europe,90.0,8.51,12687083.0,2082.133372502938,0.2553,0.0
Estonia,EST,1992,14225.231,Europe,90.0,8.51,12687083.0,1671.5900117508813,0.2553,0.0
Estonia,EST,1993,13758.295,Europe,90.0,8.51,12687083.0,1616.7209165687427,0.2553,0.0
Estonia,EST,1994,13824.843,Europe,90.0,8.51,12687083.0,1624.54089306698,0.2553,0.0
Estonia,EST,1995,14710.969,Europe,90.0,8.51,12687083.0,1728.6685076380727,0.2553,0.0
Estonia,EST,1996,15667.591,Europe,90.0,8.51,12687083.0,1841.0800235017628,0.2553,0.0
Estonia,EST,1997,17915.453,Europe,90.0,8.51,12687083.0,2105.2236192714454,0.2553,0.0
Estonia,EST,1998,18873.375,Europe,90.0,8.51,12687083.0,2217.7878965922446,0.2553,0.0
Estonia,EST,1999,18737.898,Europe,90.0,8.51,12687083.0,2201.8681551116338,0.2553,0.0
Estonia,EST,2000,20528.57,Europe,100.0,8.51,1397001.0,2412.2878965922446,0.2836666666666667,11.111111111111116
Estonia,EST,2001,21874.695,Europe,90.0,8.51,12687083.0,2570.469447708578,0.2553,-9.999999999999998
Estonia,EST,2002,23539.906,Europe,90.0,8.51,12687083.0,2766.1464159811985,0.2553,0.0
Estonia,EST,2003,25487.533,Europe,90.0,8.51,12687083.0,2995.0097532314926,0.2553,0.0
Estonia,EST,2004,27384.084,Europe,90.0,8.51,12687083.0,3217.8712103407756,0.2553,0.0
Estonia,EST,2005,30164.006,Europe,90.0,8.51,12687083.0,3544.5365452408932,0.2553,0.0
Estonia,EST,2006,33304.594,Europe,90.0,8.51,12687083.0,3913.583313748531,0.2553,0.0
Estonia,EST,2007,35989.863,Europe,90.0,8.51,12687083.0,4229.126086956521,0.2553,0.0
Estonia,EST,2008,34236.95,Europe,90.0,8.51,12687083.0,4023.143360752056,0.2553,0.0
Estonia,EST,2009,29284.404,Europe,90.0,8.51,12687083.0,3441.1755581668626,0.2553,0.0
Estonia,EST,2010,30070.299,Europe,90.0,8.51,12687083.0,3533.5251468860165,0.2553,0.0
Estonia,EST,2011,32456.121,Europe,100.0,8.51,1327366.0,3813.880258519389,0.2836666666666667,11.111111111111116
Estonia,EST,2012,33768.574,Europe,90.0,8.51,12687083.0,3968.105052878966,0.2553,-9.999999999999998
Estonia,EST,2013,34484.223,Europe,90.0,8.51,12687083.0,4052.200117508813,0.2553,0.0
Estonia,EST,2014,35723.625,Europe,90.0,8.51,12687083.0,4197.840775558167,0.2553,0.0
Estonia,EST,2015,36356.44,Europe,90.0,12.33,1314580.0,2948.616382806164,0.3699,0.0
Estonia,EST,2016,37470.043,Europe,90.0,8.51,12687083.0,4403.060282021152,0.2553,0.0
Estonia,EST,2017,39533.465,Europe,90.0,8.51,12687083.0,4645.530552291421,0.2553,0.0
Estonia,EST,2018,40853.65,Europe,90.0,8.51,12687083.0,4800.663924794359,0.2553,0.0
Estonia,EST,2019,42218.96,Europe,90.0,8.51,12687083.0,4961.099882491187,0.2553,0.0
Estonia,EST,2020,40920.527,Europe,90.0,12.29,1329675.0,3329.579088689992,0.36869999999999997,0.0
Estonia,EST,2021,44251.54,Europe,90.0,8.51,12687083.0,5199.945945945946,0.2553,0.0
Estonia,EST,2022,43128.633,Europe,90.0,8.51,12687083.0,5067.994477085782,0.2553,0.0
Estonia,EST,2023,41288.617,Europe,90.0,8.51,12687083.0,4851.776380728555,0.2553,0.0
Eswatini,SWZ,1990,5447.739,Africa,90.0,5.28,872436.0,1031.76875,0.1584,0.0
Eswatini,SWZ,1991,5325.3525,Africa,90.0,8.51,12687083.0,625.7758519388955,0.2553,0.0
Eswatini,SWZ,1992,5291.8965,Africa,90.0,8.51,12687083.0,621.8444770857815,0.2553,0.0
Eswatini,SWZ,1993,5299.532,Africa,90.0,8.51,12687083.0,622.7417156286722,0.2553,0.0
Eswatini,SWZ,1994,5427.35,Africa,90.0,8.51,12687083.0,637.7614571092832,0.2553,0.0
Eswatini,SWZ,1995,5693.822,Africa,90.0,5.2,970439.0,1094.9657692307692,0.156,0.0
Eswatini,SWZ,1996,5796.6523,Africa,90.0,8.51,12687083.0,681.1577320799059,0.2553,0.0
Eswatini,SWZ,1997,5876.803,Africa,90.0,8.51,12687083.0,690.5761457109284,0.2553,0.0
Eswatini,SWZ,1998,5952.854,Africa,90.0,8.51,12687083.0,699.5128084606346,0.2553,0.0
Eswatini,SWZ,1999,6062.348,Africa,90.0,8.51,12687083.0,712.3793184488836,0.2553,0.0
Eswatini,SWZ,2000,6106.0747,Africa,82.0,4.62,1041428.0,1321.6611904761905,0.12628,-8.888888888888891
Eswatini,SWZ,2001,6135.453,Africa,90.0,8.51,12687083.0,720.9698002350177,0.2553,9.756097560975618
Eswatini,SWZ,2002,6335.8135,Africa,90.0,8.51,12687083.0,744.5139247943596,0.2553,0.0
Eswatini,SWZ,2003,6578.302,Africa,90.0,8.51,12687083.0,773.0084606345475,0.2553,0.0
Eswatini,SWZ,2004,6775.2217,Africa,90.0,8.51,12687083.0,796.1482608695652,0.2553,0.0
Eswatini,SWZ,2005,7142.1924,Africa,90.0,4.64,1079022.0,1539.265603448276,0.1392,0.0
Eswatini,SWZ,2006,7584.72,Africa,90.0,8.51,12687083.0,891.2714453584019,0.2553,0.0
Eswatini,SWZ,2007,7866.731,Africa,90.0,8.51,12687083.0,924.410223266745,0.2553,0.0
Eswatini,SWZ,2008,7926.3794,Africa,90.0,8.51,12687083.0,931.4194359576968,0.2553,0.0
Eswatini,SWZ,2009,7988.5977,Africa,90.0,8.51,12687083.0,938.7306345475911,0.2553,0.0
Eswatini,SWZ,2010,8245.642,Africa,90.0,5.33,1111651.0,1547.024765478424,0.15990000000000001,0.0
Eswatini,SWZ,2011,8350.892,Africa,90.0,8.51,12687083.0,981.3034077555817,0.2553,0.0
Eswatini,SWZ,2012,8645.845,Africa,90.0,8.51,12687083.0,1015.9629847238542,0.2553,0.0
Eswatini,SWZ,2013,8951.058,Africa,90.0,8.51,12687083.0,1051.8282021151588,0.2553,0.0
Eswatini,SWZ,2014,9084.494,Africa,90.0,8.51,12687083.0,1067.5081081081082,0.2553,0.0
Eswatini,SWZ,2015,9186.653,Africa,90.0,5.77,1142822.0,1592.1409012131717,0.1731,0.0
Eswatini,SWZ,2016,9402.509,Africa,90.0,8.51,12687083.0,1104.8776733254995,0.2553,0.0
Eswatini,SWZ,2017,9660.552,Africa,90.0,8.51,12687083.0,1135.2,0.2553,0.0
Eswatini,SWZ,2018,9578.101,Africa,90.0,8.51,12687083.0,1125.5112808460635,0.2553,0.0
Eswatini,SWZ,2019,10099.586,Africa,90.0,8.51,12687083.0,1186.7903642773208,0.2553,0.0
Eswatini,SWZ,2020,9695.825,Africa,90.0,6.46,1192734.0,1500.9017027863779,0.1938,0.0
Eswatini,SWZ,2021,9990.435,Africa,90.0,8.51,12687083.0,1173.9641598119858,0.2553,0.0
Eswatini,SWZ,2022,9927.605,Africa,90.74702,8.51,1218921.0,1166.581081081081,0.2574190467333334,0.8300222222222375
Eswatini,SWZ,2023,10181.504,Africa,90.0,8.51,12687083.0,1196.4164512338427,0.2553,-0.8231895658942889
Ethiopia,ETH,1990,874.3469,Africa,90.0,8.51,12687083.0,102.74346650998825,0.2553,0.0
Ethiopia,ETH,1991,777.52356,Africa,90.0,8.51,12687083.0,91.36587074030552,0.2553,0.0
Ethiopia,ETH,1992,680.8348,Africa,90.0,8.51,12687083.0,80.004089306698,0.2553,0.0
Ethiopia,ETH,1993,743.7085,Africa,90.0,8.51,12687083.0,87.39230317273795,0.2553,0.0
Ethiopia,ETH,1994,741.17664,Africa,27.0,8.51,55611514.0,87.09478730904819,0.07659,-70.0
Ethiopia,ETH,1995,760.26434,Africa,90.0,8.51,12687083.0,89.33776028202115,0.2553,233.33333333333334
Ethiopia,ETH,1996,826.99164,Africa,90.0,8.51,12687083.0,97.17880611045828,0.2553,0.0
Ethiopia,ETH,1997,826.0052,Africa,90.0,8.51,12687083.0,97.06289071680375,0.2553,0.0
Ethiopia,ETH,1998,772.7866,Africa,90.0,8.51,12687083.0,90.80923619271447,0.2553,0.0
Ethiopia,ETH,1999,787.67957,Africa,90.0,8.51,12687083.0,92.55929142185664,0.2553,0.0
Ethiopia,ETH,2000,810.27075,Africa,90.0,8.51,12687083.0,95.21395417156288,0.2553,0.0
Ethiopia,ETH,2001,851.3134,Africa,90.0,8.51,12687083.0,100.03682726204465,0.2553,0.0
Ethiopia,ETH,2002,838.29803,Africa,90.0,8.51,12687083.0,98.50740658049354,0.2553,0.0
Ethiopia,ETH,2003,795.77216,Africa,90.0,8.51,12687083.0,93.51024206815511,0.2553,0.0
Ethiopia,ETH,2004,877.1145,Africa,36.0,8.51,76077211.0,103.0686839012926,0.10212,-60.0
Ethiopia,ETH,2005,952.11566,Africa,90.0,8.51,12687083.0,111.8819811985899,0.2553,150.0
Ethiopia,ETH,2006,1024.7291,Africa,90.0,8.51,12687083.0,120.41470035252644,0.2553,0.0
Ethiopia,ETH,2007,1109.1433,Africa,39.0,8.51,83103218.0,130.33411280846065,0.11063,-56.666666666666664
Ethiopia,ETH,2008,1193.7473,Africa,90.0,8.51,12687083.0,140.2758284371328,0.2553,130.76923076923075
Ethiopia,ETH,2009,1262.464,Africa,90.0,8.51,12687083.0,148.35064629847238,0.2553,0.0
Ethiopia,ETH,2010,1381.1904,Africa,90.0,8.51,12687083.0,162.302044653349,0.2553,0.0
Ethiopia,ETH,2011,1492.5339,Africa,90.0,8.51,12687083.0,175.38588719153935,0.2553,0.0
Ethiopia,ETH,2012,1576.7688,Africa,90.0,8.51,12687083.0,185.2842303172738,0.2553,0.0
Ethiopia,ETH,2013,1696.8651,Africa,90.0,8.51,12687083.0,199.39660399529964,0.2553,0.0
Ethiopia,ETH,2014,1821.3916,Africa,90.0,8.51,12687083.0,214.0295652173913,0.2553,0.0
Ethiopia,ETH,2015,1957.4146,Africa,90.0,8.51,12687083.0,230.01346650998826,0.2553,0.0
Ethiopia,ETH,2016,2084.8406,Africa,47.49159,8.51,106718163.0,244.9871445358402,0.13471781030000002,-47.231566666666666
Ethiopia,ETH,2017,2222.8281,Africa,90.0,8.51,12687083.0,261.20189189189193,0.2553,89.5072369655343
Ethiopia,ETH,2018,2311.165,Africa,90.0,8.51,12687083.0,271.5822561692127,0.2553,0.0
Ethiopia,ETH,2019,2437.9705,Africa,90.0,8.51,12687083.0,286.4830199764982,0.2553,0.0
Ethiopia,ETH,2020,2516.549,Africa,90.0,8.51,12687083.0,295.71668625146884,0.2553,0.0
Ethiopia,ETH,2021,2588.413,Africa,90.0,8.51,12687083.0,304.16133960047006,0.2553,0.0
Ethiopia,ETH,2022,2655.5928,Africa,90.0,8.51,12687083.0,312.0555581668625,0.2553,0.0
Ethiopia,ETH,2023,2757.9592,Africa,90.0,8.51,12687083.0,324.0845123384254,0.2553,0.0
Europe And Central Asia (Wb),WB_ECA,1990,28222.451,Africa,90.0,8.51,12687083.0,3316.386721504113,0.2553,0.0
Europe And Central Asia (Wb),WB_ECA,1991,27734.74,Africa,90.0,8.51,12687083.0,3259.076380728555,0.2553,0.0
Europe And Central Asia (Wb),WB_ECA,1992,26826.291,Africa,90.0,8.51,12687083.0,3152.325616921269,0.2553,0.0
Europe And Central Asia (Wb),WB_ECA,1993,26191.488,Africa,90.0,8.51,12687083.0,3077.7306698002353,0.2553,0.0
Europe And Central Asia (Wb),WB_ECA,1994,25879.432,Africa,95.93806,8.51,12687083.0,3041.06133960047,0.27214429686666664,6.597844444444445
Europe And Central Asia (Wb),WB_ECA,1995,26218.557,Africa,96.06758,8.51,12687083.0,3080.91151586369,0.27251170193333335,0.13500377222555038
Europe And Central Asia (Wb),WB_ECA,1996,26515.572,Africa,96.22135,8.51,12687083.0,3115.8133960047003,0.2729478961666667,0.16006440466178606
Europe And Central Asia (Wb),WB_ECA,1997,27222.135,Africa,96.3414,8.51,12687083.0,3198.8407755581666,0.27328843799999997,0.12476441039332986
Europe And Central Asia (Wb),WB_ECA,1998,27710.936,Africa,96.48624,8.51,12687083.0,3256.279200940071,0.2736993008,0.15034035212275754
Europe And Central Asia (Wb),WB_ECA,1999,28487.771,Africa,96.59245,8.51,12687083.0,3347.564159811986,0.27400058316666664,0.11007787224375232
Europe And Central Asia (Wb),WB_ECA,2000,29836.898,Africa,96.65252,8.51,12687083.0,3506.098472385429,0.2741709817333333,0.06218912554758482
Europe And Central Asia (Wb),WB_ECA,2001,30559.861,Africa,96.7528,8.51,12687083.0,3591.0529964747357,0.27445544266666666,0.10375311476618077
Europe And Central Asia (Wb),WB_ECA,2002,31142.578,Africa,96.91116,8.51,12687083.0,3659.5273795534667,0.2749046572,0.16367484972010793
Europe And Central Asia (Wb),WB_ECA,2003,31861.031,Africa,97.00517,8.51,12687083.0,3743.9519388954172,0.27517133223333334,0.09700637160880987
Europe And Central Asia (Wb),WB_ECA,2004,33030.97,Africa,97.09123,8.51,12687083.0,3881.4300822561695,0.27541545576666665,0.08871692096410477
Europe And Central Asia (Wb),WB_ECA,2005,34028.66,Africa,97.21017,8.51,12687083.0,3998.667450058755,0.2757528489,0.12250334041499222
Europe And Central Asia (Wb),WB_ECA,2006,35505.06,Africa,97.27016,8.51,12687083.0,4172.157461809636,0.27592302053333334,0.06171165012878177
Europe And Central Asia (Wb),WB_ECA,2007,36985.766,Africa,97.35178,8.51,12687083.0,4346.153466509989,0.2761545492666667,0.08391062582810971
Europe And Central Asia (Wb),WB_ECA,2008,37463.883,Africa,97.47324,8.51,12687083.0,4402.33642773208,0.2764990908,0.12476402588632585
Europe And Central Asia (Wb),WB_ECA,2009,35515.92,Africa,97.73077,8.51,12687083.0,4173.433607520564,0.2772296175666667,0.26420584767676836
Europe And Central Asia (Wb),WB_ECA,2010,36408.71,Africa,97.89465,8.51,12687083.0,4278.344300822561,0.2776944905,0.16768516200167394
Europe And Central Asia (Wb),WB_ECA,2011,37348.582,Africa,98.03516,8.51,12687083.0,4388.787544065805,0.2780930705333334,0.14353184775675043
Europe And Central Asia (Wb),WB_ECA,2012,37472.355,Africa,98.13266,8.51,12687083.0,4403.33196239718,0.2783696455333334,0.0994541142177896
Europe And Central Asia (Wb),WB_ECA,2013,37739.586,Africa,98.19623,8.51,12687083.0,4434.733960047004,0.27854997243333335,0.06477965643649775
Europe And Central Asia (Wb),WB_ECA,2014,38215.492,Africa,98.23871,8.51,12687083.0,4490.657109283196,0.27867047403333334,0.043260316612969696
Europe And Central Asia (Wb),WB_ECA,2015,38658.89,Africa,98.28185,8.51,12687083.0,4542.760282021151,0.27879284783333336,0.04391344308165568
Europe And Central Asia (Wb),WB_ECA,2016,39180.496,Africa,98.33891,8.51,12687083.0,4604.053584018801,0.27895470803333333,0.0580575151973628
Europe And Central Asia (Wb),WB_ECA,2017,40232.266,Africa,98.41798,8.51,12687083.0,4727.645828437133,0.27917900326666667,0.08040560953950227
Europe And Central Asia (Wb),WB_ECA,2018,41055.445,Africa,98.50179,8.51,12687083.0,4824.376615746181,0.2794167443,0.08515720399870919
Europe And Central Asia (Wb),WB_ECA,2019,41747.723,Africa,98.56401,8.51,12687083.0,4905.725381903642,0.2795932417,0.06316636479397619
Europe And Central Asia (Wb),WB_ECA,2020,39677.332,Africa,98.60383,8.51,12687083.0,4662.436192714454,0.27970619776666666,0.04040014199910846
Europe And Central Asia (Wb),WB_ECA,2021,42315.387,Africa,98.64628,8.51,12687083.0,4972.430904817862,0.2798266142666667,0.043051066069144106
Europe And Central Asia (Wb),WB_ECA,2022,43405.8,Africa,98.66442,8.51,12687083.0,5100.564042303173,0.27987807140000004,0.01838893468664171
Europe And Central Asia (Wb),WB_ECA,2023,44089.508,Africa,98.68871,8.51,12687083.0,5180.905757931845,0.27994697403333335,0.024618803820053436
European Union (27),OWID_EU27,1990,33420.543,Africa,90.0,8.51,12687083.0,3927.2083431257342,0.2553,-8.804158044015365
European Union (27),OWID_EU27,1991,33581.098,Africa,90.0,8.51,12687083.0,3946.0749706227966,0.2553,0.0
European Union (27),OWID_EU27,1992,33679.79,Africa,90.0,8.51,12687083.0,3957.672150411281,0.2553,0.0
European Union (27),OWID_EU27,1993,33378.28,Africa,90.0,8.51,12687083.0,3922.2420681551116,0.2553,0.0
European Union (27),OWID_EU27,1994,34195.84,Africa,90.0,8.51,12687083.0,4018.3125734430078,0.2553,0.0
European Union (27),OWID_EU27,1995,35111.285,Africa,90.0,8.51,12687083.0,4125.885428907169,0.2553,0.0
European Union (27),OWID_EU27,1996,35771.523,Africa,90.0,8.51,12687083.0,4203.469212690952,0.2553,0.0
European Union (27),OWID_EU27,1997,36635.46,Africa,90.0,8.51,12687083.0,4304.989424206816,0.2553,0.0
European Union (27),OWID_EU27,1998,37659.105,Africa,90.0,8.51,12687083.0,4425.276733254995,0.2553,0.0
European Union (27),OWID_EU27,1999,38685.863,Africa,90.0,8.51,12687083.0,4545.929847238543,0.2553,0.0
European Union (27),OWID_EU27,2000,40159.266,Africa,90.0,8.51,12687083.0,4719.067685076381,0.2553,0.0
European Union (27),OWID_EU27,2001,41007.742,Africa,90.0,8.51,12687083.0,4818.771092831962,0.2553,0.0
European Union (27),OWID_EU27,2002,41422.387,Africa,90.0,8.51,12687083.0,4867.4955346651,0.2553,0.0
European Union (27),OWID_EU27,2003,41728.848,Africa,90.0,8.51,12687083.0,4903.507403055229,0.2553,0.0
European Union (27),OWID_EU27,2004,42725.73,Africa,90.0,8.51,12687083.0,5020.6498237367805,0.2553,0.0
European Union (27),OWID_EU27,2005,43476.48,Africa,90.0,8.51,12687083.0,5108.869565217392,0.2553,0.0
European Union (27),OWID_EU27,2006,44946.523,Africa,90.0,8.51,12687083.0,5281.612573443009,0.2553,0.0
European Union (27),OWID_EU27,2007,46274.406,Africa,90.0,8.51,12687083.0,5437.65052878966,0.2553,0.0
European Union (27),OWID_EU27,2008,46520.37,Africa,90.0,8.51,12687083.0,5466.5534665099885,0.2553,0.0
European Union (27),OWID_EU27,2009,44429.824,Africa,90.0,8.51,12687083.0,5220.895887191539,0.2553,0.0
European Union (27),OWID_EU27,2010,45250.39,Africa,90.0,8.51,12687083.0,5317.319623971798,0.2553,0.0
European Union (27),OWID_EU27,2011,46205.207,Africa,90.0,8.51,12687083.0,5429.519036427732,0.2553,0.0
European Union (27),OWID_EU27,2012,45787.934,Africa,90.0,8.51,12687083.0,5380.485781433607,0.2553,0.0
European Union (27),OWID_EU27,2013,45723.977,Africa,90.0,8.51,12687083.0,5372.970270270271,0.2553,0.0
European Union (27),OWID_EU27,2014,46454.75,Africa,90.0,8.51,12687083.0,5458.842538190364,0.2553,0.0
European Union (27),OWID_EU27,2015,47490.676,Africa,90.0,8.51,12687083.0,5580.572972972973,0.2553,0.0
European Union (27),OWID_EU27,2016,48336.277,Africa,90.0,8.51,12687083.0,5679.938542890717,0.2553,0.0
European Union (27),OWID_EU27,2017,49704.03,Africa,90.0,8.51,12687083.0,5840.661574618096,0.2553,0.0
European Union (27),OWID_EU27,2018,50706.367,Africa,90.0,8.51,12687083.0,5958.445005875441,0.2553,0.0
European Union (27),OWID_EU27,2019,51662.36,Africa,90.0,8.51,12687083.0,6070.782608695652,0.2553,0.0
European Union (27),OWID_EU27,2020,48770.375,Africa,90.0,8.51,12687083.0,5730.948883666275,0.2553,0.0
European Union (27),OWID_EU27,2021,51969.965,Africa,90.0,8.51,12687083.0,6106.928907168038,0.2553,0.0
European Union (27),OWID_EU27,2022,53777.477,Africa,90.0,8.51,12687083.0,6319.32749706228,0.2553,0.0
European Union (27),OWID_EU27,2023,53869.324,Africa,90.0,8.51,12687083.0,6330.120329024677,0.2553,0.0
Faroe Islands,FRO,2008,54263.33,Europe,90.0,8.51,12687083.0,6376.419506462985,0.2553,0.0
Faroe Islands,FRO,2009,51533.543,Europe,90.0,8.51,12687083.0,6055.645475910693,0.2553,0.0
Faroe Islands,FRO,2010,51479.195,Europe,90.0,8.51,12687083.0,6049.25910693302,0.2553,0.0
Faroe Islands,FRO,2011,53440.336,Europe,90.0,8.51,12687083.0,6279.710458284372,0.2553,0.0
Faroe Islands,FRO,2012,57523.324,Europe,90.0,8.51,12687083.0,6759.497532314924,0.2553,0.0
Faroe Islands,FRO,2013,60948.77,Europe,90.0,8.51,12687083.0,7162.017626321974,0.2553,0.0
Faroe Islands,FRO,2014,64018.094,Europe,90.0,8.51,12687083.0,7522.690246768508,0.2553,0.0
Faroe Islands,FRO,2015,64008.85,Europe,90.0,8.51,12687083.0,7521.603995299647,0.2553,0.0
Faroe Islands,FRO,2016,64155.027,Europe,90.0,8.51,12687083.0,7538.7810810810815,0.2553,0.0
Faroe Islands,FRO,2017,65460.605,Europe,90.0,8.51,12687083.0,7692.1980023501765,0.2553,0.0
Faroe Islands,FRO,2018,66193.34,Europe,90.0,8.51,12687083.0,7778.300822561692,0.2553,0.0
Faroe Islands,FRO,2019,68134.03,Europe,90.0,8.51,12687083.0,8006.349001175088,0.2553,0.0
Faroe Islands,FRO,2020,66032.914,Europe,90.0,8.51,12687083.0,7759.449353701529,0.2553,0.0
Faroe Islands,FRO,2021,68426.8,Europe,90.0,8.51,12687083.0,8040.752056404231,0.2553,0.0
Faroe Islands,FRO,2022,70256.72,Europe,90.0,8.51,12687083.0,8255.783783783783,0.2553,0.0
Faroe Islands,FRO,2023,71807.31,Europe,90.0,8.51,12687083.0,8437.99177438308,0.2553,0.0
Fiji,FJI,1990,7820.7173,Oceania,90.0,9.24,773325.0,846.3979761904762,0.2772,0.0
Fiji,FJI,1991,7547.678,Oceania,90.0,8.51,12687083.0,886.9186839012926,0.2553,0.0
Fiji,FJI,1992,7950.0664,Oceania,90.0,8.51,12687083.0,934.2028672150411,0.2553,0.0
Fiji,FJI,1993,8067.8047,Oceania,90.0,8.51,12687083.0,948.0381551116334,0.2553,0.0
Fiji,FJI,1994,8432.299,Oceania,90.0,8.51,12687083.0,990.8694477085783,0.2553,0.0
Fiji,FJI,1995,8600.093,Oceania,90.0,10.28,798750.0,836.5849221789884,0.30839999999999995,0.0
Fiji,FJI,1996,8956.351,Oceania,90.0,8.51,12687083.0,1052.4501762632199,0.2553,0.0
Fiji,FJI,1997,8669.252,Oceania,90.0,8.51,12687083.0,1018.7135135135136,0.2553,0.0
Fiji,FJI,1998,8673.878,Oceania,90.0,8.51,12687083.0,1019.2571092831963,0.2553,0.0
Fiji,FJI,1999,9328.606,Oceania,90.0,8.51,12687083.0,1096.193419506463,0.2553,0.0
Fiji,FJI,2000,9070.993,Oceania,90.0,9.97,840913.0,909.8287863590772,0.29910000000000003,0.0
Fiji,FJI,2001,9157.809,Oceania,90.0,8.51,12687083.0,1076.1232667450058,0.2553,0.0
Fiji,FJI,2002,9357.754,Oceania,90.0,8.51,12687083.0,1099.6185663924796,0.2553,0.0
Fiji,FJI,2003,9361.464,Oceania,90.0,8.51,12687083.0,1100.0545240893068,0.2553,0.0
Fiji,FJI,2004,9766.527,Oceania,90.0,8.51,12687083.0,1147.6529964747356,0.2553,0.0
Fiji,FJI,2005,9745.581,Oceania,90.0,9.76,882384.0,998.522643442623,0.2928,0.0
Fiji,FJI,2006,9837.086,Oceania,90.0,8.51,12687083.0,1155.9443008225617,0.2553,0.0
Fiji,FJI,2007,9672.29,Oceania,90.0,8.51,12687083.0,1136.579318448884,0.2553,0.0
Fiji,FJI,2008,9711.966,Oceania,90.0,8.51,12687083.0,1141.241598119859,0.2553,0.0
Fiji,FJI,2009,9536.817,Oceania,90.0,8.51,12687083.0,1120.6600470035253,0.2553,0.0
Fiji,FJI,2010,9784.304,Oceania,90.0,10.35,910427.0,945.3433816425121,0.3105,0.0
Fiji,FJI,2011,10020.695,Oceania,90.0,8.51,12687083.0,1177.5199764982374,0.2553,0.0
Fiji,FJI,2012,10140.693,Oceania,90.0,8.51,12687083.0,1191.6207990599294,0.2553,0.0
Fiji,FJI,2013,10604.156,Oceania,90.0,8.51,12687083.0,1246.0817861339601,0.2553,0.0
Fiji,FJI,2014,11183.313,Oceania,90.0,8.51,12687083.0,1314.1378378378379,0.2553,0.0
Fiji,FJI,2015,11674.063,Oceania,90.0,11.09,918585.0,1052.665734896303,0.3327,0.0
Fiji,FJI,2016,11951.92,Oceania,90.0,8.51,12687083.0,1404.4559341950646,0.2553,0.0
Fiji,FJI,2017,12597.327,Oceania,90.0,8.51,12687083.0,1480.2969447708579,0.2553,0.0
Fiji,FJI,2018,13100.096,Oceania,90.0,8.51,12687083.0,1539.3767332549942,0.2553,0.0
Fiji,FJI,2019,13056.331,Oceania,90.0,8.51,12687083.0,1534.2339600470036,0.2553,0.0
Fiji,FJI,2020,10812.035,Oceania,90.0,11.52,914971.0,938.5447048611111,0.3456,0.0
Fiji,FJI,2021,10322.428,Oceania,90.0,8.51,12687083.0,1212.9762632197414,0.2553,0.0
Fiji,FJI,2022,12118.318,Oceania,90.0,8.51,12687083.0,1424.0091656874265,0.2553,0.0
Fiji,FJI,2023,13194.805,Oceania,90.0,8.51,12687083.0,1550.5058754406582,0.2553,0.0
Finland,FIN,1990,38807.117,Europe,90.0,8.56,4986576.0,4533.541705607477,0.25680000000000003,0.0
Finland,FIN,1991,36326.082,Europe,90.0,8.51,12687083.0,4268.634782608696,0.2553,0.0
Finland,FIN,1992,34926.383,Europe,90.0,8.51,12687083.0,4104.157814336076,0.2553,0.0
Finland,FIN,1993,34486.754,Europe,90.0,8.51,12687083.0,4052.497532314924,0.2553,0.0
Finland,FIN,1994,35699.72,Europe,90.0,8.51,12687083.0,4195.031727379554,0.2553,0.0
Finland,FIN,1995,37069.63,Europe,90.0,9.31,5107919.0,3981.7003222341564,0.27930000000000005,0.0
Finland,FIN,1996,38301.51,Europe,90.0,8.51,12687083.0,4500.764982373678,0.2553,0.0
Finland,FIN,1997,40630.92,Europe,90.0,8.51,12687083.0,4774.491186839013,0.2553,0.0
Finland,FIN,1998,42733.445,Europe,90.0,8.51,12687083.0,5021.556404230318,0.2553,0.0
Finland,FIN,1999,44505.71,Europe,90.0,8.51,12687083.0,5229.813160987074,0.2553,0.0
Finland,FIN,2000,46968.84,Europe,90.0,9.9,5176197.0,4744.327272727272,0.29700000000000004,0.0
Finland,FIN,2001,48099.3,Europe,90.0,8.51,12687083.0,5652.091656874266,0.2553,0.0
Finland,FIN,2002,48792.49,Europe,90.0,8.51,12687083.0,5733.54759106933,0.2553,0.0
Finland,FIN,2003,49655.547,Europe,90.0,8.51,12687083.0,5834.9643948296125,0.2553,0.0
Finland,FIN,2004,51494.707,Europe,90.0,8.51,12687083.0,6051.081903642774,0.2553,0.0
Finland,FIN,2005,52744.047,Europe,90.0,10.42,5246078.0,5061.808733205374,0.3126,0.0
Finland,FIN,2006,54653.98,Europe,90.0,8.51,12687083.0,6422.324324324325,0.2553,0.0
Finland,FIN,2007,57313.293,Europe,90.0,8.51,12687083.0,6734.817038777908,0.2553,0.0
Finland,FIN,2008,57494.586,Europe,90.0,8.51,12687083.0,6756.120564042304,0.2553,0.0
Finland,FIN,2009,52599.15,Europe,90.0,8.51,12687083.0,6180.863689776734,0.2553,0.0
Finland,FIN,2010,54017.945,Europe,90.0,10.71,5363347.0,5043.692343604108,0.32130000000000003,0.0
Finland,FIN,2011,55053.39,Europe,90.0,8.51,12687083.0,6469.2585193889545,0.2553,0.0
Finland,FIN,2012,53957.668,Europe,90.0,8.51,12687083.0,6340.501527614571,0.2553,0.0
Finland,FIN,2013,53183.43,Europe,90.0,8.51,12687083.0,6249.521739130435,0.2553,0.0
Finland,FIN,2014,52710.734,Europe,90.0,8.51,12687083.0,6193.975793184489,0.2553,0.0
Finland,FIN,2015,52782.49,Europe,90.0,10.94,5479719.0,4824.724862888483,0.3282,0.0
Finland,FIN,2016,53984.633,Europe,90.0,8.51,12687083.0,6343.670152761458,0.2553,0.0
Finland,FIN,2017,55637.227,Europe,90.0,8.51,12687083.0,6537.864512338426,0.2553,0.0
Finland,FIN,2018,56226.336,Europe,90.0,8.51,12687083.0,6607.090011750882,0.2553,0.0
Finland,FIN,2019,56922.49,Europe,90.0,8.51,12687083.0,6688.894242068155,0.2553,0.0
Finland,FIN,2020,55424.86,Europe,90.0,11.05,5529616.0,5015.82443438914,0.3315,0.0
Finland,FIN,2021,56790.375,Europe,90.0,8.51,12687083.0,6673.369565217391,0.2553,0.0
Finland,FIN,2022,57068.305,Europe,90.0,8.51,12687083.0,6706.0287896592245,0.2553,0.0
Finland,FIN,2023,56250.88,Europe,90.0,8.51,12687083.0,6609.974148061105,0.2553,0.0
France,FRA,1990,38655.887,Europe,90.0,8.32,56990239.0,4646.1402644230775,0.2496,0.0
France,FRA,1991,38937.953,Europe,90.0,8.51,12687083.0,4575.5526439482965,0.2553,0.0
France,FRA,1992,39331.902,Europe,90.0,8.51,12687083.0,4621.845123384254,0.2553,0.0
France,FRA,1993,39020.613,Europe,90.0,8.51,12687083.0,4585.265922444183,0.2553,0.0
France,FRA,1994,39801.39,Europe,90.0,8.51,12687083.0,4677.014101057579,0.2553,0.0
France,FRA,1995,40570.72,Europe,90.0,9.36,58192207.0,4334.478632478633,0.2808,0.0
France,FRA,1996,40990.74,Europe,90.0,8.51,12687083.0,4816.773207990599,0.2553,0.0
France,FRA,1997,41876.934,Europe,90.0,8.51,12687083.0,4920.908813160987,0.2553,0.0
France,FRA,1998,43162.543,Europe,90.0,8.51,12687083.0,5071.979200940071,0.2553,0.0
France,FRA,1999,44400.137,Europe,90.0,8.51,12687083.0,5217.407403055229,0.2553,0.0
France,FRA,2000,45922.48,Europe,90.0,10.22,59483716.0,4493.3933463796475,0.30660000000000004,0.0
France,FRA,2001,46454.87,Europe,90.0,8.51,12687083.0,5458.856639247944,0.2553,0.0
France,FRA,2002,46610.78,Europe,90.0,8.51,12687083.0,5477.177438307873,0.2553,0.0
France,FRA,2003,46730.977,Europe,90.0,8.51,12687083.0,5491.301645123384,0.2553,0.0
France,FRA,2004,47720.44,Europe,90.0,8.51,12687083.0,5607.572267920094,0.2553,0.0
France,FRA,2005,48257.465,Europe,90.0,10.86,61625031.0,4443.597145488029,0.3258,0.0
France,FRA,2006,49223.246,Europe,90.0,8.51,12687083.0,5784.165217391304,0.2553,0.0
France,FRA,2007,50157.785,Europe,90.0,8.51,12687083.0,5893.981786133961,0.2553,0.0
France,FRA,2008,50068.297,Europe,90.0,8.51,12687083.0,5883.466157461809,0.2553,0.0
France,FRA,2009,48404.965,Europe,90.0,8.51,12687083.0,5688.009988249119,0.2553,0.0
France,FRA,2010,49130.42,Europe,90.0,11.34,63417366.0,4332.488536155202,0.3402,0.0
France,FRA,2011,50085.684,Europe,90.0,8.51,12687083.0,5885.50928319624,0.2553,0.0
France,FRA,2012,49935.625,Europe,90.0,8.51,12687083.0,5867.876028202115,0.2553,0.0
France,FRA,2013,50066.53,Europe,90.0,8.51,12687083.0,5883.2585193889545,0.2553,0.0
France,FRA,2014,50326.566,Europe,90.0,8.51,12687083.0,5913.815041128085,0.2553,0.0
France,FRA,2015,50682.895,Europe,90.0,11.6,64916337.0,4369.215086206897,0.348,0.0
France,FRA,2016,50984.074,Europe,90.0,8.51,12687083.0,5991.078025851939,0.2553,0.0
France,FRA,2017,51895.566,Europe,90.0,8.51,12687083.0,6098.186368977674,0.2553,0.0
France,FRA,2018,52560.953,Europe,90.0,8.51,12687083.0,6176.375205640424,0.2553,0.0
France,FRA,2019,53448.555,Europe,90.0,8.51,12687083.0,6280.6762632197415,0.2553,0.0
France,FRA,2020,49311.332,Europe,90.0,11.89,65905273.0,4147.294533221194,0.3567,0.0
France,FRA,2021,52517.336,Europe,90.0,8.51,12687083.0,6171.249823736781,0.2553,0.0
France,FRA,2022,53673.812,Europe,90.0,8.51,12687083.0,6307.145945945946,0.2553,0.0
France,FRA,2023,54296.723,Europe,90.0,8.51,12687083.0,6380.343478260869,0.2553,0.0
Gabon,GAB,1990,23884.81,Africa,90.0,8.51,12687083.0,2806.675675675676,0.2553,0.0
Gabon,GAB,1991,24665.68,Africa,90.0,8.51,12687083.0,2898.434782608696,0.2553,0.0
Gabon,GAB,1992,23268.998,Africa,90.0,8.51,12687083.0,2734.3123384253818,0.2553,0.0
Gabon,GAB,1993,23551.682,Africa,72.0,8.51,1066404.0,2767.5301997649826,0.20424,-19.999999999999996
Gabon,GAB,1994,23794.314,Africa,90.0,8.51,12687083.0,2796.041598119859,0.2553,25.0
Gabon,GAB,1995,24344.186,Africa,90.0,8.51,12687083.0,2860.6564042303175,0.2553,0.0
Gabon,GAB,1996,24595.973,Africa,90.0,8.51,12687083.0,2890.243595769683,0.2553,0.0
Gabon,GAB,1997,25359.66,Africa,90.0,8.51,12687083.0,2979.9835487661576,0.2553,0.0
Gabon,GAB,1998,25585.508,Africa,90.0,8.51,12687083.0,3006.5226792009403,0.2553,0.0
Gabon,GAB,1999,22713.715,Africa,90.0,8.51,12687083.0,2669.0616921269097,0.2553,0.0
Gabon,GAB,2000,21717.225,Africa,90.0,8.51,12687083.0,2551.9653349001173,0.2553,0.0
Gabon,GAB,2001,21604.781,Africa,90.0,8.51,12687083.0,2538.7521739130434,0.2553,0.0
Gabon,GAB,2002,20981.48,Africa,90.0,8.51,12687083.0,2465.5088131609873,0.2553,0.0
Gabon,GAB,2003,20875.455,Africa,90.0,8.51,12687083.0,2453.049941245594,0.2553,0.0
Gabon,GAB,2004,20438.932,Africa,90.0,8.51,12687083.0,2401.75464159812,0.2553,0.0
Gabon,GAB,2005,20385.29,Africa,90.0,8.51,12687083.0,2395.4512338425384,0.2553,0.0
Gabon,GAB,2006,19224.127,Africa,90.0,8.51,12687083.0,2259.0043478260873,0.2553,0.0
Gabon,GAB,2007,19751.877,Africa,90.0,8.51,12687083.0,2321.019623971798,0.2553,0.0
Gabon,GAB,2008,18493.092,Africa,90.0,8.51,12687083.0,2173.101292596945,0.2553,0.0
Gabon,GAB,2009,17911.146,Africa,90.0,8.51,12687083.0,2104.717508813161,0.2553,0.0
Gabon,GAB,2010,18530.576,Africa,90.0,8.51,12687083.0,2177.5059929494714,0.2553,0.0
Gabon,GAB,2011,19153.088,Africa,90.0,8.51,12687083.0,2250.6566392479435,0.2553,0.0
Gabon,GAB,2012,19450.402,Africa,90.0,8.51,12687083.0,2285.5936545240893,0.2553,0.0
Gabon,GAB,2013,19836.455,Africa,90.0,8.51,12687083.0,2330.9582843713283,0.2553,0.0
Gabon,GAB,2014,20008.99,Africa,90.0,8.51,12687083.0,2351.232667450059,0.2553,0.0
Gabon,GAB,2015,20147.71,Africa,90.0,9.53,2040990.0,2114.1353620146906,0.2859,0.0
Gabon,GAB,2016,19988.176,Africa,90.0,8.51,12687083.0,2348.786839012926,0.2553,0.0
Gabon,GAB,2017,19555.707,Africa,90.0,8.51,12687083.0,2297.967920094007,0.2553,0.0
Gabon,GAB,2018,19225.598,Africa,90.0,8.51,12687083.0,2259.1772032902472,0.2553,0.0
Gabon,GAB,2019,19491.406,Africa,90.0,8.51,12687083.0,2290.4119858989425,0.2553,0.0
Gabon,GAB,2020,18681.484,Africa,90.0,10.18,2322538.0,1835.1163064833006,0.3054,0.0
Gabon,GAB,2021,18523.58,Africa,88.85834,8.51,2376729.0,2176.683901292597,0.25206149113333337,-1.2685111111111147
Gabon,GAB,2022,18662.049,Africa,90.0,8.51,12687083.0,2192.9552291421855,0.2553,1.2848090567525894
Gabon,GAB,2023,18701.422,Africa,90.0,8.51,12687083.0,2197.581903642773,0.2553,0.0
Gambia,GMB,1990,2653.783,Africa,90.0,1.85,1054703.0,1434.4772972972971,0.0555,0.0
Gambia,GMB,1991,2623.6416,Africa,90.0,8.51,12687083.0,308.30101057579316,0.2553,0.0
Gambia,GMB,1992,2604.269,Africa,90.0,8.51,12687083.0,306.02455934195063,0.2553,0.0
Gambia,GMB,1993,2586.1304,Africa,90.0,8.51,12687083.0,303.8931139835488,0.2553,0.0
Gambia,GMB,1994,2508.104,Africa,90.0,8.51,12687083.0,294.7243243243243,0.2553,0.0
Gambia,GMB,1995,2456.0007,Africa,90.0,2.33,1264320.0,1054.0775536480687,0.0699,0.0
Gambia,GMB,1996,2439.0454,Africa,90.0,8.51,12687083.0,286.609330199765,0.2553,0.0
Gambia,GMB,1997,2486.938,Africa,90.0,8.51,12687083.0,292.2371327849589,0.2553,0.0
Gambia,GMB,1998,2502.765,Africa,90.0,8.51,12687083.0,294.0969447708578,0.2553,0.0
Gambia,GMB,1999,2589.9778,Africa,90.0,8.51,12687083.0,304.34521739130435,0.2553,0.0
Gambia,GMB,2000,2658.6177,Africa,37.0,2.77,1455095.0,959.7897833935017,0.03416333333333334,-58.88888888888889
Gambia,GMB,2001,2737.696,Africa,90.0,8.51,12687083.0,321.7034077555817,0.2553,143.24324324324326
Gambia,GMB,2002,2578.5571,Africa,90.0,8.51,12687083.0,303.00318448883667,0.2553,0.0
Gambia,GMB,2003,2682.48,Africa,90.0,8.51,12687083.0,315.21504112808464,0.2553,0.0
Gambia,GMB,2004,2794.1936,Africa,90.0,8.51,12687083.0,328.34237367802587,0.2553,0.0
Gambia,GMB,2005,2653.6423,Africa,90.0,3.39,1667035.0,782.7853392330383,0.1017,0.0
Gambia,GMB,2006,2564.6865,Africa,90.0,8.51,12687083.0,301.3732667450059,0.2553,0.0
Gambia,GMB,2007,2567.1572,Africa,90.0,8.51,12687083.0,301.66359576968273,0.2553,0.0
Gambia,GMB,2008,2649.611,Africa,90.0,8.51,12687083.0,311.35264394829613,0.2553,0.0
Gambia,GMB,2009,2745.3254,Africa,90.0,8.51,12687083.0,322.5999294947121,0.2553,0.0
Gambia,GMB,2010,2824.2126,Africa,90.0,3.92,1926634.0,720.4623979591836,0.1176,0.0
Gambia,GMB,2011,2519.8398,Africa,90.0,8.51,12687083.0,296.10338425381906,0.2553,0.0
Gambia,GMB,2012,2574.935,Africa,90.0,8.51,12687083.0,302.57755581668624,0.2553,0.0
Gambia,GMB,2013,2572.4473,Africa,90.0,8.51,12687083.0,302.28522914218564,0.2553,0.0
Gambia,GMB,2014,2465.1096,Africa,90.0,8.51,12687083.0,289.67210340775557,0.2553,0.0
Gambia,GMB,2015,2495.9575,Africa,51.0,4.42,2224530.0,564.6962669683257,0.07514000000000001,-43.333333333333336
Gambia,GMB,2016,2478.4604,Africa,90.0,8.51,12687083.0,291.2409400705053,0.2553,76.47058823529412
Gambia,GMB,2017,2533.1868,Africa,90.0,8.51,12687083.0,297.67177438307874,0.2553,0.0
Gambia,GMB,2018,2651.4329,Africa,53.1602,8.51,2399633.0,311.5667332549941,0.15079776733333333,-40.93311111111111
Gambia,GMB,2019,2750.8213,Africa,90.0,8.51,12687083.0,323.2457461809636,0.2553,69.2995887901099
Gambia,GMB,2020,2702.319,Africa,90.0,4.92,2515744.0,549.2518292682927,0.1476,0.0
Gambia,GMB,2021,2777.7961,Africa,51.6374,8.51,2576015.0,326.41552291421857,0.14647809133333334,-42.62511111111111
Gambia,GMB,2022,2863.1804,Africa,90.0,8.51,12687083.0,336.4489306698003,0.2553,74.29227652825278
Gambia,GMB,2023,2963.5986,Africa,90.0,8.51,12687083.0,348.24895417156284,0.2553,0.0
Georgia,GEO,1990,12917.095,Asia,90.0,8.51,12687083.0,1517.8725029377204,0.2553,0.0
Georgia,GEO,1991,10120.163,Asia,90.0,8.51,12687083.0,1189.2083431257345,0.2553,0.0
Georgia,GEO,1992,5533.211,Asia,90.0,8.51,12687083.0,650.2010575793184,0.2553,0.0
Georgia,GEO,1993,3882.0203,Asia,90.0,8.51,12687083.0,456.171598119859,0.2553,0.0
Georgia,GEO,1994,3532.32,Asia,90.0,8.51,12687083.0,415.0787309048179,0.2553,0.0
Georgia,GEO,1995,3762.8115,Asia,90.0,8.51,12687083.0,442.1635135135135,0.2553,0.0
Georgia,GEO,1996,4339.005,Asia,90.0,8.51,12687083.0,509.87132784958874,0.2553,0.0
Georgia,GEO,1997,4951.813,Asia,90.0,8.51,12687083.0,581.8816686251469,0.2553,0.0
Georgia,GEO,1998,5233.2886,Asia,90.0,8.51,12687083.0,614.9575323149236,0.2553,0.0
Georgia,GEO,1999,5495.245,Asia,90.0,8.51,12687083.0,645.7397179788484,0.2553,0.0
Georgia,GEO,2000,5706.2725,Asia,90.0,8.51,12687083.0,670.5373090481786,0.2553,0.0
Georgia,GEO,2001,6074.0864,Asia,90.0,8.51,12687083.0,713.7586839012927,0.2553,0.0
Georgia,GEO,2002,6464.325,Asia,100.0,8.51,4127854.0,759.6151586368977,0.2836666666666667,11.111111111111116
Georgia,GEO,2003,7227.737,Asia,90.0,8.51,12687083.0,849.3227967097532,0.2553,-9.999999999999998
Georgia,GEO,2004,7693.915,Asia,90.0,8.51,12687083.0,904.1028202115159,0.2553,0.0
Georgia,GEO,2005,8485.587,Asia,90.0,8.51,12687083.0,997.1312573443008,0.2553,0.0
Georgia,GEO,2006,9337.989,Asia,90.0,8.51,12687083.0,1097.2960047003526,0.2553,0.0
Georgia,GEO,2007,10567.274,Asia,90.0,8.51,12687083.0,1241.7478260869566,0.2553,0.0
Georgia,GEO,2008,10856.104,Asia,90.0,8.51,12687083.0,1275.6878965922444,0.2553,0.0
Georgia,GEO,2009,10553.09,Asia,90.0,8.51,12687083.0,1240.081081081081,0.2553,0.0
Georgia,GEO,2010,11294.368,Asia,90.0,8.51,12687083.0,1327.1877790834312,0.2553,0.0
Georgia,GEO,2011,12288.683,Asia,90.0,8.51,12687083.0,1444.0285546415982,0.2553,0.0
Georgia,GEO,2012,13193.96,Asia,90.0,8.51,12687083.0,1550.406580493537,0.2553,0.0
Georgia,GEO,2013,13913.002,Asia,90.0,8.51,12687083.0,1634.9003525264395,0.2553,0.0
Georgia,GEO,2014,14475.313,Asia,100.0,8.51,3792921.0,1700.9768507638073,0.2836666666666667,11.111111111111116
Georgia,GEO,2015,14936.844,Asia,90.0,8.51,12687083.0,1755.2108108108107,0.2553,-9.999999999999998
Georgia,GEO,2016,15442.956,Asia,90.0,8.51,12687083.0,1814.6834312573444,0.2553,0.0
Georgia,GEO,2017,16237.624,Asia,99.0,8.51,3792860.0,1908.0639247943595,0.28083,10.000000000000009
Georgia,GEO,2018,17228.68,Asia,99.65366,8.51,3794881.0,2024.521739130435,0.28268421553333334,0.6602626262626199
Georgia,GEO,2019,18186.88,Asia,90.0,8.51,12687083.0,2137.1186839012926,0.2553,-9.687210685488123
Georgia,GEO,2020,17031.145,Asia,90.0,8.51,12687083.0,2001.3096357226793,0.2553,0.0
Georgia,GEO,2021,18915.654,Asia,90.0,8.51,12687083.0,2222.756051703878,0.2553,0.0
Georgia,GEO,2022,20966.527,Asia,100.0,8.51,3794782.0,2463.7517038777905,0.2836666666666667,11.111111111111116
Georgia,GEO,2023,22590.53,Asia,99.55547,8.51,3807494.0,2654.5863689776734,0.28240568323333337,-0.44452999999999854
Germany,DEU,1990,42287.652,Europe,90.0,8.96,79707963.0,4719.604017857143,0.26880000000000004,-9.598136596612928
Germany,DEU,1991,44125.145,Europe,90.0,8.51,12687083.0,5185.093419506463,0.2553,0.0
Germany,DEU,1992,44672.69,Europe,90.0,8.51,12687083.0,5249.434782608696,0.2553,0.0
Germany,DEU,1993,43948.15,Europe,90.0,8.51,12687083.0,5164.294947121034,0.2553,0.0
Germany,DEU,1994,44933.293,Europe,90.0,8.51,12687083.0,5280.057931844888,0.2553,0.0
Germany,DEU,1995,45475.688,Europe,90.0,9.93,82019890.0,4579.626183282981,0.2979,0.0
Germany,DEU,1996,45814.85,Europe,90.0,8.51,12687083.0,5383.648648648648,0.2553,0.0
Germany,DEU,1997,46596.18,Europe,90.0,8.51,12687083.0,5475.461809635723,0.2553,0.0
Germany,DEU,1998,47565.453,Europe,90.0,8.51,12687083.0,5589.359929494713,0.2553,0.0
Germany,DEU,1999,48547.004,Europe,90.0,8.51,12687083.0,5704.700822561693,0.2553,0.0
Germany,DEU,2000,49875.875,Europe,90.0,10.59,81797255.0,4709.714353163362,0.3177,0.0
Germany,DEU,2001,50606.71,Europe,90.0,8.51,12687083.0,5946.734430082256,0.2553,0.0
Germany,DEU,2002,50406.38,Europe,90.0,8.51,12687083.0,5923.193889541715,0.2553,0.0
Germany,DEU,2003,50111.574,Europe,90.0,8.51,12687083.0,5888.551586368978,0.2553,0.0
Germany,DEU,2004,50704.92,Europe,90.0,8.51,12687083.0,5958.274970622797,0.2553,0.0
Germany,DEU,2005,51182.96,Europe,90.0,11.98,82046733.0,4272.367278797997,0.35940000000000005,0.0
Germany,DEU,2006,53222.04,Europe,90.0,8.51,12687083.0,6254.058754406581,0.2553,0.0
Germany,DEU,2007,54832.96,Europe,90.0,8.51,12687083.0,6443.356051703878,0.2553,0.0
Germany,DEU,2008,55425.11,Europe,90.0,8.51,12687083.0,6512.938895417156,0.2553,0.0
Germany,DEU,2009,52484.855,Europe,90.0,8.51,12687083.0,6167.433019976499,0.2553,0.0
Germany,DEU,2010,54738.707,Europe,90.0,12.58,80830916.0,4351.248569157393,0.3774,0.0
Germany,DEU,2011,57858.42,Europe,90.0,8.51,12687083.0,6798.874265569918,0.2553,0.0
Germany,DEU,2012,58017.586,Europe,90.0,8.51,12687083.0,6817.5776733255,0.2553,0.0
Germany,DEU,2013,58089.17,Europe,90.0,8.51,12687083.0,6825.989424206816,0.2553,0.0
Germany,DEU,2014,59108.7,Europe,90.0,8.51,12687083.0,6945.793184488836,0.2553,0.0
Germany,DEU,2015,59573.707,Europe,90.0,12.86,82077546.0,4632.481104199067,0.3858,0.0
Germany,DEU,2016,60407.973,Europe,90.0,8.51,12687083.0,7098.469212690952,0.2553,0.0
Germany,DEU,2017,61866.49,Europe,90.0,8.51,12687083.0,7269.8578143360755,0.2553,0.0
Germany,DEU,2018,62381.348,Europe,90.0,8.51,12687083.0,7330.358166862515,0.2553,0.0
Germany,DEU,2019,62849.375,Europe,90.0,8.51,12687083.0,7385.355464159812,0.2553,0.0
Germany,DEU,2020,60203.29,Europe,90.0,13.1,83628711.0,4595.670992366412,0.393,0.0
Germany,DEU,2021,62530.766,Europe,90.0,8.51,12687083.0,7347.916098707404,0.2553,0.0
Germany,DEU,2022,63676.086,Europe,90.0,8.51,12687083.0,7482.501292596945,0.2553,0.0
Germany,DEU,2023,63039.37,Europe,90.0,8.51,12687083.0,7407.681551116334,0.2553,0.0
Ghana,GHA,1990,2785.6711,Africa,90.0,6.05,15394650.0,460.44150413223144,0.1815,0.0
Ghana,GHA,1991,2859.827,Africa,90.0,8.51,12687083.0,336.0548766157462,0.2553,0.0
Ghana,GHA,1992,2897.8354,Africa,90.0,8.51,12687083.0,340.52119858989425,0.2553,0.0
Ghana,GHA,1993,2964.266,Africa,90.0,8.51,12687083.0,348.3273795534665,0.2553,0.0
Ghana,GHA,1994,2989.3474,Africa,90.0,8.51,12687083.0,351.2746650998825,0.2553,0.0
Ghana,GHA,1995,3039.6887,Africa,90.0,6.27,17399023.0,484.79883572567786,0.1881,0.0
Ghana,GHA,1996,3106.1855,Africa,90.0,8.51,12687083.0,365.0041715628672,0.2553,0.0
Ghana,GHA,1997,3160.445,Africa,90.0,8.51,12687083.0,371.3801410105758,0.2553,0.0
Ghana,GHA,1998,3229.4822,Africa,90.0,8.51,12687083.0,379.49262044653346,0.2553,0.0
Ghana,GHA,1999,3290.2686,Africa,90.0,8.51,12687083.0,386.6355581668625,0.2553,0.0
Ghana,GHA,2000,3327.352,Africa,58.0,6.67,19637085.0,498.8533733133433,0.1289533333333333,-35.55555555555555
Ghana,GHA,2001,3369.507,Africa,90.0,8.51,12687083.0,395.94676850763807,0.2553,55.172413793103445
Ghana,GHA,2002,3425.6182,Africa,90.0,8.51,12687083.0,402.54032902467685,0.2553,0.0
Ghana,GHA,2003,3507.751,Africa,90.0,8.51,12687083.0,412.1916568742656,0.2553,0.0
Ghana,GHA,2004,3607.3652,Africa,90.0,8.51,12687083.0,423.8972032902468,0.2553,0.0
Ghana,GHA,2005,3721.3079,Africa,90.0,7.28,22449446.0,511.1686675824175,0.2184,0.0
Ghana,GHA,2006,3857.8616,Africa,90.0,8.51,12687083.0,453.33273795534666,0.2553,0.0
Ghana,GHA,2007,3923.1257,Africa,90.0,8.51,12687083.0,461.00184488836663,0.2553,0.0
Ghana,GHA,2008,4174.7812,Africa,90.0,8.51,12687083.0,490.57358401880145,0.2553,0.0
Ghana,GHA,2009,4269.16,Africa,90.0,8.51,12687083.0,501.66392479435956,0.2553,0.0
Ghana,GHA,2010,4495.689,Africa,71.0,7.66,25475000.0,586.9045691906006,0.18128666666666668,-21.111111111111114
Ghana,GHA,2011,5005.367,Africa,90.0,8.51,12687083.0,588.1747356051704,0.2553,26.7605633802817
Ghana,GHA,2012,5339.7134,Africa,90.0,8.51,12687083.0,627.463384253819,0.2553,0.0
Ghana,GHA,2013,5593.775,Africa,90.0,8.51,12687083.0,657.3178613396004,0.2553,0.0
Ghana,GHA,2014,5619.0723,Africa,90.0,8.51,12687083.0,660.2905170387779,0.2553,0.0
Ghana,GHA,2015,5607.366,Africa,90.0,7.72,28696071.0,726.3427461139896,0.23159999999999997,0.0
Ghana,GHA,2016,5666.078,Africa,90.0,8.51,12687083.0,665.8141010575794,0.2553,0.0
Ghana,GHA,2017,5993.631,Africa,64.49239,8.51,30008364.0,704.3044653349002,0.18294341296666666,-28.341788888888885
Ghana,GHA,2018,6234.512,Africa,90.0,8.51,12687083.0,732.6101057579318,0.2553,39.551348616480176
Ghana,GHA,2019,6508.2466,Africa,90.0,8.51,12687083.0,764.7763337250294,0.2553,0.0
Ghana,GHA,2020,6412.6855,Africa,90.0,8.39,31887802.0,764.3248510131108,0.25170000000000003,0.0
Ghana,GHA,2021,6607.503,Africa,76.48568,8.51,32518662.0,776.4398354876615,0.21696437893333334,-15.015911111111112
Ghana,GHA,2022,6728.454,Africa,90.0,8.51,12687083.0,790.6526439482961,0.2553,17.66908524576103
Ghana,GHA,2023,6808.5376,Africa,90.0,8.51,12687083.0,800.0631727379554,0.2553,0.0
Greece,GRC,1990,26916.312,Europe,90.0,9.34,10258494.0,2881.832119914347,0.2802,0.0
Greece,GRC,1991,27419.604,Europe,93.0,8.51,10306645.0,3222.0451233842537,0.26381000000000004,3.3333333333333437
Greece,GRC,1992,27401.424,Europe,90.0,8.51,12687083.0,3219.908813160987,0.2553,-3.2258064516129004
Greece,GRC,1993,26804.854,Europe,90.0,8.51,12687083.0,3149.8065804935372,0.2553,0.0
Greece,GRC,1994,27204.396,Europe,90.0,8.51,12687083.0,3196.7562867215042,0.2553,0.0
Greece,GRC,1995,27646.148,Europe,90.0,9.54,10519233.0,2897.9190775681345,0.28619999999999995,0.0
Greece,GRC,1996,27905.107,Europe,90.0,8.51,12687083.0,3279.0960047003528,0.2553,0.0
Greece,GRC,1997,28768.24,Europe,90.0,8.51,12687083.0,3380.521739130435,0.2553,0.0
Greece,GRC,1998,29592.525,Europe,90.0,8.51,12687083.0,3477.382491186839,0.2553,0.0
Greece,GRC,1999,30263.055,Europe,90.0,8.51,12687083.0,3556.175675675676,0.2553,0.0
Greece,GRC,2000,31386.64,Europe,90.0,9.9,10782638.0,3170.3676767676766,0.29700000000000004,0.0
Greece,GRC,2001,32675.93,Europe,96.0,8.51,10843166.0,3839.7097532314924,0.27232,6.666666666666665
Greece,GRC,2002,34081.027,Europe,90.0,8.51,12687083.0,4004.8210340775563,0.2553,-6.25
Greece,GRC,2003,35970.703,Europe,90.0,8.51,12687083.0,4226.874618096357,0.2553,0.0
Greece,GRC,2004,37811.492,Europe,90.0,8.51,12687083.0,4443.183548766157,0.2553,0.0
Greece,GRC,2005,38146.965,Europe,90.0,10.95,10981340.0,3483.741095890411,0.3285,0.0
Greece,GRC,2006,40483.156,Europe,90.0,8.51,12687083.0,4757.1276145710935,0.2553,0.0
Greece,GRC,2007,41796.234,Europe,90.0,8.51,12687083.0,4911.425851938895,0.2553,0.0
Greece,GRC,2008,41709.387,Europe,90.0,8.51,12687083.0,4901.2205640423035,0.2553,0.0
Greece,GRC,2009,39886.215,Europe,94.0,8.51,11108067.0,4686.98178613396,0.26664666666666664,4.444444444444451
Greece,GRC,2010,37566.75,Europe,90.0,11.36,11124666.0,3306.9322183098593,0.3408,-4.255319148936165
Greece,GRC,2011,33906.492,Europe,90.0,8.51,12687083.0,3984.311633372503,0.2553,0.0
Greece,GRC,2012,31250.227,Europe,90.0,8.51,12687083.0,3672.1770857814336,0.2553,0.0
Greece,GRC,2013,30762.443,Europe,90.0,8.51,12687083.0,3614.8581668625147,0.2553,0.0
Greece,GRC,2014,31213.377,Europe,90.0,8.51,12687083.0,3667.846886016451,0.2553,0.0
Greece,GRC,2015,31347.977,Europe,90.0,11.6,10820902.0,2702.4118103448277,0.348,0.0
Greece,GRC,2016,31468.62,Europe,90.0,8.51,12687083.0,3697.840188014101,0.2553,0.0
Greece,GRC,2017,31995.41,Europe,90.0,8.51,12687083.0,3759.7426556991777,0.2553,0.0
Greece,GRC,2018,32722.33,Europe,90.0,8.51,12687083.0,3845.1621621621625,0.2553,0.0
Greece,GRC,2019,33502.75,Europe,90.0,8.51,12687083.0,3936.8683901292598,0.2553,0.0
Greece,GRC,2020,30487.113,Europe,90.0,11.86,10699370.0,2570.582883642496,0.3558,0.0
Greece,GRC,2021,33531.156,Europe,90.0,8.51,12687083.0,3940.206345475911,0.2553,0.0
Greece,GRC,2022,35831.344,Europe,90.0,8.51,12687083.0,4210.498707403055,0.2553,0.0
Greece,GRC,2023,36700.51,Europe,90.0,8.51,12687083.0,4312.633372502938,0.2553,0.0
Greenland,GRL,1990,38137.57,North America,90.0,8.51,12687083.0,4481.500587544066,0.2553,0.0
Greenland,GRL,1991,38162.934,North America,90.0,8.51,12687083.0,4484.481081081081,0.2553,0.0
Greenland,GRL,1992,36343.125,North America,90.0,8.51,12687083.0,4270.637485311398,0.2553,0.0
Greenland,GRL,1993,34578.348,North America,90.0,8.51,12687083.0,4063.260634547591,0.2553,0.0
Greenland,GRL,1994,36428.914,North America,90.0,8.51,12687083.0,4280.718448883666,0.2553,0.0
Greenland,GRL,1995,37584.07,North America,90.0,8.51,12687083.0,4416.459459459459,0.2553,0.0
Greenland,GRL,1996,38090.71,North America,90.0,8.51,12687083.0,4475.994124559342,0.2553,0.0
Greenland,GRL,1997,38581.215,North America,90.0,8.51,12687083.0,4533.6327849588715,0.2553,0.0
Greenland,GRL,1998,41500.23,North America,90.0,8.51,12687083.0,4876.642773207991,0.2553,0.0
Greenland,GRL,1999,42072.055,North America,90.0,8.51,12687083.0,4943.837250293772,0.2553,0.0
Greenland,GRL,2000,44991.676,North America,90.0,8.51,12687083.0,5286.918448883666,0.2553,0.0
Greenland,GRL,2001,45405.855,North America,90.0,8.51,12687083.0,5335.588131609871,0.2553,0.0
Greenland,GRL,2002,44793.27,North America,90.0,8.51,12687083.0,5263.603995299647,0.2553,0.0
Greenland,GRL,2003,46649.047,North America,90.0,8.51,12687083.0,5481.6741480611045,0.2553,0.0
Greenland,GRL,2004,49742.06,North America,90.0,8.51,12687083.0,5845.130434782609,0.2553,0.0
Greenland,GRL,2005,52189.0,North America,90.0,8.51,12687083.0,6132.667450058754,0.2553,0.0
Greenland,GRL,2006,55243.71,North America,90.0,8.51,12687083.0,6491.622796709753,0.2553,0.0
Greenland,GRL,2007,56763.24,North America,90.0,8.51,12687083.0,6670.1809635722675,0.2553,0.0
Greenland,GRL,2008,60506.195,North America,90.0,8.51,12687083.0,7110.011163337251,0.2553,0.0
Greenland,GRL,2009,61035.566,North America,90.0,8.51,12687083.0,7172.216921269095,0.2553,0.0
Greenland,GRL,2010,61863.28,North America,90.0,8.51,12687083.0,7269.4806110458285,0.2553,0.0
Greenland,GRL,2011,61170.92,North America,90.0,8.51,12687083.0,7188.122209165687,0.2553,0.0
Greenland,GRL,2012,62111.1,North America,90.0,8.51,12687083.0,7298.6016451233845,0.2553,0.0
Greenland,GRL,2013,61659.64,North America,90.0,8.51,12687083.0,7245.551116333725,0.2553,0.0
Greenland,GRL,2014,64799.305,North America,90.0,8.51,12687083.0,7614.489424206816,0.2553,0.0
Greenland,GRL,2015,63364.055,North America,90.0,8.51,12687083.0,7445.834900117509,0.2553,0.0
Greenland,GRL,2016,66245.73,North America,90.0,8.51,12687083.0,7784.457109283196,0.2553,0.0
Greenland,GRL,2017,66297.18,North America,90.0,8.51,12687083.0,7790.502937720328,0.2553,0.0
Greenland,GRL,2018,66887.68,North America,90.0,8.51,12687083.0,7859.891891891892,0.2553,0.0
Greenland,GRL,2019,68534.945,North America,90.0,8.51,12687083.0,8053.460047003527,0.2553,0.0
Greenland,GRL,2020,68533.734,North America,90.0,8.51,12687083.0,8053.317743830788,0.2553,0.0
Greenland,GRL,2021,69302.01,North America,90.0,8.51,12687083.0,8143.596944770858,0.2553,0.0
Greenland,GRL,2022,70681.23,North America,90.0,8.51,12687083.0,8305.667450058754,0.2553,0.0
Greenland,GRL,2023,71037.54,North America,90.0,8.51,12687083.0,8347.537015276144,0.2553,0.0
Grenada,GRD,1990,8883.919,North America,90.0,8.51,12687083.0,1043.9387779083431,0.2553,0.0
Grenada,GRD,1991,8932.304,North America,90.0,8.51,12687083.0,1049.6244418331376,0.2553,0.0
Grenada,GRD,1992,8785.759,North America,90.0,8.51,12687083.0,1032.4041128084607,0.2553,0.0
Grenada,GRD,1993,8548.039,North America,90.0,8.51,12687083.0,1004.4699177438309,0.2553,0.0
Grenada,GRD,1994,8629.086,North America,90.0,8.51,12687083.0,1013.9936545240893,0.2553,0.0
Grenada,GRD,1995,8750.818,North America,90.0,8.51,12687083.0,1028.2982373678026,0.2553,0.0
Grenada,GRD,1996,9076.719,North America,90.0,8.51,12687083.0,1066.5944770857814,0.2553,0.0
Grenada,GRD,1997,9467.777,North America,90.0,8.51,12687083.0,1112.5472385428907,0.2553,0.0
Grenada,GRD,1998,10509.109,North America,90.0,8.51,12687083.0,1234.9129259694478,0.2553,0.0
Grenada,GRD,1999,11158.489,North America,90.0,8.51,12687083.0,1311.2207990599295,0.2553,0.0
Grenada,GRD,2000,11625.051,North America,90.0,8.51,12687083.0,1366.045945945946,0.2553,0.0
Grenada,GRD,2001,11333.237,North America,90.0,8.51,12687083.0,1331.7552291421855,0.2553,0.0
Grenada,GRD,2002,11677.703,North America,90.0,8.51,12687083.0,1372.2330199764983,0.2553,0.0
Grenada,GRD,2003,12726.526,North America,90.0,8.51,12687083.0,1495.478965922444,0.2553,0.0
Grenada,GRD,2004,12593.3545,North America,90.0,8.51,12687083.0,1479.8301410105757,0.2553,0.0
Grenada,GRD,2005,14211.843,North America,90.0,8.51,12687083.0,1670.016803760282,0.2553,0.0
Grenada,GRD,2006,13594.355,North America,90.0,8.51,12687083.0,1597.4565217391305,0.2553,0.0
Grenada,GRD,2007,14376.282,North America,90.0,8.51,12687083.0,1689.3398354876615,0.2553,0.0
Grenada,GRD,2008,14463.56,North America,90.0,8.51,12687083.0,1699.595769682726,0.2553,0.0
Grenada,GRD,2009,13463.58,North America,90.0,8.51,12687083.0,1582.0893066980025,0.2553,0.0
Grenada,GRD,2010,13354.908,North America,90.0,8.51,12687083.0,1569.3193889541715,0.2553,0.0
Grenada,GRD,2011,13397.85,North America,90.0,8.51,12687083.0,1574.3654524089307,0.2553,0.0
Grenada,GRD,2012,13161.3955,North America,90.0,8.51,12687083.0,1546.5799647473561,0.2553,0.0
Grenada,GRD,2013,13386.319,North America,90.0,8.51,12687083.0,1573.0104582843712,0.2553,0.0
Grenada,GRD,2014,14287.954,North America,90.0,8.51,12687083.0,1678.9605170387779,0.2553,0.0
Grenada,GRD,2015,15136.696,North America,90.0,8.51,12687083.0,1778.6951821386604,0.2553,0.0
Grenada,GRD,2016,15640.827,North America,90.0,8.51,12687083.0,1837.935017626322,0.2553,0.0
Grenada,GRD,2017,16291.489,North America,90.0,8.51,12687083.0,1914.3935370152763,0.2553,0.0
Grenada,GRD,2018,16964.852,North America,90.0,8.51,12687083.0,1993.5196239717977,0.2553,0.0
Grenada,GRD,2019,17036.916,North America,90.0,8.51,12687083.0,2001.9877790834314,0.2553,0.0
Grenada,GRD,2020,14647.745,North America,90.0,8.51,12687083.0,1721.2391304347827,0.2553,0.0
Grenada,GRD,2021,15290.251,North America,90.0,8.51,12687083.0,1796.7392479435957,0.2553,0.0
Grenada,GRD,2022,16376.428,North America,90.0,8.51,12687083.0,1924.3746180963572,0.2553,0.0
Grenada,GRD,2023,17093.156,North America,90.0,8.51,12687083.0,2008.5964747356052,0.2553,0.0
Guatemala,GTM,1990,7594.7285,North America,90.0,3.66,9024775.0,2075.062431693989,0.10980000000000001,0.0
Guatemala,GTM,1991,7662.1675,North America,90.0,8.51,12687083.0,900.3722091656874,0.2553,0.0
Guatemala,GTM,1992,7822.26,North America,90.0,8.51,12687083.0,919.1844888366628,0.2553,0.0
Guatemala,GTM,1993,7915.4067,North America,90.0,8.51,12687083.0,930.1300470035252,0.2553,0.0
Guatemala,GTM,1994,8018.28,North America,64.0,8.51,10043713.0,942.2185663924794,0.1815466666666667,-28.888888888888886
Guatemala,GTM,1995,8195.346,North America,90.0,3.96,10312999.0,2069.531818181818,0.1188,40.625
Guatemala,GTM,1996,8222.065,North America,90.0,8.51,12687083.0,966.1650998824913,0.2553,0.0
Guatemala,GTM,1997,8364.161,North America,90.0,8.51,12687083.0,982.8626321974149,0.2553,0.0
Guatemala,GTM,1998,8559.986,North America,90.0,8.51,12687083.0,1005.8737955346652,0.2553,0.0
Guatemala,GTM,1999,8668.427,North America,90.0,8.51,12687083.0,1018.6165687426557,0.2553,0.0
Guatemala,GTM,2000,8770.404,North America,90.0,4.35,11697592.0,2016.1848275862071,0.1305,0.0
Guatemala,GTM,2001,8771.155,North America,90.0,8.51,12687083.0,1030.6880141010577,0.2553,0.0
Guatemala,GTM,2002,8901.536,North America,69.0,8.51,12246923.0,1046.0089306698003,0.19573,-23.33333333333333
Guatemala,GTM,2003,8926.153,North America,90.0,8.51,12687083.0,1048.9016451233842,0.2553,30.434782608695656
Guatemala,GTM,2004,9003.857,North America,90.0,8.51,12687083.0,1058.0325499412456,0.2553,0.0
Guatemala,GTM,2005,9099.724,North America,90.0,4.33,13087637.0,2101.552886836028,0.12990000000000002,0.0
Guatemala,GTM,2006,9386.001,North America,90.0,8.51,12687083.0,1102.9378378378378,0.2553,0.0
Guatemala,GTM,2007,9772.806,North America,90.0,8.51,12687083.0,1148.3908343125736,0.2553,0.0
Guatemala,GTM,2008,9889.572,North America,90.0,8.51,12687083.0,1162.1118683901293,0.2553,0.0
Guatemala,GTM,2009,9740.709,North America,90.0,8.51,12687083.0,1144.6191539365454,0.2553,0.0
Guatemala,GTM,2010,9825.018,North America,90.0,5.21,14500118.0,1885.8,0.1563,0.0
Guatemala,GTM,2011,10032.089,North America,90.0,8.51,12687083.0,1178.8588719153936,0.2553,0.0
Guatemala,GTM,2012,10126.828,North America,78.0,8.51,15089639.0,1189.9915393654524,0.22126,-13.33333333333333
Guatemala,GTM,2013,10297.84,North America,77.0,8.51,15387339.0,1210.0869565217392,0.21842333333333336,-1.2820512820512775
Guatemala,GTM,2014,10553.564,North America,81.0,8.51,15681725.0,1240.1367802585194,0.22977000000000003,5.1948051948051965
Guatemala,GTM,2015,10785.958,North America,80.19509,5.72,15971745.0,1885.6569930069932,0.1529053049333333,-0.9937160493827202
Guatemala,GTM,2016,10872.594,North America,90.0,8.51,12687083.0,1277.625616921269,0.2553,12.22632208530474
Guatemala,GTM,2017,11005.459,North America,90.0,8.51,12687083.0,1293.2384253819037,0.2553,0.0
Guatemala,GTM,2018,11192.372,North America,81.0,8.51,16845688.0,1315.2023501762633,0.22977000000000003,-9.999999999999998
Guatemala,GTM,2019,11466.377,North America,90.0,8.51,12687083.0,1347.4003525264395,0.2553,11.111111111111116
Guatemala,GTM,2020,11097.15,North America,90.0,6.26,17357331.0,1772.7076677316295,0.1878,0.0
Guatemala,GTM,2021,11825.142,North America,90.0,8.51,12687083.0,1389.558401880141,0.2553,0.0
Guatemala,GTM,2022,12147.931,North America,83.03117,8.51,17847877.0,1427.488954171563,0.23553175223333334,-7.743144444444439
Guatemala,GTM,2023,12384.948,North America,90.0,8.51,12687083.0,1455.3405405405406,0.2553,8.393028786659261
Guinea,GIN,1990,2105.7473,Africa,90.0,8.51,12687083.0,247.443866039953,0.2553,0.0
Guinea,GIN,1991,2075.992,Africa,90.0,8.51,12687083.0,243.9473560517039,0.2553,0.0
Guinea,GIN,1992,2076.5505,Africa,90.0,8.51,12687083.0,244.0129847238543,0.2553,0.0
Guinea,GIN,1993,2115.8665,Africa,90.0,8.51,12687083.0,248.63296122209167,0.2553,0.0
Guinea,GIN,1994,2134.8977,Africa,90.0,8.51,12687083.0,250.86929494712103,0.2553,0.0
Guinea,GIN,1995,2171.7256,Africa,90.0,8.51,12687083.0,255.1968977673326,0.2553,0.0
Guinea,GIN,1996,2205.3237,Africa,21.0,8.51,7770035.0,259.14497062279673,0.05957,-76.66666666666666
Guinea,GIN,1997,2272.411,Africa,90.0,8.51,12687083.0,267.0283196239718,0.2553,328.57142857142856
Guinea,GIN,1998,2311.3274,Africa,90.0,8.51,12687083.0,271.60133960047006,0.2553,0.0
Guinea,GIN,1999,2346.2703,Africa,90.0,8.51,12687083.0,275.70743830787313,0.2553,0.0
Guinea,GIN,2000,2358.2876,Africa,90.0,8.51,12687083.0,277.11957696827267,0.2553,0.0
Guinea,GIN,2001,2412.7517,Africa,90.0,8.51,12687083.0,283.51958871915394,0.2553,0.0
Guinea,GIN,2002,2498.1318,Africa,90.0,8.51,12687083.0,293.55250293772036,0.2553,0.0
Guinea,GIN,2003,2473.2341,Africa,30.0,8.51,8870790.0,290.62680376028203,0.0851,-66.66666666666667
Guinea,GIN,2004,2477.503,Africa,90.0,8.51,12687083.0,291.128437132785,0.2553,200.0
Guinea,GIN,2005,2501.2217,Africa,90.0,8.51,12687083.0,293.9155934195065,0.2553,0.0
Guinea,GIN,2006,2478.6133,Africa,90.0,8.51,12687083.0,291.2589071680376,0.2553,0.0
Guinea,GIN,2007,2587.005,Africa,90.0,8.51,12687083.0,303.9958871915394,0.2553,0.0
Guinea,GIN,2008,2629.5398,Africa,90.0,8.51,12687083.0,308.9941010575793,0.2553,0.0
Guinea,GIN,2009,2537.3064,Africa,90.0,8.51,12687083.0,298.1558636897767,0.2553,0.0
Guinea,GIN,2010,2594.8306,Africa,25.0,8.51,10396090.0,304.91546415981196,0.07091666666666667,-72.22222222222221
Guinea,GIN,2011,2673.4087,Africa,90.0,8.51,12687083.0,314.14908343125734,0.2553,260.0
Guinea,GIN,2012,2762.9036,Africa,90.0,8.51,12687083.0,324.66552291421857,0.2553,0.0
Guinea,GIN,2013,2802.56,Africa,90.0,8.51,12687083.0,329.32549941245594,0.2553,0.0
Guinea,GIN,2014,2834.9663,Africa,32.0,8.51,11472921.0,333.13352526439485,0.09077333333333334,-64.44444444444444
Guinea,GIN,2015,2869.8516,Africa,90.0,8.51,12687083.0,337.2328554641598,0.2553,181.25
Guinea,GIN,2016,3099.7888,Africa,90.0,8.51,12687083.0,364.2525029377203,0.2553,0.0
Guinea,GIN,2017,3332.7659,Africa,90.0,8.51,12687083.0,391.62936545240893,0.2553,0.0
Guinea,GIN,2018,3455.645,Africa,40.0,8.51,12704776.0,406.06874265569917,0.11346666666666667,-55.55555555555556
Guinea,GIN,2019,3557.4624,Africa,90.0,8.51,12687083.0,418.03318448883664,0.2553,125.0
Guinea,GIN,2020,3630.9934,Africa,90.0,8.51,12687083.0,426.6737250293772,0.2553,0.0
Guinea,GIN,2021,3738.8052,Africa,90.0,8.51,12687083.0,439.3425616921269,0.2553,0.0
Guinea,GIN,2022,3792.0107,Africa,90.0,8.51,12687083.0,445.5946768507638,0.2553,0.0
Guinea,GIN,2023,3904.824,Africa,90.0,8.51,12687083.0,458.8512338425382,0.2553,0.0
Guinea-Bissau,GNB,1990,1967.9681,Africa,90.0,8.51,12687083.0,231.25359576968273,0.2553,0.0
Guinea-Bissau,GNB,1991,2024.7277,Africa,90.0,8.51,12687083.0,237.9233490011751,0.2553,0.0
Guinea-Bissau,GNB,1992,1987.6154,Africa,90.0,8.51,12687083.0,233.56232667450058,0.2553,0.0
Guinea-Bissau,GNB,1993,1963.4401,Africa,90.0,8.51,12687083.0,230.72151586368977,0.2553,0.0
Guinea-Bissau,GNB,1994,1964.5077,Africa,90.0,8.51,12687083.0,230.84696827262047,0.2553,0.0
Guinea-Bissau,GNB,1995,1999.8202,Africa,90.0,8.51,12687083.0,234.99649823736783,0.2553,0.0
Guinea-Bissau,GNB,1996,2185.7673,Africa,90.0,8.51,12687083.0,256.84692126909516,0.2553,0.0
Guinea-Bissau,GNB,1997,2283.8835,Africa,90.0,8.51,12687083.0,268.37643948296125,0.2553,0.0
Guinea-Bissau,GNB,1998,1738.5413,Africa,90.0,8.51,12687083.0,204.29392479435958,0.2553,0.0
Guinea-Bissau,GNB,1999,1992.7285,Africa,90.0,8.51,12687083.0,234.16316098707404,0.2553,0.0
Guinea-Bissau,GNB,2000,1974.6217,Africa,41.0,8.51,1234747.0,232.03545240893067,0.11630333333333333,-54.44444444444445
Guinea-Bissau,GNB,2001,2025.6006,Africa,90.0,8.51,12687083.0,238.02592244418332,0.2553,119.51219512195124
Guinea-Bissau,GNB,2002,2053.962,Africa,90.0,8.51,12687083.0,241.35863689776733,0.2553,0.0
Guinea-Bissau,GNB,2003,2002.2775,Africa,90.0,8.51,12687083.0,235.2852526439483,0.2553,0.0
Guinea-Bissau,GNB,2004,1979.5746,Africa,90.0,8.51,12687083.0,232.61746180963573,0.2553,0.0
Guinea-Bissau,GNB,2005,2060.5383,Africa,90.0,8.51,12687083.0,242.13141010575796,0.2553,0.0
Guinea-Bissau,GNB,2006,2065.0837,Africa,90.0,8.51,12687083.0,242.6655346650999,0.2553,0.0
Guinea-Bissau,GNB,2007,2065.8613,Africa,90.0,8.51,12687083.0,242.7569095182139,0.2553,0.0
Guinea-Bissau,GNB,2008,2105.543,Africa,90.0,8.51,12687083.0,247.41985898942423,0.2553,0.0
Guinea-Bissau,GNB,2009,2102.9272,Africa,90.0,8.51,12687083.0,247.1124794359577,0.2553,0.0
Guinea-Bissau,GNB,2010,2164.1335,Africa,90.0,8.51,12687083.0,254.304759106933,0.2553,0.0
Guinea-Bissau,GNB,2011,2278.4058,Africa,90.0,8.51,12687083.0,267.7327614571093,0.2553,0.0
Guinea-Bissau,GNB,2012,2180.6077,Africa,90.0,8.51,12687083.0,256.2406227967098,0.2553,0.0
Guinea-Bissau,GNB,2013,2192.4563,Africa,90.0,8.51,12687083.0,257.63293772032904,0.2553,0.0
Guinea-Bissau,GNB,2014,2156.2021,Africa,90.0,8.51,12687083.0,253.37274970622798,0.2553,0.0
Guinea-Bissau,GNB,2015,2230.391,Africa,90.0,8.51,12687083.0,262.09059929494714,0.2553,0.0
Guinea-Bissau,GNB,2016,2293.2358,Africa,90.0,8.51,12687083.0,269.4754171562867,0.2553,0.0
Guinea-Bissau,GNB,2017,2342.4153,Africa,90.0,8.51,12687083.0,275.2544418331375,0.2553,0.0
Guinea-Bissau,GNB,2018,2373.5015,Africa,90.0,8.51,12687083.0,278.90734430082256,0.2553,0.0
Guinea-Bissau,GNB,2019,2442.1067,Africa,54.88232,8.51,1967704.0,286.9690599294947,0.15568284773333332,-39.019644444444445
Guinea-Bissau,GNB,2020,2455.856,Africa,90.0,8.51,12687083.0,288.5847238542891,0.2553,63.98723669116029
Guinea-Bissau,GNB,2021,2522.7676,Africa,90.0,8.51,12687083.0,296.4474265569918,0.2553,0.0
Guinea-Bissau,GNB,2022,2603.2402,Africa,63.93413,8.51,2105535.0,305.90366627497065,0.18135981543333335,-28.962077777777772
Guinea-Bissau,GNB,2023,2693.7766,Africa,90.0,8.51,12687083.0,316.542491186839,0.2553,40.769883003022
Guyana,GUY,1990,5074.431,South America,90.0,7.27,749891.0,697.9960110041266,0.2181,0.0
Guyana,GUY,1991,5396.4634,South America,90.0,8.51,12687083.0,634.132009400705,0.2553,0.0
Guyana,GUY,1992,5799.2183,South America,90.0,8.51,12687083.0,681.4592596944772,0.2553,0.0
Guyana,GUY,1993,6247.866,South America,90.0,8.51,12687083.0,734.1793184488837,0.2553,0.0
Guyana,GUY,1994,6755.3286,South America,90.0,8.51,12687083.0,793.8106462984724,0.2553,0.0
Guyana,GUY,1995,7071.213,South America,90.0,7.92,758395.0,892.8299242424242,0.2376,0.0
Guyana,GUY,1996,7612.304,South America,90.0,8.51,12687083.0,894.5128084606346,0.2553,0.0
Guyana,GUY,1997,8064.5674,South America,90.0,8.51,12687083.0,947.6577438307874,0.2553,0.0
Guyana,GUY,1998,7915.2295,South America,90.0,8.51,12687083.0,930.1092244418332,0.2553,0.0
Guyana,GUY,1999,8139.97,South America,90.0,8.51,12687083.0,956.51821386604,0.2553,0.0
Guyana,GUY,2000,8025.2935,South America,90.0,8.43,764836.0,951.9921115065243,0.25289999999999996,0.0
Guyana,GUY,2001,8212.043,South America,90.0,8.51,12687083.0,964.9874265569917,0.2553,0.0
Guyana,GUY,2002,8314.027,South America,90.0,8.51,12687083.0,976.9714453584019,0.2553,0.0
Guyana,GUY,2003,8267.429,South America,90.0,8.51,12687083.0,971.4957696827263,0.2553,0.0
Guyana,GUY,2004,8404.2,South America,90.0,8.51,12687083.0,987.5675675675677,0.2553,0.0
Guyana,GUY,2005,8256.525,South America,90.0,8.79,760922.0,939.3088737201366,0.2637,0.0
Guyana,GUY,2006,8702.331,South America,90.0,8.51,12687083.0,1022.6005875440659,0.2553,0.0
Guyana,GUY,2007,9354.08,South America,90.0,8.51,12687083.0,1099.186839012926,0.2553,0.0
Guyana,GUY,2008,9546.709,South America,90.0,8.51,12687083.0,1121.8224441833138,0.2553,0.0
Guyana,GUY,2009,9924.526,South America,90.0,8.51,12687083.0,1166.2192714453583,0.2553,0.0
Guyana,GUY,2010,10374.395,South America,90.0,9.0,749259.0,1152.7105555555556,0.27,0.0
Guyana,GUY,2011,10958.86,South America,90.0,8.51,12687083.0,1287.7626321974149,0.2553,0.0
Guyana,GUY,2012,11534.999,South America,90.0,8.51,12687083.0,1355.4640423031728,0.2553,0.0
Guyana,GUY,2013,11896.907,South America,90.0,8.51,12687083.0,1397.9914218566391,0.2553,0.0
Guyana,GUY,2014,12030.053,South America,90.0,8.51,12687083.0,1413.637250293772,0.2553,0.0
Guyana,GUY,2015,12040.083,South America,90.0,8.32,758783.0,1447.1253605769232,0.2496,0.0
Guyana,GUY,2016,12420.473,South America,90.0,8.51,12687083.0,1459.5150411280847,0.2553,0.0
Guyana,GUY,2017,12801.641,South America,90.0,8.51,12687083.0,1504.3056404230317,0.2553,0.0
Guyana,GUY,2018,12980.357,South America,90.0,8.51,12687083.0,1525.3063454759108,0.2553,0.0
Guyana,GUY,2019,13402.422,South America,90.0,8.51,12687083.0,1574.9027027027028,0.2553,0.0
Guyana,GUY,2020,19234.13,South America,85.63835,8.52,807486.0,2257.5269953051647,0.243212914,-4.846277777777774
Guyana,GUY,2021,22865.928,South America,90.0,8.51,12687083.0,2686.948061104583,0.2553,5.093103732148041
Guyana,GUY,2022,37068.2,South America,90.0,8.51,12687083.0,4355.840188014101,0.2553,0.0
Guyana,GUY,2023,49312.36,South America,90.0,8.51,12687083.0,5794.636897767333,0.2553,0.0
Haiti,HTI,1990,3959.0251,North America,90.0,3.56,6854444.0,1112.085702247191,0.1068,0.0
Haiti,HTI,1991,3952.1726,North America,90.0,8.51,12687083.0,464.4151116333725,0.2553,0.0
Haiti,HTI,1992,3668.3132,North America,90.0,8.51,12687083.0,431.0591304347826,0.2553,0.0
Haiti,HTI,1993,3401.759,North America,90.0,8.51,12687083.0,399.7366627497062,0.2553,0.0
Haiti,HTI,1994,2938.07,North America,90.0,8.51,12687083.0,345.2491186839013,0.2553,0.0
Haiti,HTI,1995,3167.913,North America,90.0,4.06,7562551.0,780.2741379310346,0.1218,0.0
Haiti,HTI,1996,3237.0198,North America,90.0,8.51,12687083.0,380.3783548766158,0.2553,0.0
Haiti,HTI,1997,3262.4592,North America,90.0,8.51,12687083.0,383.3677085781433,0.2553,0.0
Haiti,HTI,1998,3272.0496,North America,90.0,8.51,12687083.0,384.49466509988247,0.2553,0.0
Haiti,HTI,1999,3299.2354,North America,90.0,8.51,12687083.0,387.6892361927145,0.2553,0.0
Haiti,HTI,2000,3267.0764,North America,90.0,4.44,8303151.0,735.8280180180179,0.1332,0.0
Haiti,HTI,2001,3197.0571,North America,90.0,8.51,12687083.0,375.6823854289072,0.2553,0.0
Haiti,HTI,2002,3173.7385,North America,90.0,8.51,12687083.0,372.94224441833137,0.2553,0.0
Haiti,HTI,2003,3227.1208,North America,59.0,8.51,8759913.0,379.21513513513514,0.16736333333333334,-34.44444444444444
Haiti,HTI,2004,3130.8555,North America,90.0,8.51,12687083.0,367.9031139835488,0.2553,52.542372881355924
Haiti,HTI,2005,3173.2607,North America,90.0,4.9,9061274.0,647.6042244897958,0.14700000000000002,0.0
Haiti,HTI,2006,3174.9763,North America,90.0,8.51,12687083.0,373.08769682726205,0.2553,0.0
Haiti,HTI,2007,3268.8188,North America,90.0,8.51,12687083.0,384.11501762632196,0.2553,0.0
Haiti,HTI,2008,3300.2585,North America,90.0,8.51,12687083.0,387.80945945945945,0.2553,0.0
Haiti,HTI,2009,3437.3806,North America,90.0,8.51,12687083.0,403.92251468860167,0.2553,0.0
Haiti,HTI,2010,3205.4983,North America,90.0,5.17,9803299.0,620.0190135396518,0.15510000000000002,0.0
Haiti,HTI,2011,3330.9983,North America,90.0,8.51,12687083.0,391.4216568742656,0.2553,0.0
Haiti,HTI,2012,3296.2478,North America,90.0,8.51,12687083.0,387.3381668625147,0.2553,0.0
Haiti,HTI,2013,3387.4717,North America,90.0,8.51,12687083.0,398.0577790834313,0.2553,0.0
Haiti,HTI,2014,3434.636,North America,90.0,8.51,12687083.0,403.6,0.2553,0.0
Haiti,HTI,2015,3433.0752,North America,90.0,5.5,10523249.0,624.195490909091,0.16499999999999998,0.0
Haiti,HTI,2016,3446.7527,North America,90.0,8.51,12687083.0,405.02381903642777,0.2553,0.0
Haiti,HTI,2017,3485.4924,North America,68.00986,8.51,10817759.0,409.57607520564045,0.19292130286666667,-24.43348888888889
Haiti,HTI,2018,3496.8787,North America,90.0,8.51,12687083.0,410.91406580493543,0.2553,32.333752782317134
Haiti,HTI,2019,3392.4326,North America,90.0,8.51,12687083.0,398.6407285546416,0.2553,0.0
Haiti,HTI,2020,3239.8354,North America,90.0,5.95,11243846.0,544.5101512605041,0.1785,0.0
Haiti,HTI,2021,3145.0068,North America,90.0,8.51,12687083.0,369.56601645123385,0.2553,0.0
Haiti,HTI,2022,3057.4285,North America,90.0,8.51,12687083.0,359.27479435957696,0.2553,0.0
Haiti,HTI,2023,2965.9463,North America,90.0,8.51,12687083.0,348.5248296122209,0.2553,0.0
High-Income Countries,OWID_HIC,1990,34929.43,Africa,90.0,8.51,12687083.0,4104.515863689777,0.2553,0.0
High-Income Countries,OWID_HIC,1991,34820.582,Africa,90.0,8.51,12687083.0,4091.72526439483,0.2553,0.0
High-Income Countries,OWID_HIC,1992,34720.812,Africa,90.0,8.51,12687083.0,4080.0014101057577,0.2553,0.0
High-Income Countries,OWID_HIC,1993,34667.574,Africa,90.0,8.51,12687083.0,4073.7454759106936,0.2553,0.0
High-Income Countries,OWID_HIC,1994,35197.805,Africa,90.0,8.51,12687083.0,4136.052291421856,0.2553,0.0
High-Income Countries,OWID_HIC,1995,35892.344,Africa,90.0,8.51,12687083.0,4217.666745005875,0.2553,0.0
High-Income Countries,OWID_HIC,1996,36633.758,Africa,90.0,8.51,12687083.0,4304.789424206816,0.2553,0.0
High-Income Countries,OWID_HIC,1997,37650.688,Africa,90.0,8.51,12687083.0,4424.287661574618,0.2553,0.0
High-Income Countries,OWID_HIC,1998,38308.953,Africa,90.0,8.51,12687083.0,4501.6396004700355,0.2553,0.0
High-Income Countries,OWID_HIC,1999,39471.53,Africa,90.0,8.51,12687083.0,4638.252643948296,0.2553,0.0
High-Income Countries,OWID_HIC,2000,41052.55,Africa,90.0,8.51,12687083.0,4824.0364277320805,0.2553,0.0
High-Income Countries,OWID_HIC,2001,41571.387,Africa,90.0,8.51,12687083.0,4885.004347826088,0.2553,0.0
High-Income Countries,OWID_HIC,2002,42108.766,Africa,90.0,8.51,12687083.0,4948.151116333725,0.2553,0.0
High-Income Countries,OWID_HIC,2003,42964.38,Africa,90.0,8.51,12687083.0,5048.6933019976495,0.2553,0.0
High-Income Countries,OWID_HIC,2004,44356.785,Africa,90.0,8.51,12687083.0,5212.313160987074,0.2553,0.0
High-Income Countries,OWID_HIC,2005,45533.9,Africa,90.0,8.51,12687083.0,5350.634547591069,0.2553,0.0
High-Income Countries,OWID_HIC,2006,46910.86,Africa,90.0,8.51,12687083.0,5512.439482961222,0.2553,0.0
High-Income Countries,OWID_HIC,2007,48145.7,Africa,90.0,8.51,12687083.0,5657.544065804936,0.2553,0.0
High-Income Countries,OWID_HIC,2008,48338.777,Africa,90.0,8.51,12687083.0,5680.23231492362,0.2553,0.0
High-Income Countries,OWID_HIC,2009,46327.402,Africa,90.0,8.51,12687083.0,5443.878025851939,0.2553,0.0
High-Income Countries,OWID_HIC,2010,47586.2,Africa,90.0,8.51,12687083.0,5591.797884841363,0.2553,0.0
High-Income Countries,OWID_HIC,2011,48491.062,Africa,90.0,8.51,12687083.0,5698.12714453584,0.2553,0.0
High-Income Countries,OWID_HIC,2012,48959.668,Africa,90.0,8.51,12687083.0,5753.1924794359575,0.2553,0.0
High-Income Countries,OWID_HIC,2013,49441.21,Africa,90.0,8.51,12687083.0,5809.777908343126,0.2553,0.0
High-Income Countries,OWID_HIC,2014,50214.062,Africa,90.0,8.51,12687083.0,5900.594829612221,0.2553,0.0
High-Income Countries,OWID_HIC,2015,50977.375,Africa,90.0,8.51,12687083.0,5990.290834312574,0.2553,0.0
High-Income Countries,OWID_HIC,2016,51585.492,Africa,90.0,8.51,12687083.0,6061.749941245594,0.2553,0.0
High-Income Countries,OWID_HIC,2017,52651.33,Africa,90.0,8.51,12687083.0,6186.995299647474,0.2553,0.0
High-Income Countries,OWID_HIC,2018,53756.51,Africa,90.0,8.51,12687083.0,6316.863689776734,0.2553,0.0
High-Income Countries,OWID_HIC,2019,54610.215,Africa,90.0,8.51,12687083.0,6417.181551116333,0.2553,0.0
High-Income Countries,OWID_HIC,2020,52316.61,Africa,90.0,8.51,12687083.0,6147.662749706228,0.2553,0.0
High-Income Countries,OWID_HIC,2021,55480.527,Africa,90.0,8.51,12687083.0,6519.450881316099,0.2553,0.0
High-Income Countries,OWID_HIC,2022,56904.445,Africa,90.0,8.51,12687083.0,6686.773795534666,0.2553,0.0
High-Income Countries,OWID_HIC,2023,57537.246,Africa,90.0,8.51,12687083.0,6761.133490011751,0.2553,0.0
Honduras,HND,1990,1172.0798,North America,90.0,5.07,4980493.0,231.1794477317554,0.1521,0.0
Honduras,HND,1991,1436.0507,North America,90.0,8.51,12687083.0,168.7486133960047,0.2553,0.0
Honduras,HND,1992,1521.9473,North America,90.0,8.51,12687083.0,178.84222091656875,0.2553,0.0
Honduras,HND,1993,1681.0824,North America,90.0,8.51,12687083.0,197.54199764982374,0.2553,0.0
Honduras,HND,1994,2108.2742,North America,90.0,8.51,12687083.0,247.7407990599295,0.2553,0.0
Honduras,HND,1995,2555.0261,North America,90.0,5.47,5739636.0,467.0980073126143,0.1641,0.0
Honduras,HND,1996,3054.1577,North America,90.0,8.51,12687083.0,358.89044653349004,0.2553,0.0
Honduras,HND,1997,3635.9807,North America,90.0,8.51,12687083.0,427.259776733255,0.2553,0.0
Honduras,HND,1998,3950.835,North America,90.0,8.51,12687083.0,464.2579318448884,0.2553,0.0
Honduras,HND,1999,4293.827,North America,90.0,8.51,12687083.0,504.5625146886017,0.2553,0.0
Honduras,HND,2000,4579.6895,North America,90.0,5.87,6577781.0,780.1856047700171,0.1761,0.0
Honduras,HND,2001,4578.9478,North America,80.0,8.51,6757992.0,538.0667215041128,0.22693333333333335,-11.111111111111116
Honduras,HND,2002,4627.023,North America,90.0,8.51,12687083.0,543.7159811985899,0.2553,12.5
Honduras,HND,2003,4714.867,North America,90.0,8.51,12687083.0,554.0384253819037,0.2553,0.0
Honduras,HND,2004,4885.343,North America,90.0,8.51,12687083.0,574.070857814336,0.2553,0.0
Honduras,HND,2005,5056.6753,North America,90.0,6.24,7478362.0,810.3646314102564,0.18720000000000003,0.0
Honduras,HND,2006,5263.1504,North America,90.0,8.51,12687083.0,618.4665569917745,0.2553,0.0
Honduras,HND,2007,5461.9014,North America,84.0,8.51,7834806.0,641.8215511163337,0.23828,-6.666666666666665
Honduras,HND,2008,5566.7065,North America,90.0,8.51,12687083.0,654.1370740305523,0.2553,7.14285714285714
Honduras,HND,2009,5313.756,North America,90.0,8.51,12687083.0,624.4131609870741,0.2553,0.0
Honduras,HND,2010,5396.0723,North America,85.0,6.6,8365881.0,817.5867121212121,0.187,-5.555555555555558
Honduras,HND,2011,5488.4336,North America,85.0,8.51,8540587.0,644.9393184488837,0.24111666666666667,0.0
Honduras,HND,2012,5600.608,North America,85.0,8.51,8715081.0,658.1207990599295,0.24111666666666667,0.0
Honduras,HND,2013,5644.134,North America,85.0,8.51,8889276.0,663.2354876615747,0.24111666666666667,0.0
Honduras,HND,2014,5705.1626,North America,87.0,8.51,9063127.0,670.4068860164513,0.24679,2.35294117647058
Honduras,HND,2015,5812.5347,North America,88.0,7.04,9237306.0,825.6441335227273,0.20650666666666667,1.1494252873563315
Honduras,HND,2016,5926.49,North America,89.0,8.51,9412380.0,696.4148061104582,0.2524633333333334,1.1363636363636465
Honduras,HND,2017,6099.6074,North America,90.0,8.51,12687083.0,716.7576263219742,0.2553,1.1235955056179803
Honduras,HND,2018,6219.28,North America,87.0,8.51,9765209.0,730.8202115158637,0.24679,-3.3333333333333326
Honduras,HND,2019,6264.019,North America,89.0,8.51,9943637.0,736.0774383078731,0.2524633333333334,2.298850574712641
Honduras,HND,2020,5603.264,North America,90.0,7.51,10119638.0,746.1070572569907,0.22530000000000003,1.1235955056179803
Honduras,HND,2021,6202.981,North America,90.0,8.51,12687083.0,728.9049353701528,0.2553,0.0
Honduras,HND,2022,6352.587,North America,90.0,8.51,12687083.0,746.4849588719154,0.2553,0.0
Honduras,HND,2023,6467.88,North America,90.0,8.51,12687083.0,760.0329024676851,0.2553,0.0
Hong Kong,HKG,1990,31598.756,Asia,90.0,10.08,5560599.0,3134.7972222222224,0.3024,0.0
Hong Kong,HKG,1991,33124.688,Asia,90.0,8.51,12687083.0,3892.4427732079907,0.2553,0.0
Hong Kong,HKG,1992,34895.76,Asia,90.0,8.51,12687083.0,4100.559341950647,0.2553,0.0
Hong Kong,HKG,1993,36428.527,Asia,90.0,8.51,12687083.0,4280.672972972973,0.2553,0.0
Hong Kong,HKG,1994,37767.195,Asia,90.0,8.51,12687083.0,4437.978260869565,0.2553,0.0
Hong Kong,HKG,1995,37905.652,Asia,90.0,10.21,6177105.0,3712.6005876591576,0.30630000000000007,0.0
Hong Kong,HKG,1996,37804.07,Asia,90.0,8.51,12687083.0,4442.3113983548765,0.2553,0.0
Hong Kong,HKG,1997,39402.594,Asia,90.0,8.51,12687083.0,4630.15205640423,0.2553,0.0
Hong Kong,HKG,1998,36776.383,Asia,90.0,8.51,12687083.0,4321.549118683902,0.2553,0.0
Hong Kong,HKG,1999,37339.926,Asia,90.0,8.51,12687083.0,4387.770387779084,0.2553,0.0
Hong Kong,HKG,2000,39848.59,Asia,90.0,10.37,6704665.0,3842.6798457087752,0.3111,0.0
Hong Kong,HKG,2001,39777.855,Asia,90.0,8.51,12687083.0,4674.248531139836,0.2553,0.0
Hong Kong,HKG,2002,40258.17,Asia,90.0,8.51,12687083.0,4730.689776733255,0.2553,0.0
Hong Kong,HKG,2003,41570.58,Asia,90.0,8.51,12687083.0,4884.909518213866,0.2553,0.0
Hong Kong,HKG,2004,44836.207,Asia,90.0,8.51,12687083.0,5268.649471210341,0.2553,0.0
Hong Kong,HKG,2005,47938.9,Asia,90.0,12.17,6908483.0,3939.104354971241,0.36510000000000004,0.0
Hong Kong,HKG,2006,50981.793,Asia,90.0,8.51,12687083.0,5990.809988249119,0.2553,0.0
Hong Kong,HKG,2007,53813.08,Asia,90.0,8.51,12687083.0,6323.511163337251,0.2553,0.0
Hong Kong,HKG,2008,54630.375,Asia,90.0,8.51,12687083.0,6419.550528789659,0.2553,0.0
Hong Kong,HKG,2009,53172.3,Asia,90.0,8.51,12687083.0,6248.213866039953,0.2553,0.0
Hong Kong,HKG,2010,56355.41,Asia,90.0,12.2,7101614.0,4619.295901639345,0.366,0.0
Hong Kong,HKG,2011,58672.83,Asia,90.0,8.51,12687083.0,6894.574618096358,0.2553,0.0
Hong Kong,HKG,2012,59015.332,Asia,90.0,8.51,12687083.0,6934.821621621622,0.2553,0.0
Hong Kong,HKG,2013,60601.61,Asia,90.0,8.51,12687083.0,7121.223266745006,0.2553,0.0
Hong Kong,HKG,2014,61839.812,Asia,90.0,8.51,12687083.0,7266.722914218566,0.2553,0.0
Hong Kong,HKG,2015,62779.75,Asia,90.0,12.32,7366411.0,5095.758928571428,0.36960000000000004,0.0
Hong Kong,HKG,2016,63749.41,Asia,90.0,8.51,12687083.0,7491.117508813161,0.2553,0.0
Hong Kong,HKG,2017,65662.836,Asia,90.0,8.51,12687083.0,7715.961927144535,0.2553,0.0
Hong Kong,HKG,2018,66993.97,Asia,90.0,8.51,12687083.0,7872.381903642774,0.2553,0.0
Hong Kong,HKG,2019,65388.332,Asia,90.0,8.51,12687083.0,7683.705287896592,0.2553,0.0
Hong Kong,HKG,2020,61328.527,Asia,90.0,12.83,7490240.0,4780.087840997662,0.3849,0.0
Hong Kong,HKG,2021,65884.94,Asia,90.0,8.51,12687083.0,7742.061104582845,0.2553,0.0
Hong Kong,HKG,2022,64036.645,Asia,90.0,8.51,12687083.0,7524.870152761457,0.2553,0.0
Hong Kong,HKG,2023,64434.56,Asia,90.0,8.51,12687083.0,7571.628672150411,0.2553,0.0
Hungary,HUN,1990,21297.0,Europe,90.0,9.48,10381280.0,2246.518987341772,0.2844,0.0
Hungary,HUN,1991,18765.416,Europe,90.0,8.51,12687083.0,2205.1017626321977,0.2553,0.0
Hungary,HUN,1992,18197.531,Europe,90.0,8.51,12687083.0,2138.3702702702703,0.2553,0.0
Hungary,HUN,1993,18113.336,Europe,90.0,8.51,12687083.0,2128.476615746181,0.2553,0.0
Hungary,HUN,1994,18672.707,Europe,90.0,8.51,12687083.0,2194.2076380728554,0.2553,0.0
Hungary,HUN,1995,18977.244,Europe,90.0,10.75,10322792.0,1765.325023255814,0.3225,0.0
Hungary,HUN,1996,19029.113,Europe,90.0,8.51,12687083.0,2236.0884841363104,0.2553,0.0
Hungary,HUN,1997,19635.295,Europe,90.0,8.51,12687083.0,2307.3202115158633,0.2553,0.0
Hungary,HUN,1998,20438.383,Europe,90.0,8.51,12687083.0,2401.690129259695,0.2553,0.0
Hungary,HUN,1999,21128.889,Europe,90.0,8.51,12687083.0,2482.830669800235,0.2553,0.0
Hungary,HUN,2000,22117.92,Europe,90.0,11.57,10190598.0,1911.6611927398442,0.3471,0.0
Hungary,HUN,2001,23069.21,Europe,90.0,8.51,12687083.0,2710.8354876615745,0.2553,0.0
Hungary,HUN,2002,24229.295,Europe,90.0,8.51,12687083.0,2847.1556991774382,0.2553,0.0
Hungary,HUN,2003,25255.871,Europe,90.0,8.51,12687083.0,2967.7874265569917,0.2553,0.0
Hungary,HUN,2004,26568.12,Europe,90.0,8.51,12687083.0,3121.988249118684,0.2553,0.0
Hungary,HUN,2005,27765.79,Europe,90.0,11.89,10065703.0,2335.2220353238013,0.3567,0.0
Hungary,HUN,2006,28903.047,Europe,90.0,8.51,12687083.0,3396.362749706228,0.2553,0.0
Hungary,HUN,2007,29044.066,Europe,90.0,8.51,12687083.0,3412.933725029377,0.2553,0.0
Hungary,HUN,2008,29384.008,Europe,90.0,8.51,12687083.0,3452.8799059929497,0.2553,0.0
Hungary,HUN,2009,27445.959,Europe,90.0,8.51,12687083.0,3225.1420681551117,0.2553,0.0
Hungary,HUN,2010,27801.834,Europe,90.0,11.98,9979128.0,2320.687312186978,0.35940000000000005,0.0
Hungary,HUN,2011,28415.117,Europe,90.0,8.51,12687083.0,3339.0266745005874,0.2553,0.0
Hungary,HUN,2012,28179.656,Europe,90.0,8.51,12687083.0,3311.3579318448883,0.2553,0.0
Hungary,HUN,2013,28891.021,Europe,90.0,8.51,12687083.0,3394.9495887191542,0.2553,0.0
Hungary,HUN,2014,30264.95,Europe,90.0,8.51,12687083.0,3556.398354876616,0.2553,0.0
Hungary,HUN,2015,31485.568,Europe,90.0,11.83,9839211.0,2661.5019442096363,0.3549,0.0
Hungary,HUN,2016,32378.967,Europe,90.0,8.51,12687083.0,3804.8139835487664,0.2553,0.0
Hungary,HUN,2017,33828.715,Europe,90.0,8.51,12687083.0,3975.1721504112807,0.2553,0.0
Hungary,HUN,2018,35798.043,Europe,90.0,8.51,12687083.0,4206.585546415981,0.2553,0.0
Hungary,HUN,2019,37662.676,Europe,90.0,8.51,12687083.0,4425.696357226792,0.2553,0.0
Hungary,HUN,2020,36119.52,Europe,90.0,11.96,9749459.0,3020.026755852842,0.3588,0.0
Hungary,HUN,2021,38887.19,Europe,90.0,8.51,12687083.0,4569.587544065806,0.2553,0.0
Hungary,HUN,2022,40610.973,Europe,90.0,8.51,12687083.0,4772.147238542891,0.2553,0.0
Hungary,HUN,2023,40333.254,Europe,90.0,8.51,12687083.0,4739.512808460635,0.2553,0.0
Iceland,ISL,1990,42336.426,Europe,90.0,9.23,254842.0,4586.828385698808,0.27690000000000003,0.0
Iceland,ISL,1991,41754.977,Europe,90.0,8.51,12687083.0,4906.5777908343125,0.2553,0.0
Iceland,ISL,1992,39842.375,Europe,90.0,8.51,12687083.0,4681.830199764982,0.2553,0.0
Iceland,ISL,1993,39957.32,Europe,90.0,8.51,12687083.0,4695.337250293772,0.2553,0.0
Iceland,ISL,1994,41042.01,Europe,90.0,8.51,12687083.0,4822.797884841363,0.2553,0.0
Iceland,ISL,1995,40867.562,Europe,90.0,9.7,267516.0,4213.150721649485,0.291,0.0
Iceland,ISL,1996,42475.695,Europe,90.0,8.51,12687083.0,4991.268507638073,0.2553,0.0
Iceland,ISL,1997,43873.668,Europe,90.0,8.51,12687083.0,5155.542655699177,0.2553,0.0
Iceland,ISL,1998,46449.344,Europe,90.0,8.51,12687083.0,5458.207285546416,0.2553,0.0
Iceland,ISL,1999,47679.87,Europe,90.0,8.51,12687083.0,5602.8049353701535,0.2553,0.0
Iceland,ISL,2000,49338.473,Europe,90.0,10.17,281293.0,4851.373942969518,0.30510000000000004,0.0
Iceland,ISL,2001,50556.992,Europe,90.0,8.51,12687083.0,5940.892126909518,0.2553,0.0
Iceland,ISL,2002,50379.46,Europe,90.0,8.51,12687083.0,5920.030552291422,0.2553,0.0
Iceland,ISL,2003,51173.2,Europe,90.0,8.51,12687083.0,6013.3019976498235,0.2553,0.0
Iceland,ISL,2004,54592.53,Europe,90.0,8.51,12687083.0,6415.103407755581,0.2553,0.0
Iceland,ISL,2005,57512.42,Europe,90.0,10.83,296852.0,5310.472760849492,0.3249,0.0
Iceland,ISL,2006,59364.29,Europe,90.0,8.51,12687083.0,6975.827262044653,0.2553,0.0
Iceland,ISL,2007,62940.746,Europe,90.0,8.51,12687083.0,7396.092361927144,0.2553,0.0
Iceland,ISL,2008,62831.17,Europe,90.0,8.51,12687083.0,7383.216216216216,0.2553,0.0
Iceland,ISL,2009,57406.47,Europe,90.0,8.51,12687083.0,6745.76615746181,0.2553,0.0
Iceland,ISL,2010,56211.836,Europe,90.0,11.52,318163.0,4879.4996527777785,0.3456,0.0
Iceland,ISL,2011,56813.742,Europe,90.0,8.51,12687083.0,6676.115393654524,0.2553,0.0
Iceland,ISL,2012,57173.043,Europe,90.0,8.51,12687083.0,6718.33642773208,0.2553,0.0
Iceland,ISL,2013,58671.93,Europe,90.0,8.51,12687083.0,6894.468860164513,0.2553,0.0
Iceland,ISL,2014,59133.27,Europe,90.0,8.51,12687083.0,6948.680376028202,0.2553,0.0
Iceland,ISL,2015,60725.727,Europe,90.0,12.95,330962.0,4689.245328185329,0.3885,0.0
Iceland,ISL,2016,63612.555,Europe,90.0,8.51,12687083.0,7475.035840188014,0.2553,0.0
Iceland,ISL,2017,64303.38,Europe,90.0,8.51,12687083.0,7556.213866039953,0.2553,0.0
Iceland,ISL,2018,65521.93,Europe,90.0,8.51,12687083.0,7699.404230317274,0.2553,0.0
Iceland,ISL,2019,64826.434,Europe,90.0,8.51,12687083.0,7617.67732079906,0.2553,0.0
Iceland,ISL,2020,59543.812,Europe,90.0,13.53,366626.0,4400.873022912047,0.4059,0.0
Iceland,ISL,2021,61610.215,Europe,90.0,8.51,12687083.0,7239.743243243243,0.2553,0.0
Iceland,ISL,2022,65380.316,Europe,90.0,8.51,12687083.0,7682.763337250294,0.2553,0.0
Iceland,ISL,2023,68118.4,Europe,90.0,8.51,12687083.0,8004.512338425381,0.2553,0.0
India,IND,1990,2203.147,Asia,90.0,3.56,864972221.0,618.8615168539326,0.1068,0.0
India,IND,1991,2178.686,Asia,48.0,8.51,883927605.0,256.0148061104583,0.13616,-46.666666666666664
India,IND,1992,2249.698,Asia,90.0,8.51,12687083.0,264.3593419506463,0.2553,87.5
India,IND,1993,2307.6072,Asia,90.0,8.51,12687083.0,271.16418331374854,0.2553,0.0
India,IND,1994,2411.4626,Asia,90.0,8.51,12687083.0,283.3681081081081,0.2553,0.0
India,IND,1995,2542.422,Asia,90.0,4.3,960301046.0,591.2609302325582,0.129,0.0
India,IND,1996,2680.2788,Asia,90.0,8.51,12687083.0,314.9563807285547,0.2553,0.0
India,IND,1997,2734.521,Asia,90.0,8.51,12687083.0,321.3303172737956,0.2553,0.0
India,IND,1998,2847.9624,Asia,90.0,8.51,12687083.0,334.66068155111634,0.2553,0.0
India,IND,1999,3041.4827,Asia,90.0,8.51,12687083.0,357.40102232667454,0.2553,0.0
India,IND,2000,3099.503,Asia,90.0,5.3,1057922731.0,584.8118867924529,0.159,0.0
India,IND,2001,3188.8103,Asia,61.0,8.51,1077898579.0,374.71331374853116,0.17303666666666667,-32.22222222222222
India,IND,2002,3250.6956,Asia,90.0,8.51,12687083.0,381.9853819036428,0.2553,47.54098360655738
India,IND,2003,3445.926,Asia,90.0,8.51,12687083.0,404.9266745005875,0.2553,0.0
India,IND,2004,3656.1262,Asia,90.0,8.51,12687083.0,429.6270505287897,0.2553,0.0
India,IND,2005,3881.966,Asia,90.0,5.94,1154676321.0,653.5296296296295,0.17820000000000003,0.0
India,IND,2006,4129.7783,Asia,63.0,8.51,1172878888.0,485.2853466509988,0.17871,-30.000000000000004
India,IND,2007,4379.696,Asia,90.0,8.51,12687083.0,514.6528789659225,0.2553,42.85714285714286
India,IND,2008,4450.39,Asia,90.0,8.51,12687083.0,522.9600470035253,0.2553,0.0
India,IND,2009,4731.362,Asia,90.0,8.51,12687083.0,555.9767332549942,0.2553,0.0
India,IND,2010,5059.2827,Asia,90.0,6.59,1243481565.0,767.7211987860394,0.1977,0.0
India,IND,2011,5249.5493,Asia,69.0,8.51,1261224956.0,616.8683078730904,0.19573,-23.33333333333333
India,IND,2012,5460.4375,Asia,90.0,8.51,12687083.0,641.6495299647473,0.2553,30.434782608695656
India,IND,2013,5732.2417,Asia,90.0,8.51,12687083.0,673.5889189189189,0.2553,0.0
India,IND,2014,6079.8438,Asia,90.0,8.51,12687083.0,714.4352291421857,0.2553,0.0
India,IND,2015,6488.146,Asia,90.0,7.31,1328024494.0,887.5712722298222,0.2193,0.0
India,IND,2016,6940.626,Asia,90.0,8.51,12687083.0,815.5847238542891,0.2553,0.0
India,IND,2017,7326.607,Asia,90.0,8.51,12687083.0,860.94089306698,0.2553,0.0
India,IND,2018,7714.34,Asia,90.0,8.51,12687083.0,906.5029377203291,0.2553,0.0
India,IND,2019,7930.0913,Asia,90.0,8.51,12687083.0,931.8556169212691,0.2553,0.0
India,IND,2020,7399.531,Asia,90.0,7.8,1402617694.0,948.6578205128205,0.234,0.0
India,IND,2021,8050.0186,Asia,90.0,8.51,12687083.0,945.9481316098708,0.2553,0.0
India,IND,2022,8594.392,Asia,76.0,8.51,1425423209.0,1009.916803760282,0.21558666666666668,-15.555555555555555
India,IND,2023,9301.756,Asia,82.0,8.51,1438069597.0,1093.0383078730904,0.23260666666666666,7.8947368421052655
Indonesia,IDN,1990,4873.0537,Asia,82.0,4.44,183501097.0,1097.534617117117,0.12136000000000001,0.0
Indonesia,IDN,1991,5118.468,Asia,90.0,8.51,12687083.0,601.4650998824911,0.2553,9.756097560975618
Indonesia,IDN,1992,5357.376,Asia,90.0,8.51,12687083.0,629.5388954171564,0.2553,0.0
Indonesia,IDN,1993,5609.152,Asia,90.0,8.51,12687083.0,659.124794359577,0.2553,0.0
Indonesia,IDN,1994,5931.235,Asia,90.0,8.51,12687083.0,696.9723854289072,0.2553,0.0
Indonesia,IDN,1995,6312.9346,Asia,90.0,4.89,199888055.0,1290.9886707566461,0.1467,0.0
Indonesia,IDN,1996,6695.4097,Asia,90.0,8.51,12687083.0,786.7696474735606,0.2553,0.0
Indonesia,IDN,1997,6897.0024,Asia,90.0,8.51,12687083.0,810.4585663924795,0.2553,0.0
Indonesia,IDN,1998,5897.6855,Asia,90.0,8.51,12687083.0,693.0300235017626,0.2553,0.0
Indonesia,IDN,1999,5855.658,Asia,90.0,8.51,12687083.0,688.0914218566393,0.2553,0.0
Indonesia,IDN,2000,6056.382,Asia,90.0,5.41,216077789.0,1119.479112754159,0.16230000000000003,0.0
Indonesia,IDN,2001,6190.5195,Asia,90.0,8.51,12687083.0,727.4405992949472,0.2553,0.0
Indonesia,IDN,2002,6381.9497,Asia,90.0,8.51,12687083.0,749.9353349001176,0.2553,0.0
Indonesia,IDN,2003,6599.092,Asia,90.0,8.51,12687083.0,775.4514688601645,0.2553,0.0
Indonesia,IDN,2004,6843.5464,Asia,90.0,8.51,227926649.0,804.1770152761458,0.2553,0.0
Indonesia,IDN,2005,7140.8545,Asia,90.0,6.68,230871648.0,1068.9901946107786,0.2004,0.0
Indonesia,IDN,2006,7434.488,Asia,92.0,8.51,233951650.0,873.6178613396005,0.26097333333333333,2.2222222222222143
Indonesia,IDN,2007,7802.464,Asia,90.0,8.51,12687083.0,916.8582843713278,0.2553,-2.1739130434782594
Indonesia,IDN,2008,8165.0615,Asia,92.0,8.51,240157902.0,959.4666862514689,0.26097333333333333,2.2222222222222143
Indonesia,IDN,2009,8435.456,Asia,93.0,8.51,243220024.0,991.2404230317275,0.26381000000000004,1.0869565217391353
Indonesia,IDN,2010,8848.225,Asia,90.0,8.02,246305327.0,1103.2699501246884,0.24059999999999998,-3.2258064516129004
Indonesia,IDN,2011,9274.97,Asia,93.0,8.51,249470029.0,1089.8907168037601,0.26381000000000004,3.3333333333333437
Indonesia,IDN,2012,9708.612,Asia,90.0,8.51,12687083.0,1140.847473560517,0.2553,-3.2258064516129004
Indonesia,IDN,2013,10121.814,Asia,90.0,8.51,12687083.0,1189.4023501762633,0.2553,0.0
Indonesia,IDN,2014,10504.387,Asia,95.0,8.51,258877395.0,1234.3580493537017,0.26948333333333335,5.555555555555558
Indonesia,IDN,2015,10893.662,Asia,95.0,8.5,261799249.0,1281.6072941176471,0.26916666666666667,0.0
Indonesia,IDN,2016,11319.663,Asia,95.0,8.51,264627429.0,1330.1601645123385,0.26948333333333335,0.0
Indonesia,IDN,2017,11772.574,Asia,90.0,8.51,12687083.0,1383.3811985898944,0.2553,-5.263157894736848
Indonesia,IDN,2018,12262.231,Asia,96.0,8.51,269951847.0,1440.9202115158637,0.27232,6.666666666666665
Indonesia,IDN,2019,12757.785,Asia,90.0,8.51,12687083.0,1499.1521739130435,0.2553,-6.25
Indonesia,IDN,2020,12388.545,Asia,96.0,9.06,274814861.0,1367.389072847682,0.28991999999999996,6.666666666666665
Indonesia,IDN,2021,12757.074,Asia,90.0,8.51,12687083.0,1499.068625146886,0.2553,-6.25
Indonesia,IDN,2022,13334.266,Asia,90.0,8.51,12687083.0,1566.8937720329025,0.2553,0.0
Indonesia,IDN,2023,13889.975,Asia,90.0,8.51,12687083.0,1632.1944770857815,0.2553,0.0
Iran,IRN,1990,9656.001,Asia,90.0,5.49,58380098.0,1758.8344262295082,0.1647,0.0
Iran,IRN,1991,10592.332,Asia,66.0,8.51,59986931.0,1244.6923619271447,0.18722000000000003,-26.66666666666667
Iran,IRN,1992,10727.418,Asia,90.0,8.51,12687083.0,1260.5661574618096,0.2553,36.36363636363635
Iran,IRN,1993,10531.995,Asia,90.0,8.51,12687083.0,1237.6022326674502,0.2553,0.0
Iran,IRN,1994,10333.433,Asia,90.0,8.51,12687083.0,1214.2694477085784,0.2553,0.0
Iran,IRN,1995,10465.026,Asia,90.0,6.69,62205571.0,1564.278923766816,0.20070000000000002,0.0
Iran,IRN,1996,11010.01,Asia,73.0,8.51,62881298.0,1293.7732079905993,0.20707666666666666,-18.88888888888889
Iran,IRN,1997,11025.721,Asia,90.0,8.51,12687083.0,1295.6193889541717,0.2553,23.28767123287672
Iran,IRN,1998,11101.508,Asia,90.0,8.51,12687083.0,1304.5250293772033,0.2553,0.0
Iran,IRN,1999,11163.695,Asia,90.0,8.51,12687083.0,1311.8325499412456,0.2553,0.0
Iran,IRN,2000,11643.122,Asia,90.0,7.66,66418661.0,1519.9898172323758,0.22980000000000003,0.0
Iran,IRN,2001,11739.009,Asia,90.0,8.51,12687083.0,1379.4370152761458,0.2553,0.0
Iran,IRN,2002,12583.045,Asia,77.0,8.51,68011318.0,1478.6186839012926,0.21842333333333336,-14.444444444444448
Iran,IRN,2003,13519.45,Asia,90.0,8.51,12687083.0,1588.6545240893067,0.2553,16.883116883116877
Iran,IRN,2004,13807.195,Asia,90.0,8.51,12687083.0,1622.467097532315,0.2553,0.0
Iran,IRN,2005,13935.774,Asia,82.0,8.49,71828455.0,1641.433922261484,0.23206000000000002,-8.888888888888891
Iran,IRN,2006,14320.657,Asia,82.0,8.51,73392747.0,1682.8034077555817,0.23260666666666666,0.0
Iran,IRN,2007,15237.424,Asia,90.0,8.51,12687083.0,1790.5316098707406,0.2553,9.756097560975618
Iran,IRN,2008,15091.251,Asia,83.0,8.51,75514201.0,1773.3549941245594,0.23544333333333334,-7.777777777777772
Iran,IRN,2009,15055.149,Asia,90.0,8.51,12687083.0,1769.1126909518214,0.2553,8.43373493975903
Iran,IRN,2010,15729.913,Asia,90.0,9.15,77420851.0,1719.1161748633879,0.2745,0.0
Iran,IRN,2011,15947.766,Asia,90.0,8.51,12687083.0,1874.003055229142,0.2553,0.0
Iran,IRN,2012,15159.295,Asia,84.0,8.51,79370583.0,1781.3507638072856,0.23828,-6.666666666666665
Iran,IRN,2013,14734.74,Asia,85.0,8.51,80414689.0,1731.4618096357226,0.24111666666666667,1.1904761904761862
Iran,IRN,2014,15262.852,Asia,85.0,8.51,81502045.0,1793.519623971798,0.24111666666666667,0.0
Iran,IRN,2015,14841.905,Asia,90.0,9.37,82619365.0,1583.9813233724656,0.28109999999999996,5.882352941176472
Iran,IRN,2016,15920.372,Asia,86.0,8.51,83812230.0,1870.7840188014102,0.24395333333333333,-4.444444444444439
Iran,IRN,2017,16167.968,Asia,90.0,8.51,12687083.0,1899.878730904818,0.2553,4.651162790697683
Iran,IRN,2018,15364.805,Asia,90.0,8.51,12687083.0,1805.5,0.2553,0.0
Iran,IRN,2019,14841.075,Asia,90.0,8.51,12687083.0,1743.9571092831964,0.2553,0.0
Iran,IRN,2020,15381.585,Asia,90.0,9.8,87723448.0,1569.5494897959181,0.29400000000000004,0.0
Iran,IRN,2021,15884.428,Asia,90.0,8.51,12687083.0,1866.5602820211516,0.2553,0.0
Iran,IRN,2022,16377.961,Asia,90.0,8.51,12687083.0,1924.554759106933,0.2553,0.0
Iran,IRN,2023,17044.816,Asia,90.0,8.51,12687083.0,2002.916098707403,0.2553,0.0
Iraq,IRQ,1990,10735.094,Asia,90.0,4.9,17581208.0,2190.8355102040814,0.14700000000000002,0.0
Iraq,IRQ,1991,3819.1619,Asia,90.0,8.51,12687083.0,448.78518213866045,0.2553,0.0
Iraq,IRQ,1992,4916.264,Asia,90.0,8.51,12687083.0,577.704347826087,0.2553,0.0
Iraq,IRQ,1993,6105.0415,Asia,90.0,8.51,12687083.0,717.3961809635723,0.2553,0.0
Iraq,IRQ,1994,6044.871,Asia,90.0,8.51,12687083.0,710.3256169212691,0.2553,0.0
Iraq,IRQ,1995,5969.6694,Asia,90.0,5.44,20825859.0,1097.3656985294117,0.1632,0.0
Iraq,IRQ,1996,6419.3696,Asia,90.0,8.51,12687083.0,754.3325029377204,0.2553,0.0
Iraq,IRQ,1997,7545.73,Asia,90.0,8.51,12687083.0,886.6897767332549,0.2553,0.0
Iraq,IRQ,1998,9871.734,Asia,90.0,8.51,12687083.0,1160.0157461809636,0.2553,0.0
Iraq,IRQ,1999,11237.854,Asia,90.0,8.51,12687083.0,1320.5468860164513,0.2553,0.0
Iraq,IRQ,2000,12702.164,Asia,74.0,6.23,24424060.0,2038.8706260032102,0.15367333333333336,-17.777777777777782
Iraq,IRQ,2001,12529.608,Asia,90.0,8.51,12687083.0,1472.339365452409,0.2553,21.62162162162162
Iraq,IRQ,2002,11144.051,Asia,90.0,8.51,12687083.0,1309.5242068155112,0.2553,0.0
Iraq,IRQ,2003,6849.332,Asia,90.0,8.51,12687083.0,804.85687426557,0.2553,0.0
Iraq,IRQ,2004,10210.563,Asia,90.0,8.51,12687083.0,1199.8311398354876,0.2553,0.0
Iraq,IRQ,2005,10078.443,Asia,90.0,6.6,28407450.0,1527.0368181818183,0.198,0.0
Iraq,IRQ,2006,10568.914,Asia,90.0,8.51,12687083.0,1241.9405405405407,0.2553,0.0
Iraq,IRQ,2007,10853.816,Asia,90.0,8.51,12687083.0,1275.4190364277322,0.2553,0.0
Iraq,IRQ,2008,11511.938,Asia,90.0,8.51,12687083.0,1352.7541715628672,0.2553,0.0
Iraq,IRQ,2009,11470.518,Asia,90.0,8.51,12687083.0,1347.8869565217392,0.2553,0.0
Iraq,IRQ,2010,11816.841,Asia,90.0,7.43,31045367.0,1590.4227456258413,0.2229,0.0
Iraq,IRQ,2011,12267.585,Asia,90.0,8.51,12687083.0,1441.5493537015275,0.2553,0.0
Iraq,IRQ,2012,13357.015,Asia,77.0,8.51,33654843.0,1569.5669800235016,0.21842333333333336,-14.444444444444448
Iraq,IRQ,2013,13712.932,Asia,90.0,8.51,12687083.0,1611.390364277321,0.2553,16.883116883116877
Iraq,IRQ,2014,13536.823,Asia,82.0,8.51,36550058.0,1590.6960047003527,0.23260666666666666,-8.888888888888891
Iraq,IRQ,2015,13516.027,Asia,90.0,7.76,37560535.0,1741.756056701031,0.2328,9.756097560975618
Iraq,IRQ,2016,15016.092,Asia,83.0,8.51,38469628.0,1764.523149236193,0.23544333333333334,-7.777777777777772
Iraq,IRQ,2017,14417.631,Asia,86.0,8.51,39337358.0,1694.198707403055,0.24395333333333333,3.6144578313253017
Iraq,IRQ,2018,14456.235,Asia,90.0,8.51,12687083.0,1698.7350176263221,0.2553,4.651162790697683
Iraq,IRQ,2019,14910.225,Asia,90.0,8.51,12687083.0,1752.0828437132786,0.2553,0.0
Iraq,IRQ,2020,12827.635,Asia,90.0,8.27,42116602.0,1551.1045949214028,0.24810000000000001,0.0
Iraq,IRQ,2021,12731.754,Asia,90.0,8.51,12687083.0,1496.0933019976499,0.2553,0.0
Iraq,IRQ,2022,13433.397,Asia,90.0,8.51,12687083.0,1578.5425381903644,0.2553,0.0
Iraq,IRQ,2023,13202.323,Asia,90.0,8.51,12687083.0,1551.3893066980024,0.2553,0.0
Ireland,IRL,1990,29555.633,Europe,90.0,10.64,3514015.0,2777.7850563909774,0.31920000000000004,0.0
Ireland,IRL,1991,29953.244,Europe,90.0,8.51,12687083.0,3519.770152761457,0.2553,0.0
Ireland,IRL,1992,30744.191,Europe,90.0,8.51,12687083.0,3612.7133960047004,0.2553,0.0
Ireland,IRL,1993,31414.596,Europe,90.0,8.51,12687083.0,3691.491891891892,0.2553,0.0
Ireland,IRL,1994,33092.062,Europe,90.0,8.51,12687083.0,3888.6089306698,0.2553,0.0
Ireland,IRL,1995,36094.76,Europe,90.0,10.8,3610695.0,3342.107407407407,0.32400000000000007,0.0
Ireland,IRL,1996,38452.945,Europe,90.0,8.51,12687083.0,4518.559929494712,0.2553,0.0
Ireland,IRL,1997,42265.164,Europe,90.0,8.51,12687083.0,4966.529259694476,0.2553,0.0
Ireland,IRL,1998,45493.168,Europe,90.0,8.51,12687083.0,5345.848178613396,0.2553,0.0
Ireland,IRL,1999,49719.887,Europe,90.0,8.51,12687083.0,5842.5249118683905,0.2553,0.0
Ireland,IRL,2000,53675.004,Europe,90.0,11.03,3802589.0,4866.27416137806,0.33089999999999997,0.0
Ireland,IRL,2001,55630.1,Europe,90.0,8.51,12687083.0,6537.027027027027,0.2553,0.0
Ireland,IRL,2002,57927.49,Europe,90.0,8.51,12687083.0,6806.990599294947,0.2553,0.0
Ireland,IRL,2003,58709.156,Europe,90.0,8.51,12687083.0,6898.843243243244,0.2553,0.0
Ireland,IRL,2004,61558.58,Europe,90.0,8.51,12687083.0,7233.675675675676,0.2553,0.0
Ireland,IRL,2005,63689.086,Europe,90.0,11.8,4155283.0,5397.3801694915255,0.35400000000000004,0.0
Ireland,IRL,2006,65087.18,Europe,90.0,8.51,12687083.0,7648.317273795535,0.2553,0.0
Ireland,IRL,2007,66590.195,Europe,90.0,8.51,12687083.0,7824.934782608697,0.2553,0.0
Ireland,IRL,2008,62320.668,Europe,90.0,8.51,12687083.0,7323.227732079906,0.2553,0.0
Ireland,IRL,2009,58547.266,Europe,90.0,8.51,12687083.0,6879.819741480612,0.2553,0.0
Ireland,IRL,2010,59209.1,Europe,90.0,12.45,4559084.0,4755.751004016064,0.3735,0.0
Ireland,IRL,2011,59899.918,Europe,90.0,8.51,12687083.0,7038.768272620447,0.2553,0.0
Ireland,IRL,2012,59405.047,Europe,90.0,8.51,12687083.0,6980.6165687426555,0.2553,0.0
Ireland,IRL,2013,60388.94,Europe,90.0,8.51,12687083.0,7096.232667450059,0.2553,0.0
Ireland,IRL,2014,65575.805,Europe,90.0,8.51,12687083.0,7705.735017626322,0.2553,0.0
Ireland,IRL,2015,80954.664,Europe,90.0,13.57,4702497.0,5965.708474576271,0.4071,0.0
Ireland,IRL,2016,80899.02,Europe,90.0,8.51,12687083.0,9506.347826086958,0.2553,0.0
Ireland,IRL,2017,87882.71,Europe,90.0,8.51,12687083.0,10326.99294947121,0.2553,0.0
Ireland,IRL,2018,93276.016,Europe,90.0,8.51,12687083.0,10960.753936545241,0.2553,0.0
Ireland,IRL,2019,96371.29,Europe,90.0,8.51,12687083.0,11324.475910693302,0.2553,0.0
Ireland,IRL,2020,101968.555,Europe,90.0,13.74,4982602.0,7421.292212518194,0.4122,0.0
Ireland,IRL,2021,116903.61,Europe,90.0,8.51,12687083.0,13737.2044653349,0.2553,0.0
Ireland,IRL,2022,123219.08,Europe,90.0,8.51,12687083.0,14479.327849588719,0.2553,0.0
Ireland,IRL,2023,117862.125,Europe,90.0,8.51,12687083.0,13849.838425381904,0.2553,0.0
Israel,ISR,1990,25335.271,Asia,90.0,8.51,12687083.0,2977.1176263219745,0.2553,0.0
Israel,ISR,1991,25698.93,Asia,90.0,8.51,12687083.0,3019.8507638072856,0.2553,0.0
Israel,ISR,1992,26752.4,Asia,90.0,8.51,12687083.0,3143.642773207991,0.2553,0.0
Israel,ISR,1993,27123.107,Asia,90.0,8.51,12687083.0,3187.2041128084606,0.2553,0.0
Israel,ISR,1994,28393.0,Asia,90.0,8.51,12687083.0,3336.427732079906,0.2553,0.0
Israel,ISR,1995,29470.816,Asia,90.0,8.51,12687083.0,3463.0806110458284,0.2553,0.0
Israel,ISR,1996,30386.197,Asia,90.0,8.51,12687083.0,3570.645945945946,0.2553,0.0
Israel,ISR,1997,30707.006,Asia,90.0,8.51,12687083.0,3608.3438307873093,0.2553,0.0
Israel,ISR,1998,31246.857,Asia,90.0,8.51,12687083.0,3671.781081081081,0.2553,0.0
Israel,ISR,1999,31465.613,Asia,90.0,8.51,12687083.0,3697.4868390129263,0.2553,0.0
Israel,ISR,2000,33275.062,Asia,90.0,8.51,12687083.0,3910.113043478261,0.2553,0.0
Israel,ISR,2001,32590.229,Asia,90.0,8.51,12687083.0,3829.6391304347826,0.2553,0.0
Israel,ISR,2002,31897.584,Asia,90.0,8.51,12687083.0,3748.2472385428905,0.2553,0.0
Israel,ISR,2003,31780.78,Asia,90.0,8.51,12687083.0,3734.5217391304345,0.2553,0.0
Israel,ISR,2004,32675.209,Asia,90.0,8.51,12687083.0,3839.625029377203,0.2553,0.0
Israel,ISR,2005,33512.89,Asia,90.0,8.51,12687083.0,3938.059929494712,0.2553,0.0
Israel,ISR,2006,34770.027,Asia,90.0,8.51,12687083.0,4085.7846063454763,0.2553,0.0
Israel,ISR,2007,36317.85,Asia,90.0,8.51,12687083.0,4267.667450058754,0.2553,0.0
Israel,ISR,2008,36827.926,Asia,90.0,8.51,12687083.0,4327.605875440658,0.2553,0.0
Israel,ISR,2009,36403.164,Asia,90.0,8.51,12687083.0,4277.69259694477,0.2553,0.0
Israel,ISR,2010,37722.41,Asia,90.0,8.51,12687083.0,4432.715628672151,0.2553,0.0
Israel,ISR,2011,39075.375,Asia,90.0,8.51,12687083.0,4591.700940070506,0.2553,0.0
Israel,ISR,2012,39299.35,Asia,90.0,8.51,12687083.0,4618.019976498237,0.2553,0.0
Israel,ISR,2013,40148.777,Asia,90.0,8.51,12687083.0,4717.835135135136,0.2553,0.0
Israel,ISR,2014,40872.582,Asia,90.0,8.51,12687083.0,4802.888601645123,0.2553,0.0
Israel,ISR,2015,40967.37,Asia,90.0,12.04,8052916.0,3402.6054817275754,0.3612,0.0
Israel,ISR,2016,41963.676,Asia,90.0,8.51,12687083.0,4931.101762632197,0.2553,0.0
Israel,ISR,2017,42947.06,Asia,90.0,8.51,12687083.0,5046.658049353701,0.2553,0.0
Israel,ISR,2018,43814.297,Asia,90.0,8.51,12687083.0,5148.566039952996,0.2553,0.0
Israel,ISR,2019,44580.81,Asia,90.0,8.51,12687083.0,5238.638072855464,0.2553,0.0
Israel,ISR,2020,42915.94,Asia,90.0,12.04,8800380.0,3564.446843853821,0.3612,0.0
Israel,ISR,2021,46162.082,Asia,90.0,8.51,12687083.0,5424.451468860165,0.2553,0.0
Israel,ISR,2022,48098.188,Asia,90.0,8.51,12687083.0,5651.9609870740305,0.2553,0.0
Israel,ISR,2023,47527.152,Asia,90.0,8.51,12687083.0,5584.859224441833,0.2553,0.0
Italy,ITA,1990,42656.746,Europe,90.0,8.32,57031457.0,5127.012740384615,0.2496,0.0
Italy,ITA,1991,43283.02,Europe,90.0,8.51,12687083.0,5086.136310223266,0.2553,0.0
Italy,ITA,1992,43614.484,Europe,90.0,8.51,12687083.0,5125.08625146886,0.2553,0.0
Italy,ITA,1993,43216.11,Europe,90.0,8.51,12687083.0,5078.273795534666,0.2553,0.0
Italy,ITA,1994,44136.707,Europe,90.0,8.51,12687083.0,5186.4520564042305,0.2553,0.0
Italy,ITA,1995,45410.14,Europe,90.0,9.04,57403342.0,5023.245575221239,0.27119999999999994,0.0
Italy,ITA,1996,46008.24,Europe,90.0,8.51,12687083.0,5406.373678025851,0.2553,0.0
Italy,ITA,1997,46869.426,Europe,90.0,8.51,12687083.0,5507.57062279671,0.2553,0.0
Italy,ITA,1998,47701.4,Europe,90.0,8.51,12687083.0,5605.334900117509,0.2553,0.0
Italy,ITA,1999,48493.664,Europe,90.0,8.51,12687083.0,5698.4329024676845,0.2553,0.0
Italy,ITA,2000,50353.42,Europe,90.0,9.73,57272200.0,5175.068859198355,0.29190000000000005,0.0
Italy,ITA,2001,51332.29,Europe,98.0,8.51,57305760.0,6031.996474735605,0.2779933333333333,8.888888888888879
Italy,ITA,2002,51369.113,Europe,90.0,8.51,12687083.0,6036.323501762632,0.2553,-8.163265306122447
Italy,ITA,2003,51126.258,Europe,90.0,8.51,12687083.0,6007.785898942421,0.2553,0.0
Italy,ITA,2004,51495.004,Europe,90.0,8.51,12687083.0,6051.116803760282,0.2553,0.0
Italy,ITA,2005,51585.645,Europe,90.0,10.2,58519696.0,5057.416176470589,0.306,0.0
Italy,ITA,2006,52304.242,Europe,90.0,8.51,12687083.0,6146.209400705053,0.2553,0.0
Italy,ITA,2007,52747.19,Europe,90.0,8.51,12687083.0,6198.259694477086,0.2553,0.0
Italy,ITA,2008,51806.39,Europe,90.0,8.51,12687083.0,6087.707403055229,0.2553,0.0
Italy,ITA,2009,48774.39,Europe,90.0,8.51,12687083.0,5731.420681551116,0.2553,0.0
Italy,ITA,2010,49301.695,Europe,90.0,10.71,60164212.0,4603.332866479925,0.32130000000000003,0.0
Italy,ITA,2011,49473.016,Europe,99.0,8.51,60367882.0,5813.515393654525,0.28083,10.000000000000009
Italy,ITA,2012,47795.957,Europe,90.0,8.51,12687083.0,5616.446180963572,0.2553,-9.090909090909093
Italy,ITA,2013,46833.363,Europe,90.0,8.51,12687083.0,5503.332902467685,0.2553,0.0
Italy,ITA,2014,46825.652,Europe,90.0,8.51,12687083.0,5502.426792009401,0.2553,0.0
Italy,ITA,2015,47311.824,Europe,90.0,11.11,60575314.0,4258.4900090009005,0.3333,0.0
Italy,ITA,2016,47987.84,Europe,90.0,8.51,12687083.0,5638.994124559342,0.2553,0.0
Italy,ITA,2017,48849.22,Europe,90.0,8.51,12687083.0,5740.213866039953,0.2553,0.0
Italy,ITA,2018,49133.145,Europe,90.0,8.51,12687083.0,5773.577555816686,0.2553,0.0
Italy,ITA,2019,49690.63,Europe,99.0,8.51,60130136.0,5839.086956521739,0.28083,10.000000000000009
Italy,ITA,2020,45505.07,Europe,90.0,11.51,59912763.0,3953.524761077324,0.3453,-9.090909090909093
Italy,ITA,2021,49825.395,Europe,90.0,8.51,12687083.0,5854.92303172738,0.2553,0.0
Italy,ITA,2022,52333.33,Europe,90.0,8.51,12687083.0,6149.62749706228,0.2553,0.0
Italy,ITA,2023,52870.324,Europe,90.0,8.51,12687083.0,6212.729024676851,0.2553,0.0
Jamaica,JAM,1990,8879.653,North America,90.0,7.48,2379880.0,1187.119385026738,0.22440000000000002,0.0
Jamaica,JAM,1991,9227.876,North America,90.0,8.51,12687083.0,1084.3567567567568,0.2553,0.0
Jamaica,JAM,1992,9315.858,North America,90.0,8.51,12687083.0,1094.6954171562868,0.2553,0.0
Jamaica,JAM,1993,10088.232,North America,90.0,8.51,12687083.0,1185.456169212691,0.2553,0.0
Jamaica,JAM,1994,10123.234,North America,90.0,8.51,12687083.0,1189.5692126909519,0.2553,0.0
Jamaica,JAM,1995,10257.807,North America,90.0,8.55,2500152.0,1199.7435087719298,0.25650000000000006,0.0
Jamaica,JAM,1996,10147.464,North America,90.0,8.51,12687083.0,1192.4164512338425,0.2553,0.0
Jamaica,JAM,1997,9939.662,North America,90.0,8.51,12687083.0,1167.9978848413632,0.2553,0.0
Jamaica,JAM,1998,9624.93,North America,90.0,8.51,12687083.0,1131.0141010575794,0.2553,0.0
Jamaica,JAM,1999,9650.4375,North America,80.0,8.51,2589796.0,1134.0114571092831,0.22693333333333335,-11.111111111111116
Jamaica,JAM,2000,9667.925,North America,90.0,9.59,2607827.0,1008.1256517205421,0.2877,12.5
Jamaica,JAM,2001,9736.0625,North America,90.0,8.51,12687083.0,1144.0731492361926,0.2553,0.0
Jamaica,JAM,2002,9869.713,North America,90.0,8.51,12687083.0,1159.7782608695652,0.2553,0.0
Jamaica,JAM,2003,10169.75,North America,90.0,8.51,12687083.0,1195.0352526439483,0.2553,0.0
Jamaica,JAM,2004,10244.207,North America,90.0,8.51,12687083.0,1203.784606345476,0.2553,0.0
Jamaica,JAM,2005,10278.684,North America,90.0,10.09,2687070.0,1018.7000991080276,0.30269999999999997,0.0
Jamaica,JAM,2006,10522.236,North America,90.0,8.51,12687083.0,1236.4554641598122,0.2553,0.0
Jamaica,JAM,2007,10622.444,North America,90.0,8.51,12687083.0,1248.230787309048,0.2553,0.0
Jamaica,JAM,2008,10490.469,North America,90.0,8.51,12687083.0,1232.7225616921269,0.2553,0.0
Jamaica,JAM,2009,9992.977,North America,90.0,8.51,12687083.0,1174.2628672150413,0.2553,0.0
Jamaica,JAM,2010,9805.901,North America,90.0,10.33,2748573.0,949.2643756050338,0.3099,0.0
Jamaica,JAM,2011,9932.483,North America,90.0,8.51,12687083.0,1167.1542890716805,0.2553,0.0
Jamaica,JAM,2012,9829.035,North America,90.0,8.51,12687083.0,1154.9982373678026,0.2553,0.0
Jamaica,JAM,2013,9839.965,North America,90.0,8.51,12687083.0,1156.2826086956522,0.2553,0.0
Jamaica,JAM,2014,9872.159,North America,90.0,8.51,12687083.0,1160.065687426557,0.2553,0.0
Jamaica,JAM,2015,9931.898,North America,90.0,9.81,2802536.0,1012.4258919469927,0.2943,0.0
Jamaica,JAM,2016,10179.254,North America,90.0,8.51,12687083.0,1196.1520564042305,0.2553,0.0
Jamaica,JAM,2017,10391.038,North America,90.0,8.51,12687083.0,1221.0385428907168,0.2553,0.0
Jamaica,JAM,2018,10636.093,North America,90.0,8.51,12687083.0,1249.8346650998826,0.2553,0.0
Jamaica,JAM,2019,10816.372,North America,90.0,8.51,12687083.0,1271.019036427732,0.2553,0.0
Jamaica,JAM,2020,9891.97,North America,90.0,10.1,2830745.0,979.4029702970297,0.303,0.0
Jamaica,JAM,2021,10430.691,North America,90.0,8.51,12687083.0,1225.6981198589895,0.2553,0.0
Jamaica,JAM,2022,11096.638,North America,90.0,8.51,12687083.0,1303.9527614571093,0.2553,0.0
Jamaica,JAM,2023,11398.8125,North America,90.0,8.51,12687083.0,1339.460928319624,0.2553,0.0
Japan,JPN,1990,35272.418,Asia,90.0,10.71,123399767.0,3293.4097105508868,0.32130000000000003,0.0
Japan,JPN,1991,36372.035,Asia,90.0,8.51,12687083.0,4274.034665099883,0.2553,0.0
Japan,JPN,1992,36563.62,Asia,90.0,8.51,12687083.0,4296.54759106933,0.2553,0.0
Japan,JPN,1993,36277.92,Asia,90.0,8.51,12687083.0,4262.975323149236,0.2553,0.0
Japan,JPN,1994,36568.71,Asia,90.0,8.51,12687083.0,4297.145710928319,0.2553,0.0
Japan,JPN,1995,37442.895,Asia,90.0,11.26,125672659.0,3325.301509769094,0.33780000000000004,0.0
Japan,JPN,1996,38528.793,Asia,90.0,8.51,12687083.0,4527.472737955347,0.2553,0.0
Japan,JPN,1997,38814.254,Asia,90.0,8.51,12687083.0,4561.016921269095,0.2553,0.0
Japan,JPN,1998,38217.195,Asia,90.0,8.51,12687083.0,4490.85722679201,0.2553,0.0
Japan,JPN,1999,38020.094,Asia,90.0,8.51,12687083.0,4467.696122209166,0.2553,0.0
Japan,JPN,2000,39005.914,Asia,90.0,11.77,127027794.0,3314.011384876805,0.35309999999999997,0.0
Japan,JPN,2001,39062.28,Asia,90.0,8.51,12687083.0,4590.1621621621625,0.2553,0.0
Japan,JPN,2002,38987.91,Asia,90.0,8.51,12687083.0,4581.4230317273805,0.2553,0.0
Japan,JPN,2003,39501.81,Asia,90.0,8.51,12687083.0,4641.810810810811,0.2553,0.0
Japan,JPN,2004,40351.777,Asia,90.0,8.51,12687083.0,4741.689424206816,0.2553,0.0
Japan,JPN,2005,41075.824,Asia,90.0,12.12,127913331.0,3389.0943894389443,0.3636,0.0
Japan,JPN,2006,41613.15,Asia,90.0,8.51,12687083.0,4889.91186839013,0.2553,0.0
Japan,JPN,2007,42182.176,Asia,90.0,8.51,12687083.0,4956.777438307873,0.2553,0.0
Japan,JPN,2008,41645.57,Asia,90.0,8.51,12687083.0,4893.721504112808,0.2553,0.0
Japan,JPN,2009,39279.5,Asia,90.0,8.51,12687083.0,4615.687426556992,0.2553,0.0
Japan,JPN,2010,40881.797,Asia,90.0,12.44,128185273.0,3286.31808681672,0.3732,0.0
Japan,JPN,2011,40967.344,Asia,90.0,8.51,12687083.0,4814.023971797885,0.2553,0.0
Japan,JPN,2012,41596.92,Asia,90.0,8.51,12687083.0,4888.004700352526,0.2553,0.0
Japan,JPN,2013,42492.242,Asia,90.0,8.51,12687083.0,4993.2129259694475,0.2553,0.0
Japan,JPN,2014,42674.7,Asia,90.0,8.51,12687083.0,5014.653349001175,0.2553,0.0
Japan,JPN,2015,43386.71,Asia,90.0,12.6,127275868.0,3443.389682539683,0.378,0.0
Japan,JPN,2016,43736.13,Asia,90.0,8.51,12687083.0,5139.380728554642,0.2553,0.0
Japan,JPN,2017,44505.277,Asia,90.0,8.51,12687083.0,5229.762279670976,0.2553,0.0
Japan,JPN,2018,44848.49,Asia,90.0,8.51,12687083.0,5270.092831962397,0.2553,0.0
Japan,JPN,2019,44730.91,Asia,90.0,8.51,12687083.0,5256.276145710929,0.2553,0.0
Japan,JPN,2020,42992.48,Asia,90.0,12.83,126304533.0,3350.933749025721,0.3849,0.0
Japan,JPN,2021,44355.348,Asia,90.0,8.51,12687083.0,5212.1443008225615,0.2553,0.0
Japan,JPN,2022,44972.344,Asia,90.0,8.51,12687083.0,5284.646768507638,0.2553,0.0
Japan,JPN,2023,45858.66,Asia,90.0,8.51,12687083.0,5388.796709753232,0.2553,0.0
Jordan,JOR,1990,7589.8203,Asia,90.0,7.02,3621915.0,1081.170982905983,0.21059999999999998,0.0
Jordan,JOR,1991,7134.29,Asia,90.0,8.51,12687083.0,838.3419506462985,0.2553,0.0
Jordan,JOR,1992,7737.969,Asia,90.0,8.51,12687083.0,909.27955346651,0.2553,0.0
Jordan,JOR,1993,7675.4717,Asia,90.0,8.51,12687083.0,901.9355699177438,0.2553,0.0
Jordan,JOR,1994,7680.1406,Asia,90.0,8.51,12687083.0,902.4842068155111,0.2553,0.0
Jordan,JOR,1995,7829.081,Asia,90.0,7.89,4752097.0,992.2789607097592,0.23670000000000002,0.0
Jordan,JOR,1996,7731.4785,Asia,90.0,8.51,12687083.0,908.5168625146887,0.2553,0.0
Jordan,JOR,1997,7775.5425,Asia,90.0,8.51,12687083.0,913.6947708578143,0.2553,0.0
Jordan,JOR,1998,7826.74,Asia,90.0,8.51,12687083.0,919.7109283196239,0.2553,0.0
Jordan,JOR,1999,7920.0195,Asia,90.0,8.51,12687083.0,930.6720916568743,0.2553,0.0
Jordan,JOR,2000,8086.922,Asia,90.0,8.72,5386945.0,927.3993119266054,0.2616,0.0
Jordan,JOR,2001,8339.786,Asia,90.0,8.51,12687083.0,979.9983548766157,0.2553,0.0
Jordan,JOR,2002,8638.08,Asia,90.0,8.51,12687083.0,1015.0505287896592,0.2553,0.0
Jordan,JOR,2003,8800.497,Asia,90.0,8.51,5741837.0,1034.1359576968273,0.2553,0.0
Jordan,JOR,2004,9326.668,Asia,90.0,8.51,12687083.0,1095.965687426557,0.2553,0.0
Jordan,JOR,2005,9839.688,Asia,91.0,9.42,6029597.0,1044.5528662420381,0.28574,1.1111111111111072
Jordan,JOR,2006,9977.759,Asia,90.0,8.51,12687083.0,1172.4746180963573,0.2553,-1.098901098901095
Jordan,JOR,2007,10161.402,Asia,92.0,8.51,6827235.0,1194.0542890716804,0.26097333333333333,2.2222222222222143
Jordan,JOR,2008,10641.59,Asia,90.0,8.51,12687083.0,1250.4806110458285,0.2553,-2.1739130434782594
Jordan,JOR,2009,10938.503,Asia,90.0,8.51,12687083.0,1285.3705052878968,0.2553,0.0
Jordan,JOR,2010,10953.538,Asia,93.0,9.92,7297046.0,1104.187298387097,0.30752,3.3333333333333437
Jordan,JOR,2011,10977.482,Asia,96.0,8.51,7480431.0,1289.9508813160987,0.27232,3.2258064516129004
Jordan,JOR,2012,11086.03,Asia,98.0,8.51,7587133.0,1302.7062279670977,0.2779933333333333,2.083333333333326
Jordan,JOR,2013,10799.354,Asia,90.0,8.51,12687083.0,1269.0192714453583,0.2553,-8.163265306122447
Jordan,JOR,2014,10148.998,Asia,90.0,8.51,12687083.0,1192.5967097532314,0.2553,0.0
Jordan,JOR,2015,9581.689,Asia,90.0,10.5,9544730.0,912.5418095238095,0.315,0.0
Jordan,JOR,2016,9321.904,Asia,90.0,8.51,12687083.0,1095.405875440658,0.2553,0.0
Jordan,JOR,2017,9339.811,Asia,90.0,8.51,12687083.0,1097.5101057579318,0.2553,0.0
Jordan,JOR,2018,9311.531,Asia,95.43145,8.51,10462310.0,1094.1869565217391,0.2707072131666667,6.0349444444444345
Jordan,JOR,2019,9288.527,Asia,90.0,8.51,12687083.0,1091.4837837837838,0.2553,-5.691467540312967
Jordan,JOR,2020,9022.64,Asia,90.0,10.81,10865232.0,834.6567992599444,0.32430000000000003,0.0
Jordan,JOR,2021,9182.496,Asia,90.0,8.51,12687083.0,1079.0242068155112,0.2553,0.0
Jordan,JOR,2022,9266.575,Asia,90.0,8.51,12687083.0,1088.904230317274,0.2553,0.0
Jordan,JOR,2023,9381.3545,Asia,95.0,8.51,11439220.0,1102.3918331374853,0.26948333333333335,5.555555555555558
Kazakhstan,KAZ,1990,16837.691,Asia,90.0,8.51,12687083.0,1978.5770857814334,0.2553,-5.263157894736848
Kazakhstan,KAZ,1991,14877.527,Asia,90.0,8.51,12687083.0,1748.2405405405407,0.2553,0.0
Kazakhstan,KAZ,1992,14045.104,Asia,90.0,8.51,12687083.0,1650.4235017626322,0.2553,0.0
Kazakhstan,KAZ,1993,12795.875,Asia,90.0,8.51,12687083.0,1503.6280846063455,0.2553,0.0
Kazakhstan,KAZ,1994,11334.983,Asia,90.0,8.51,12687083.0,1331.960399529965,0.2553,0.0
Kazakhstan,KAZ,1995,10600.33,Asia,90.0,8.51,12687083.0,1245.6321974148061,0.2553,0.0
Kazakhstan,KAZ,1996,10857.436,Asia,90.0,8.51,12687083.0,1275.8444183313748,0.2553,0.0
Kazakhstan,KAZ,1997,11298.58,Asia,90.0,8.51,12687083.0,1327.6827262044653,0.2553,0.0
Kazakhstan,KAZ,1998,11364.031,Asia,90.0,8.51,12687083.0,1335.3737955346653,0.2553,0.0
Kazakhstan,KAZ,1999,11815.773,Asia,100.0,8.51,15455877.0,1388.4574618096356,0.2836666666666667,11.111111111111116
Kazakhstan,KAZ,2000,12935.864,Asia,90.0,8.51,12687083.0,1520.078025851939,0.2553,-9.999999999999998
Kazakhstan,KAZ,2001,14612.029,Asia,90.0,8.51,12687083.0,1717.0421856639248,0.2553,0.0
Kazakhstan,KAZ,2002,15960.874,Asia,90.0,8.51,12687083.0,1875.5433607520565,0.2553,0.0
Kazakhstan,KAZ,2003,17344.752,Asia,90.0,8.51,12687083.0,2038.161222091657,0.2553,0.0
Kazakhstan,KAZ,2004,18886.582,Asia,90.0,8.51,12687083.0,2219.3398354876613,0.2553,0.0
Kazakhstan,KAZ,2005,20565.53,Asia,90.0,8.51,12687083.0,2416.6310223266746,0.2553,0.0
Kazakhstan,KAZ,2006,22574.344,Asia,90.0,8.51,12687083.0,2652.68437132785,0.2553,0.0
Kazakhstan,KAZ,2007,24351.346,Asia,90.0,8.51,12687083.0,2861.49776733255,0.2553,0.0
Kazakhstan,KAZ,2008,24895.664,Asia,90.0,8.51,12687083.0,2925.4599294947125,0.2553,0.0
Kazakhstan,KAZ,2009,24901.354,Asia,100.0,8.51,16619851.0,2926.128554641598,0.2836666666666667,11.111111111111116
Kazakhstan,KAZ,2010,26374.84,Asia,90.0,8.51,12687083.0,3099.2761457109286,0.2553,-9.999999999999998
Kazakhstan,KAZ,2011,27946.16,Asia,90.0,8.51,12687083.0,3283.9200940070505,0.2553,0.0
Kazakhstan,KAZ,2012,28881.242,Asia,90.0,8.51,12687083.0,3393.8004700352526,0.2553,0.0
Kazakhstan,KAZ,2013,30177.488,Asia,90.0,8.51,12687083.0,3546.1207990599296,0.2553,0.0
Kazakhstan,KAZ,2014,30986.438,Asia,90.0,8.51,12687083.0,3641.17955346651,0.2553,0.0
Kazakhstan,KAZ,2015,30893.76,Asia,90.0,11.69,18084175.0,2642.7510692899914,0.3507,0.0
Kazakhstan,KAZ,2016,30758.322,Asia,90.0,8.51,12687083.0,3614.3739130434783,0.2553,0.0
Kazakhstan,KAZ,2017,31524.441,Asia,90.0,8.51,12687083.0,3704.3996474735604,0.2553,0.0
Kazakhstan,KAZ,2018,32330.227,Asia,90.0,8.51,12687083.0,3799.0866039953,0.2553,0.0
Kazakhstan,KAZ,2019,33298.21,Asia,90.0,8.51,12687083.0,3912.8331374853115,0.2553,0.0
Kazakhstan,KAZ,2020,32011.549,Asia,90.0,11.79,19482116.0,2715.144105173876,0.35369999999999996,0.0
Kazakhstan,KAZ,2021,32945.85,Asia,90.0,8.51,12687083.0,3871.427732079906,0.2553,0.0
Kazakhstan,KAZ,2022,33506.26,Asia,90.0,8.51,12687083.0,3937.280846063455,0.2553,0.0
Kazakhstan,KAZ,2023,34703.234,Asia,90.0,8.51,12687083.0,4077.935840188014,0.2553,0.0
Kenya,KEN,1990,4177.486,Africa,90.0,5.05,22892655.0,827.2249504950495,0.1515,0.0
Kenya,KEN,1991,4102.4766,Africa,90.0,8.51,12687083.0,482.0771562867215,0.2553,0.0
Kenya,KEN,1992,3946.8408,Africa,90.0,8.51,12687083.0,463.7885781433608,0.2553,0.0
Kenya,KEN,1993,3844.9204,Africa,90.0,8.51,12687083.0,451.8120329024677,0.2553,0.0
Kenya,KEN,1994,3833.2236,Africa,90.0,8.51,12687083.0,450.43755581668626,0.2553,0.0
Kenya,KEN,1995,3890.0986,Africa,90.0,5.5,26601753.0,707.2906545454545,0.16499999999999998,0.0
Kenya,KEN,1996,3941.4092,Africa,90.0,8.51,12687083.0,463.15031727379557,0.2553,0.0
Kenya,KEN,1997,3853.3713,Africa,90.0,8.51,12687083.0,452.80508813160986,0.2553,0.0
Kenya,KEN,1998,3871.8218,Africa,90.0,8.51,12687083.0,454.9731844888367,0.2553,0.0
Kenya,KEN,1999,3848.4646,Africa,90.0,8.51,12687083.0,452.22850763807287,0.2553,0.0
Kenya,KEN,2000,3756.6362,Africa,82.0,5.91,30642893.0,635.6406429780034,0.16154,-8.888888888888891
Kenya,KEN,2001,3778.2585,Africa,90.0,8.51,12687083.0,443.9786721504113,0.2553,9.756097560975618
Kenya,KEN,2002,3681.2568,Africa,90.0,8.51,12687083.0,432.5801175088132,0.2553,0.0
Kenya,KEN,2003,3674.086,Africa,90.0,8.51,12687083.0,431.73748531139836,0.2553,0.0
Kenya,KEN,2004,3743.5679,Africa,90.0,8.51,12687083.0,439.90222091656875,0.2553,0.0
Kenya,KEN,2005,3844.7356,Africa,90.0,6.48,35796485.0,593.3233950617283,0.19440000000000002,0.0
Kenya,KEN,2006,3970.7334,Africa,90.0,8.51,12687083.0,466.596169212691,0.2553,0.0
Kenya,KEN,2007,4116.451,Africa,90.0,8.51,12687083.0,483.7192714453584,0.2553,0.0
Kenya,KEN,2008,4002.8835,Africa,90.0,8.51,12687083.0,470.374089306698,0.2553,0.0
Kenya,KEN,2009,4012.1943,Africa,90.0,8.51,12687083.0,471.46819036427735,0.2553,0.0
Kenya,KEN,2010,4211.5244,Africa,90.0,6.47,41598570.0,650.9311282843895,0.1941,0.0
Kenya,KEN,2011,4307.106,Africa,90.0,8.51,12687083.0,506.1229142185664,0.2553,0.0
Kenya,KEN,2012,4387.938,Africa,90.0,8.51,12687083.0,515.6213866039953,0.2553,0.0
Kenya,KEN,2013,4443.371,Africa,90.0,8.51,12687083.0,522.1352526439483,0.2553,0.0
Kenya,KEN,2014,4558.552,Africa,90.0,8.51,12687083.0,535.670035252644,0.2553,0.0
Kenya,KEN,2015,4679.622,Africa,90.0,6.28,47088528.0,745.1627388535032,0.1884,0.0
Kenya,KEN,2016,4770.3105,Africa,90.0,8.51,12687083.0,560.5535252643948,0.2553,0.0
Kenya,KEN,2017,4846.8623,Africa,90.0,8.51,12687083.0,569.5490364277321,0.2553,0.0
Kenya,KEN,2018,5017.668,Africa,90.0,8.51,12687083.0,589.6202115158636,0.2553,0.0
Kenya,KEN,2019,5171.7124,Africa,90.0,8.51,12687083.0,607.7217861339601,0.2553,0.0
Kenya,KEN,2020,5057.4014,Africa,90.0,6.73,52217327.0,751.4712332838038,0.20190000000000002,0.0
Kenya,KEN,2021,5338.8525,Africa,90.0,8.51,12687083.0,627.3622209165687,0.2553,0.0
Kenya,KEN,2022,5491.694,Africa,90.0,8.51,12687083.0,645.3224441833138,0.2553,0.0
Kenya,KEN,2023,5691.825,Africa,90.0,8.51,12687083.0,668.8396004700353,0.2553,0.0
Kiribati,KIR,1990,2213.5403,Oceania,90.0,8.51,12687083.0,260.1104935370153,0.2553,0.0
Kiribati,KIR,1991,2047.1538,Oceania,90.0,8.51,12687083.0,240.55861339600472,0.2553,0.0
Kiribati,KIR,1992,2495.9963,Oceania,90.0,8.51,12687083.0,293.301562867215,0.2553,0.0
Kiribati,KIR,1993,2455.45,Oceania,90.0,8.51,12687083.0,288.5370152761457,0.2553,0.0
Kiribati,KIR,1994,2468.7212,Oceania,90.0,8.51,12687083.0,290.0964982373678,0.2553,0.0
Kiribati,KIR,1995,2498.7876,Oceania,90.0,8.51,12687083.0,293.6295652173913,0.2553,0.0
Kiribati,KIR,1996,2455.501,Oceania,90.0,8.51,12687083.0,288.543008225617,0.2553,0.0
Kiribati,KIR,1997,2439.4102,Oceania,90.0,8.51,12687083.0,286.6521974148061,0.2553,0.0
Kiribati,KIR,1998,2502.862,Oceania,90.0,8.51,12687083.0,294.10834312573445,0.2553,0.0
Kiribati,KIR,1999,2364.3462,Oceania,90.0,8.51,12687083.0,277.8315158636898,0.2553,0.0
Kiribati,KIR,2000,2481.4153,Oceania,90.0,8.51,12687083.0,291.5881668625147,0.2553,0.0
Kiribati,KIR,2001,2357.5818,Oceania,90.0,8.51,12687083.0,277.0366392479436,0.2553,0.0
Kiribati,KIR,2002,2341.6956,Oceania,90.0,8.51,12687083.0,275.16987074030556,0.2553,0.0
Kiribati,KIR,2003,2258.034,Oceania,90.0,8.51,12687083.0,265.3388954171563,0.2553,0.0
Kiribati,KIR,2004,2199.6707,Oceania,90.0,8.51,12687083.0,258.4806933019977,0.2553,0.0
Kiribati,KIR,2005,2183.7812,Oceania,90.0,8.51,12687083.0,256.61353701527617,0.2553,0.0
Kiribati,KIR,2006,2264.1616,Oceania,90.0,8.51,12687083.0,266.05894242068155,0.2553,0.0
Kiribati,KIR,2007,2286.4465,Oceania,90.0,8.51,12687083.0,268.6776145710928,0.2553,0.0
Kiribati,KIR,2008,2172.3577,Oceania,90.0,8.51,12687083.0,255.27117508813163,0.2553,0.0
Kiribati,KIR,2009,2137.9658,Oceania,90.0,8.51,12687083.0,251.22982373678025,0.2553,0.0
Kiribati,KIR,2010,2119.6401,Oceania,90.0,8.51,12687083.0,249.07639247943598,0.2553,0.0
Kiribati,KIR,2011,2150.383,Oceania,90.0,8.51,12687083.0,252.68895417156284,0.2553,0.0
Kiribati,KIR,2012,2242.0137,Oceania,90.0,8.51,12687083.0,263.4563689776733,0.2553,0.0
Kiribati,KIR,2013,2382.3704,Oceania,90.0,8.51,12687083.0,279.94951821386604,0.2553,0.0
Kiribati,KIR,2014,2381.3484,Oceania,90.0,8.51,12687083.0,279.8294242068155,0.2553,0.0
Kiribati,KIR,2015,2615.8416,Oceania,90.0,8.51,12687083.0,307.38444183313754,0.2553,0.0
Kiribati,KIR,2016,2761.9336,Oceania,90.0,8.51,12687083.0,324.5515393654524,0.2553,0.0
Kiribati,KIR,2017,2822.6697,Oceania,90.0,8.51,12687083.0,331.68856639247946,0.2553,0.0
Kiribati,KIR,2018,2877.602,Oceania,97.95971,8.51,122097.0,338.1435957696827,0.27787904403333336,8.844122222222218
Kiribati,KIR,2019,2927.4846,Oceania,90.0,8.51,12687083.0,344.00524089306697,0.2553,-8.125493634066494
Kiribati,KIR,2020,2834.6858,Oceania,90.0,8.51,12687083.0,333.1005640423032,0.2553,0.0
Kiribati,KIR,2021,3020.494,Oceania,90.0,8.51,12687083.0,354.9346650998825,0.2553,0.0
Kiribati,KIR,2022,3107.7761,Oceania,90.0,8.51,12687083.0,365.1910810810811,0.2553,0.0
Kiribati,KIR,2023,3140.5833,Oceania,90.0,8.51,12687083.0,369.0462162162162,0.2553,0.0
Kosovo,OWID_KOS,2008,7098.403,Europe,90.0,8.51,12687083.0,834.1249118683902,0.2553,0.0
Kosovo,OWID_KOS,2009,7481.459,Europe,90.0,8.51,12687083.0,879.1373678025852,0.2553,0.0
Kosovo,OWID_KOS,2010,7877.102,Europe,90.0,8.51,12687083.0,925.6289071680376,0.2553,0.0
Kosovo,OWID_KOS,2011,8359.937,Europe,90.0,8.51,12687083.0,982.3662749706228,0.2553,0.0
Kosovo,OWID_KOS,2012,8431.662,Europe,90.0,8.51,12687083.0,990.7945945945946,0.2553,0.0
Kosovo,OWID_KOS,2013,8828.276,Europe,90.0,8.51,12687083.0,1037.4002350176263,0.2553,0.0
Kosovo,OWID_KOS,2014,9150.75,Europe,90.0,8.51,12687083.0,1075.2937720329026,0.2553,0.0
Kosovo,OWID_KOS,2015,9824.991,Europe,90.0,8.51,12687083.0,1154.5230317273795,0.2553,0.0
Kosovo,OWID_KOS,2016,10434.889,Europe,90.0,8.51,12687083.0,1226.1914218566392,0.2553,0.0
Kosovo,OWID_KOS,2017,10856.29,Europe,90.0,8.51,12687083.0,1275.7097532314924,0.2553,0.0
Kosovo,OWID_KOS,2018,11188.225,Europe,90.0,8.51,12687083.0,1314.7150411280847,0.2553,0.0
Kosovo,OWID_KOS,2019,11774.118,Europe,90.0,8.51,12687083.0,1383.5626321974148,0.2553,0.0
Kosovo,OWID_KOS,2020,11137.503,Europe,90.0,8.51,12687083.0,1308.754759106933,0.2553,0.0
Kosovo,OWID_KOS,2021,12362.421,Europe,90.0,8.51,12687083.0,1452.693419506463,0.2553,0.0
Kosovo,OWID_KOS,2022,13022.463,Europe,90.0,8.51,12687083.0,1530.2541715628672,0.2553,0.0
Kosovo,OWID_KOS,2023,14240.203,Europe,90.0,8.51,12687083.0,1673.3493537015277,0.2553,0.0
Kuwait,KWT,1990,38932.945,Asia,90.0,5.92,1684833.0,6576.51097972973,0.1776,0.0
Kuwait,KWT,1991,28633.969,Asia,90.0,8.51,12687083.0,3364.743713278496,0.2553,0.0
Kuwait,KWT,1992,43266.934,Asia,90.0,8.51,12687083.0,5084.24606345476,0.2553,0.0
Kuwait,KWT,1993,56684.188,Asia,90.0,8.51,12687083.0,6660.891656874266,0.2553,0.0
Kuwait,KWT,1994,61753.848,Asia,90.0,8.51,12687083.0,7256.621386603995,0.2553,0.0
Kuwait,KWT,1995,64093.52,Asia,78.0,6.15,1681518.0,10421.71056910569,0.15990000000000001,-13.33333333333333
Kuwait,KWT,1996,62665.223,Asia,90.0,8.51,12687083.0,7363.71598119859,0.2553,15.384615384615374
Kuwait,KWT,1997,62151.953,Asia,90.0,8.51,12687083.0,7303.40223266745,0.2553,0.0
Kuwait,KWT,1998,62450.09,Asia,90.0,8.51,12687083.0,7338.435957696827,0.2553,0.0
Kuwait,KWT,1999,59533.953,Asia,90.0,8.51,12687083.0,6995.764159811986,0.2553,0.0
Kuwait,KWT,2000,60585.3,Asia,90.0,6.12,1954713.0,9899.558823529413,0.1836,0.0
Kuwait,KWT,2001,59099.664,Asia,90.0,8.51,12687083.0,6944.731374853114,0.2553,0.0
Kuwait,KWT,2002,59348.617,Asia,90.0,8.51,12687083.0,6973.985546415981,0.2553,0.0
Kuwait,KWT,2003,67984.31,Asia,90.0,8.51,12687083.0,7988.755581668625,0.2553,0.0
Kuwait,KWT,2004,73298.06,Asia,90.0,8.51,12687083.0,8613.16803760282,0.2553,0.0
Kuwait,KWT,2005,78193.9,Asia,93.0,6.14,2236797.0,12735.162866449511,0.19034,3.3333333333333437
Kuwait,KWT,2006,79521.35,Asia,93.0,8.51,2364741.0,9344.45945945946,0.26381000000000004,0.0
Kuwait,KWT,2007,79474.76,Asia,94.0,8.51,2507890.0,9338.984723854288,0.26664666666666664,1.0752688172043001
Kuwait,KWT,2008,77036.51,Asia,94.0,8.51,2651433.0,9052.468860164512,0.26664666666666664,0.0
Kuwait,KWT,2009,67896.266,Asia,90.0,8.51,12687083.0,7978.40963572268,0.2553,-4.255319148936165
Kuwait,KWT,2010,62956.215,Asia,94.0,6.39,2943374.0,9852.302816901409,0.20021999999999998,4.444444444444451
Kuwait,KWT,2011,64844.5,Asia,90.0,8.51,12687083.0,7619.800235017627,0.2553,-4.255319148936165
Kuwait,KWT,2012,64908.26,Asia,96.0,8.51,3337025.0,7627.2925969447715,0.27232,6.666666666666665
Kuwait,KWT,2013,62458.81,Asia,96.0,8.51,3507755.0,7339.460634547591,0.27232,0.0
Kuwait,KWT,2014,60065.656,Asia,90.0,8.51,12687083.0,7058.243948296123,0.2553,-6.25
Kuwait,KWT,2015,57763.516,Asia,96.0,6.49,3834465.0,8900.387673343606,0.20768,6.666666666666665
Kuwait,KWT,2016,56936.62,Asia,90.0,8.51,12687083.0,6690.554641598121,0.2553,-6.25
Kuwait,KWT,2017,52285.586,Asia,96.0,8.51,4154686.0,6144.017156286722,0.27232,6.666666666666665
Kuwait,KWT,2018,51623.81,Asia,96.0,8.51,4323389.0,6066.252643948296,0.27232,0.0
Kuwait,KWT,2019,51380.645,Asia,90.0,8.51,12687083.0,6037.678613396004,0.2553,-6.25
Kuwait,KWT,2020,49372.82,Asia,96.0,6.62,4400146.0,7458.129909365559,0.21184,6.666666666666665
Kuwait,KWT,2021,50651.957,Asia,90.0,8.51,12687083.0,5952.0513513513515,0.2553,-6.25
Kuwait,KWT,2022,51379.883,Asia,90.0,8.51,12687083.0,6037.589071680376,0.2553,0.0
Kuwait,KWT,2023,47777.402,Asia,90.0,8.51,12687083.0,5614.26580493537,0.2553,0.0
Kyrgyzstan,KGZ,1990,6095.681,Asia,90.0,8.51,12687083.0,716.2962397179788,0.2553,0.0
Kyrgyzstan,KGZ,1991,5520.4297,Asia,90.0,8.51,12687083.0,648.699142185664,0.2553,0.0
Kyrgyzstan,KGZ,1992,4701.991,Asia,90.0,8.51,12687083.0,552.5253819036428,0.2553,0.0
Kyrgyzstan,KGZ,1993,3973.8833,Asia,90.0,8.51,12687083.0,466.96631022326676,0.2553,0.0
Kyrgyzstan,KGZ,1994,3176.9238,Asia,90.0,8.51,12687083.0,373.3165452408931,0.2553,0.0
Kyrgyzstan,KGZ,1995,2974.7117,Asia,90.0,8.51,12687083.0,349.55484136310224,0.2553,0.0
Kyrgyzstan,KGZ,1996,3138.6663,Asia,90.0,8.51,12687083.0,368.8209518213866,0.2553,0.0
Kyrgyzstan,KGZ,1997,3399.9343,Asia,90.0,8.51,12687083.0,399.52224441833135,0.2553,0.0
Kyrgyzstan,KGZ,1998,3419.2234,Asia,90.0,8.51,12687083.0,401.78888366627496,0.2553,0.0
Kyrgyzstan,KGZ,1999,3491.9377,Asia,99.0,8.51,4968593.0,410.3334547591069,0.28083,10.000000000000009
Kyrgyzstan,KGZ,2000,3638.4631,Asia,90.0,8.51,12687083.0,427.5514806110458,0.2553,-9.090909090909093
Kyrgyzstan,KGZ,2001,3795.8906,Asia,90.0,8.51,12687083.0,446.0505992949472,0.2553,0.0
Kyrgyzstan,KGZ,2002,3760.5325,Asia,90.0,8.51,12687083.0,441.8957109283196,0.2553,0.0
Kyrgyzstan,KGZ,2003,3982.9272,Asia,90.0,8.51,12687083.0,468.02904817861344,0.2553,0.0
Kyrgyzstan,KGZ,2004,4211.5225,Asia,90.0,8.51,12687083.0,494.8910105757932,0.2553,0.0
Kyrgyzstan,KGZ,2005,4156.9585,Asia,90.0,8.51,12687083.0,488.4792596944771,0.2553,0.0
Kyrgyzstan,KGZ,2006,4240.1704,Asia,90.0,8.51,12687083.0,498.25739130434783,0.2553,0.0
Kyrgyzstan,KGZ,2007,4558.713,Asia,90.0,8.51,12687083.0,535.6889541715628,0.2553,0.0
Kyrgyzstan,KGZ,2008,4894.943,Asia,90.0,8.51,12687083.0,575.1989424206816,0.2553,0.0
Kyrgyzstan,KGZ,2009,4969.9614,Asia,99.0,8.51,5398013.0,584.0142655699178,0.28083,10.000000000000009
Kyrgyzstan,KGZ,2010,4876.4795,Asia,90.0,8.51,12687083.0,573.0293184488837,0.2553,-9.090909090909093
Kyrgyzstan,KGZ,2011,5092.8516,Asia,90.0,8.51,12687083.0,598.4549471210341,0.2553,0.0
Kyrgyzstan,KGZ,2012,4993.3945,Asia,90.0,8.51,12687083.0,586.7678613396005,0.2553,0.0
Kyrgyzstan,KGZ,2013,5418.5405,Asia,90.0,8.51,12687083.0,636.7262632197416,0.2553,0.0
Kyrgyzstan,KGZ,2014,5513.7544,Asia,90.0,8.51,12687083.0,647.9147356051703,0.2553,0.0
Kyrgyzstan,KGZ,2015,5600.2144,Asia,90.0,11.05,6001876.0,506.8067330316742,0.3315,0.0
Kyrgyzstan,KGZ,2016,5715.0103,Asia,90.0,8.51,12687083.0,671.5640775558167,0.2553,0.0
Kyrgyzstan,KGZ,2017,5861.222,Asia,90.0,8.51,12687083.0,688.7452408930669,0.2553,0.0
Kyrgyzstan,KGZ,2018,5951.8286,Asia,90.0,8.51,12687083.0,699.3923149236193,0.2553,0.0
Kyrgyzstan,KGZ,2019,6087.602,Asia,90.0,8.51,12687083.0,715.3468860164512,0.2553,0.0
Kyrgyzstan,KGZ,2020,5537.7954,Asia,90.0,11.18,6664143.0,495.3305366726297,0.3354,0.0
Kyrgyzstan,KGZ,2021,5736.479,Asia,90.0,8.51,12687083.0,674.086839012926,0.2553,0.0
Kyrgyzstan,KGZ,2022,6139.778,Asia,90.0,8.51,12687083.0,721.4780258519389,0.2553,0.0
Kyrgyzstan,KGZ,2023,6575.7754,Asia,90.0,8.51,12687083.0,772.7115628672151,0.2553,0.0
Laos,LAO,1990,2005.5005,Asia,90.0,8.51,12687083.0,235.66398354876617,0.2553,0.0
Laos,LAO,1991,2033.5826,Asia,90.0,8.51,12687083.0,238.96387779083432,0.2553,0.0
Laos,LAO,1992,2088.02,Asia,90.0,8.51,12687083.0,245.36075205640424,0.2553,0.0
Laos,LAO,1993,2152.2766,Asia,90.0,8.51,12687083.0,252.91146886016455,0.2553,0.0
Laos,LAO,1994,2267.7822,Asia,90.0,8.51,12687083.0,266.48439482961226,0.2553,0.0
Laos,LAO,1995,2368.0547,Asia,60.0,8.51,4929410.0,278.2672972972973,0.1702,-33.333333333333336
Laos,LAO,1996,2473.773,Asia,90.0,8.51,12687083.0,290.6901292596945,0.2553,50.0
Laos,LAO,1997,2589.2075,Asia,90.0,8.51,12687083.0,304.25470035252647,0.2553,0.0
Laos,LAO,1998,2642.5662,Asia,90.0,8.51,12687083.0,310.5248178613396,0.2553,0.0
Laos,LAO,1999,2786.5205,Asia,90.0,8.51,12687083.0,327.4407168037603,0.2553,0.0
Laos,LAO,2000,2899.0195,Asia,70.0,8.51,5431213.0,340.66034077555815,0.19856666666666667,-22.22222222222222
Laos,LAO,2001,3015.6326,Asia,69.0,8.51,5521481.0,354.36340775558165,0.19573,-1.4285714285714235
Laos,LAO,2002,3143.2234,Asia,90.0,8.51,12687083.0,369.3564512338425,0.2553,30.434782608695656
Laos,LAO,2003,3282.9854,Asia,90.0,8.51,12687083.0,385.77971797884845,0.2553,0.0
Laos,LAO,2004,3441.17,Asia,90.0,8.51,12687083.0,404.3678025851939,0.2553,0.0
Laos,LAO,2005,3630.5588,Asia,73.0,8.51,5869531.0,426.6226556991774,0.20707666666666666,-18.88888888888889
Laos,LAO,2006,3881.5374,Asia,90.0,8.51,12687083.0,456.1148531139836,0.2553,23.28767123287672
Laos,LAO,2007,4112.253,Asia,90.0,8.51,12687083.0,483.22596944770856,0.2553,0.0
Laos,LAO,2008,4367.163,Asia,90.0,8.51,12687083.0,513.1801410105758,0.2553,0.0
Laos,LAO,2009,4625.072,Asia,90.0,8.51,12687083.0,543.4867215041128,0.2553,0.0
Laos,LAO,2010,4946.1055,Asia,90.0,8.51,12687083.0,581.2109870740305,0.2553,0.0
Laos,LAO,2011,5266.879,Asia,90.0,8.51,12687083.0,618.9047003525264,0.2553,0.0
Laos,LAO,2012,5608.9697,Asia,90.0,8.51,12687083.0,659.1033725029376,0.2553,0.0
Laos,LAO,2013,5974.4736,Asia,90.0,8.51,12687083.0,702.0533019976499,0.2553,0.0
Laos,LAO,2014,6341.2124,Asia,90.0,8.51,12687083.0,745.1483431257345,0.2553,0.0
Laos,LAO,2015,6703.741,Asia,85.0,5.47,6801647.0,1225.5468007312616,0.1549833333333333,-5.555555555555558
Laos,LAO,2016,7063.2554,Asia,90.0,8.51,12687083.0,829.9947591069331,0.2553,5.882352941176472
Laos,LAO,2017,7432.4595,Asia,90.0,8.51,12687083.0,873.3794947121035,0.2553,0.0
Laos,LAO,2018,7775.086,Asia,90.0,8.51,12687083.0,913.6411280846064,0.2553,0.0
Laos,LAO,2019,8075.275,Asia,90.0,8.51,12687083.0,948.9159811985899,0.2553,0.0
Laos,LAO,2020,7995.595,Asia,90.0,6.05,7346534.0,1321.5859504132231,0.1815,0.0
Laos,LAO,2021,8080.4355,Asia,90.0,8.51,12687083.0,949.5223854289071,0.2553,0.0
Laos,LAO,2022,8183.0327,Asia,90.0,8.51,12687083.0,961.5784606345476,0.2553,0.0
Laos,LAO,2023,8372.156,Asia,90.0,8.51,12687083.0,983.802115158637,0.2553,0.0
Latin America And Caribbean (Wb),WB_LAC,1990,12426.25,Africa,84.46787,8.51,12687083.0,1460.1938895417156,0.23960719123333335,-6.146811111111106
Latin America And Caribbean (Wb),WB_LAC,1991,12604.222,Africa,85.06639,8.51,12687083.0,1481.1071680376028,0.2413049929666667,0.7085771193235946
Latin America And Caribbean (Wb),WB_LAC,1992,12735.489,Africa,85.66554,8.51,12687083.0,1496.5321974148062,0.2430045818,0.7043322280397613
Latin America And Caribbean (Wb),WB_LAC,1993,13103.561,Africa,86.25491,8.51,12687083.0,1539.783901292597,0.24467642803333334,0.6879895930148816
Latin America And Caribbean (Wb),WB_LAC,1994,13570.513,Africa,86.83326,8.51,12687083.0,1594.6548766157464,0.24631701420000002,0.670512554009961
Latin America And Caribbean (Wb),WB_LAC,1995,13464.159,Africa,87.40622,8.51,12687083.0,1582.1573443008226,0.24794231073333334,0.6598393288470339
Latin America And Caribbean (Wb),WB_LAC,1996,13773.65,Africa,87.77912,8.51,12687083.0,1618.5252643948297,0.24900010373333337,0.4266286769980532
Latin America And Caribbean (Wb),WB_LAC,1997,14298.498,Africa,88.04446,8.51,12687083.0,1680.1995299647474,0.2497527848666667,0.30228145372155346
Latin America And Caribbean (Wb),WB_LAC,1998,14501.8125,Africa,88.39903,8.51,12687083.0,1704.0907755581668,0.25075858176666665,0.40271699093843427
Latin America And Caribbean (Wb),WB_LAC,1999,14364.294,Africa,88.71655,8.51,12687083.0,1687.9311398354878,0.25165928016666667,0.3591894616943314
Latin America And Caribbean (Wb),WB_LAC,2000,14663.654,Africa,89.01666,8.51,12687083.0,1723.1085781433608,0.2525105922,0.33827961073780166
Latin America And Caribbean (Wb),WB_LAC,2001,14518.147,Africa,89.17575,8.51,12687083.0,1706.0102232667452,0.2529618775,0.17871935433209085
Latin America And Caribbean (Wb),WB_LAC,2002,14398.792,Africa,89.44306,8.51,12687083.0,1691.9849588719153,0.2537201468666667,0.2997563799575609
Latin America And Caribbean (Wb),WB_LAC,2003,14568.346,Africa,90.0959,8.51,12687083.0,1711.9090481786134,0.2555720363333333,0.7298945273115587
Latin America And Caribbean (Wb),WB_LAC,2004,15160.492,Africa,90.37227,8.51,12687083.0,1781.4914218566394,0.2563560059,0.30675091763332496
Latin America And Caribbean (Wb),WB_LAC,2005,15565.822,Africa,90.33941,8.51,12687083.0,1829.1212690951822,0.2562627930333333,-0.036360711089811204
Latin America And Caribbean (Wb),WB_LAC,2006,16172.71,Africa,90.54231,8.51,12687083.0,1900.4359576968272,0.2568383527,0.22459743759672968
Latin America And Caribbean (Wb),WB_LAC,2007,16820.953,Africa,91.39063,8.51,12687083.0,1976.6102232667452,0.25924475376666667,0.9369321370307437
Latin America And Caribbean (Wb),WB_LAC,2008,17243.326,Africa,91.68934,8.51,12687083.0,2026.2427732079907,0.26009209446666665,0.32684970001848335
Latin America And Caribbean (Wb),WB_LAC,2009,16665.797,Africa,91.86467,8.51,12687083.0,1958.378025851939,0.2605894472333334,0.191221793067764
Latin America And Caribbean (Wb),WB_LAC,2010,17552.035,Africa,91.78517,8.51,12687083.0,2062.518801410106,0.2603639322333333,-0.08654034244068853
Latin America And Caribbean (Wb),WB_LAC,2011,18151.834,Africa,92.49057,8.51,12687083.0,2133.0004700352524,0.2623649169,0.7685337402545622
Latin America And Caribbean (Wb),WB_LAC,2012,18434.943,Africa,92.79948,8.51,12687083.0,2166.2682726204466,0.26324119160000004,0.33399080576539397
Latin America And Caribbean (Wb),WB_LAC,2013,18767.875,Africa,92.78406,8.51,12687083.0,2205.3907168037604,0.2631974502,-0.016616472419894723
Latin America And Caribbean (Wb),WB_LAC,2014,18853.408,Africa,93.28205,8.51,12687083.0,2215.441598119859,0.26461008183333334,0.5367193459738573
Latin America And Caribbean (Wb),WB_LAC,2015,18763.834,Africa,93.42686,8.51,12687083.0,2204.915863689777,0.2650208595333333,0.15523886964319278
Latin America And Caribbean (Wb),WB_LAC,2016,18551.818,Africa,93.86832,8.51,12687083.0,2180.002115158637,0.2662731344,0.4725193589937504
Latin America And Caribbean (Wb),WB_LAC,2017,18745.582,Africa,93.89947,8.51,12687083.0,2202.771092831962,0.2663614965666667,0.03318478481344478
Latin America And Caribbean (Wb),WB_LAC,2018,18894.209,Africa,94.08591,8.51,12687083.0,2220.23607520564,0.2668903647,0.19855277138411953
Latin America And Caribbean (Wb),WB_LAC,2019,18882.951,Africa,94.25567,8.51,12687083.0,2218.913160987074,0.2673719172333333,0.18043084240775276
Latin America And Caribbean (Wb),WB_LAC,2020,17508.242,Africa,94.31331,8.51,12687083.0,2057.3727379553466,0.2675354227,0.06115281977201459
Latin America And Caribbean (Wb),WB_LAC,2021,18694.14,Africa,94.49382,8.51,12687083.0,2196.726204465335,0.2680474694,0.19139398246121875
Latin America And Caribbean (Wb),WB_LAC,2022,19352.182,Africa,94.64692,8.51,12687083.0,2274.051938895417,0.26848176306666666,0.16202117768124857
Latin America And Caribbean (Wb),WB_LAC,2023,19656.629,Africa,94.79001,8.51,12687083.0,2309.8271445358405,0.2688876617,0.15118294393521303
Latvia,LVA,1990,17508.787,Europe,90.0,8.51,12687083.0,2057.4367802585193,0.2553,-5.053285678522446
Latvia,LVA,1991,15376.091,Europe,90.0,8.51,12687083.0,1806.826204465335,0.2553,0.0
Latvia,LVA,1992,10582.207,Europe,90.0,8.51,12687083.0,1243.5025851938897,0.2553,0.0
Latvia,LVA,1993,10255.142,Europe,90.0,8.51,12687083.0,1205.0695652173913,0.2553,0.0
Latvia,LVA,1994,10656.608,Europe,90.0,8.51,12687083.0,1252.2453584018801,0.2553,0.0
Latvia,LVA,1995,10707.515,Europe,90.0,8.51,12687083.0,1258.2273795534666,0.2553,0.0
Latvia,LVA,1996,11077.862,Europe,90.0,8.51,12687083.0,1301.7464159811984,0.2553,0.0
Latvia,LVA,1997,12215.016,Europe,90.0,8.51,12687083.0,1435.3720329024677,0.2553,0.0
Latvia,LVA,1998,13138.401,Europe,90.0,8.51,12687083.0,1543.8779083431257,0.2553,0.0
Latvia,LVA,1999,13619.099,Europe,90.0,8.51,12687083.0,1600.364159811986,0.2553,0.0
Latvia,LVA,2000,14554.213,Europe,100.0,8.51,2368320.0,1710.2482961222092,0.2836666666666667,11.111111111111116
Latvia,LVA,2001,15695.906,Europe,90.0,8.51,12687083.0,1844.4072855464162,0.2553,-9.999999999999998
Latvia,LVA,2002,17096.559,Europe,90.0,8.51,12687083.0,2008.9963572267923,0.2553,0.0
Latvia,LVA,2003,18717.668,Europe,90.0,8.51,12687083.0,2199.4909518213867,0.2553,0.0
Latvia,LVA,2004,20574.12,Europe,90.0,8.51,12687083.0,2417.640423031727,0.2553,0.0
Latvia,LVA,2005,23213.354,Europe,90.0,8.51,12687083.0,2727.773678025852,0.2553,0.0
Latvia,LVA,2006,26431.814,Europe,90.0,8.51,12687083.0,3105.9710928319623,0.2553,0.0
Latvia,LVA,2007,29423.736,Europe,90.0,8.51,12687083.0,3457.548296122209,0.2553,0.0
Latvia,LVA,2008,28726.973,Europe,90.0,8.51,12687083.0,3375.6725029377208,0.2553,0.0
Latvia,LVA,2009,24520.68,Europe,90.0,8.51,12687083.0,2881.3960047003525,0.2553,0.0
Latvia,LVA,2010,24119.73,Europe,90.0,8.51,12687083.0,2834.2808460634546,0.2553,0.0
Latvia,LVA,2011,25308.732,Europe,100.0,8.51,2059940.0,2973.9990599294947,0.2836666666666667,11.111111111111116
Latvia,LVA,2012,27496.545,Europe,90.0,8.51,12687083.0,3231.0863689776734,0.2553,-9.999999999999998
Latvia,LVA,2013,28375.184,Europe,90.0,8.51,12687083.0,3334.33419506463,0.2553,0.0
Latvia,LVA,2014,29243.742,Europe,90.0,8.51,12687083.0,3436.39741480611,0.2553,0.0
Latvia,LVA,2015,30599.613,Europe,90.0,11.79,1977874.0,2595.3870229007634,0.35369999999999996,0.0
Latvia,LVA,2016,31668.516,Europe,90.0,8.51,12687083.0,3721.32972972973,0.2553,0.0
Latvia,LVA,2017,33036.39,Europe,90.0,8.51,12687083.0,3882.066980023502,0.2553,0.0
Latvia,LVA,2018,34729.707,Europe,90.0,8.51,12687083.0,4081.046650998825,0.2553,0.0
Latvia,LVA,2019,35208.195,Europe,90.0,8.51,12687083.0,4137.273207990599,0.2553,0.0
Latvia,LVA,2020,34225.9,Europe,90.0,11.96,1901119.0,2861.6973244147157,0.3588,0.0
Latvia,LVA,2021,36912.01,Europe,90.0,8.51,12687083.0,4337.486486486487,0.2553,0.0
Latvia,LVA,2022,37718.71,Europe,90.0,8.51,12687083.0,4432.280846063455,0.2553,0.0
Latvia,LVA,2023,37277.723,Europe,90.0,8.51,12687083.0,4380.4609870740305,0.2553,0.0
Lebanon,LBN,1990,5345.512,Asia,90.0,8.51,12687083.0,628.1447708578144,0.2553,0.0
Lebanon,LBN,1991,7828.172,Asia,90.0,8.51,12687083.0,919.8792009400705,0.2553,0.0
Lebanon,LBN,1992,8924.152,Asia,90.0,8.51,12687083.0,1048.6665099882491,0.2553,0.0
Lebanon,LBN,1993,9695.315,Asia,90.0,8.51,12687083.0,1139.2849588719155,0.2553,0.0
Lebanon,LBN,1994,10294.8125,Asia,90.0,8.51,12687083.0,1209.7311985898943,0.2553,0.0
Lebanon,LBN,1995,10762.442,Asia,90.0,8.51,12687083.0,1264.68178613396,0.2553,0.0
Lebanon,LBN,1996,11757.282,Asia,90.0,8.51,12687083.0,1381.5842538190363,0.2553,0.0
Lebanon,LBN,1997,11668.4,Asia,90.0,8.51,12687083.0,1371.1398354876615,0.2553,0.0
Lebanon,LBN,1998,11885.308,Asia,90.0,8.51,12687083.0,1396.6284371327852,0.2553,0.0
Lebanon,LBN,1999,11617.25,Asia,90.0,8.51,12687083.0,1365.129259694477,0.2553,0.0
Lebanon,LBN,2000,11571.732,Asia,90.0,8.51,12687083.0,1359.7804935370152,0.2553,0.0
Lebanon,LBN,2001,11817.931,Asia,90.0,8.51,12687083.0,1388.7110458284371,0.2553,0.0
Lebanon,LBN,2002,12053.834,Asia,90.0,8.51,12687083.0,1416.4317273795536,0.2553,0.0
Lebanon,LBN,2003,12272.344,Asia,90.0,8.51,12687083.0,1442.1085781433608,0.2553,0.0
Lebanon,LBN,2004,12882.076,Asia,90.0,8.51,12687083.0,1513.7574618096357,0.2553,0.0
Lebanon,LBN,2005,13024.665,Asia,90.0,8.51,12687083.0,1530.512925969448,0.2553,0.0
Lebanon,LBN,2006,13003.681,Asia,90.0,8.51,12687083.0,1528.0471210340777,0.2553,0.0
Lebanon,LBN,2007,13941.562,Asia,90.0,8.51,4844119.0,1638.2564042303172,0.2553,0.0
Lebanon,LBN,2008,14955.142,Asia,90.0,8.51,12687083.0,1757.3609870740306,0.2553,0.0
Lebanon,LBN,2009,16264.351,Asia,91.0,8.51,4992295.0,1911.2045828437133,0.2581366666666667,1.1111111111111072
Lebanon,LBN,2010,17390.758,Asia,90.0,8.51,12687083.0,2043.5673325499415,0.2553,-1.098901098901095
Lebanon,LBN,2011,17353.195,Asia,90.0,8.51,12687083.0,2039.153349001175,0.2553,0.0
Lebanon,LBN,2012,17323.3,Asia,90.0,8.51,12687083.0,2035.6404230317273,0.2553,0.0
Lebanon,LBN,2013,16396.496,Asia,90.0,8.51,12687083.0,1926.732784958872,0.2553,0.0
Lebanon,LBN,2014,15205.873,Asia,90.0,8.51,12687083.0,1786.824089306698,0.2553,0.0
Lebanon,LBN,2015,14980.0205,Asia,90.0,8.51,12687083.0,1760.2844300822562,0.2553,0.0
Lebanon,LBN,2016,15572.361,Asia,90.0,8.51,12687083.0,1829.889659224442,0.2553,0.0
Lebanon,LBN,2017,16128.584,Asia,90.0,8.51,12687083.0,1895.2507638072857,0.2553,0.0
Lebanon,LBN,2018,16290.052,Asia,93.0,8.51,5984120.0,1914.224676850764,0.26381000000000004,3.3333333333333437
Lebanon,LBN,2019,15659.566,Asia,90.0,8.51,12687083.0,1840.1370152761458,0.2553,-3.2258064516129004
Lebanon,LBN,2020,12507.437,Asia,90.0,8.51,12687083.0,1469.7340775558166,0.2553,0.0
Lebanon,LBN,2021,11599.775,Asia,90.0,8.51,12687083.0,1363.075793184489,0.2553,0.0
Lebanon,LBN,2022,11474.751,Asia,90.0,8.51,12687083.0,1348.3843713278497,0.2553,0.0
Lebanon,LBN,2023,11330.269,Asia,90.0,8.51,12687083.0,1331.406462984724,0.2553,0.0
Lesotho,LSO,1990,1422.1505,Africa,90.0,5.25,1809698.0,270.88580952380954,0.1575,0.0
Lesotho,LSO,1991,1494.2404,Africa,90.0,8.51,12687083.0,175.58641598119857,0.2553,0.0
Lesotho,LSO,1992,1571.827,Africa,90.0,8.51,12687083.0,184.70352526439484,0.2553,0.0
Lesotho,LSO,1993,1602.5963,Africa,90.0,8.51,12687083.0,188.3191891891892,0.2553,0.0
Lesotho,LSO,1994,1675.5978,Africa,90.0,8.51,12687083.0,196.89750881316098,0.2553,0.0
Lesotho,LSO,1995,1709.6943,Africa,90.0,5.8,1951441.0,294.77487931034483,0.174,0.0
Lesotho,LSO,1996,1786.1823,Africa,90.0,8.51,12687083.0,209.89216216216215,0.2553,0.0
Lesotho,LSO,1997,1837.6965,Africa,90.0,8.51,12687083.0,215.9455346650999,0.2553,0.0
Lesotho,LSO,1998,1856.6908,Africa,90.0,8.51,12687083.0,218.17753231492364,0.2553,0.0
Lesotho,LSO,1999,1860.7006,Africa,90.0,8.51,12687083.0,218.64871915393653,0.2553,0.0
Lesotho,LSO,2000,1932.158,Africa,86.0,6.37,2003919.0,303.3215070643642,0.18260666666666667,-4.444444444444439
Lesotho,LSO,2001,2004.0334,Africa,90.0,8.51,12687083.0,235.4915863689777,0.2553,4.651162790697683
Lesotho,LSO,2002,2024.7872,Africa,90.0,8.51,12687083.0,237.93034077555816,0.2553,0.0
Lesotho,LSO,2003,2127.373,Africa,90.0,8.51,12687083.0,249.98507638072857,0.2553,0.0
Lesotho,LSO,2004,2178.6648,Africa,90.0,8.51,12687083.0,256.0123149236193,0.2553,0.0
Lesotho,LSO,2005,2275.016,Africa,90.0,7.21,1953080.0,315.5361997226075,0.21630000000000002,0.0
Lesotho,LSO,2006,2381.0203,Africa,66.0,8.51,1945066.0,279.7908695652174,0.18722000000000003,-26.66666666666667
Lesotho,LSO,2007,2470.3147,Africa,90.0,8.51,12687083.0,290.28374853113985,0.2553,36.36363636363635
Lesotho,LSO,2008,2589.1663,Africa,90.0,8.51,12687083.0,304.2498589894242,0.2553,0.0
Lesotho,LSO,2009,2538.1934,Africa,90.0,8.51,12687083.0,298.26009400705055,0.2553,0.0
Lesotho,LSO,2010,2651.378,Africa,90.0,6.08,1996256.0,436.08190789473684,0.1824,0.0
Lesotho,LSO,2011,2749.3196,Africa,90.0,8.51,12687083.0,323.0692831962397,0.2553,0.0
Lesotho,LSO,2012,2894.227,Africa,90.0,8.51,12687083.0,340.09717978848414,0.2553,0.0
Lesotho,LSO,2013,2914.3752,Africa,90.0,8.51,12687083.0,342.46477085781436,0.2553,0.0
Lesotho,LSO,2014,2930.6172,Africa,90.0,8.51,12687083.0,344.3733490011751,0.2553,0.0
Lesotho,LSO,2015,2986.9587,Africa,90.0,6.44,2104614.0,463.8134627329192,0.1932,0.0
Lesotho,LSO,2016,3057.261,Africa,97.0,8.51,2130424.0,359.2551116333725,0.27515666666666666,7.777777777777772
Lesotho,LSO,2017,2924.681,Africa,90.0,8.51,12687083.0,343.67579318448884,0.2553,-7.216494845360821
Lesotho,LSO,2018,2846.4182,Africa,86.24087,8.51,2183611.0,334.47922444183314,0.24463660123333336,-4.176811111111112
Lesotho,LSO,2019,2773.2864,Africa,90.0,8.51,12687083.0,325.88559341950645,0.2553,4.358873003020491
Lesotho,LSO,2020,2517.1104,Africa,90.0,6.88,2235727.0,365.8590697674419,0.2064,0.0
Lesotho,LSO,2021,2544.7825,Africa,90.0,8.51,12687083.0,299.03437132784956,0.2553,0.0
Lesotho,LSO,2022,2577.5454,Africa,90.0,8.51,12687083.0,302.88430082256167,0.2553,0.0
Lesotho,LSO,2023,2595.8296,Africa,90.0,8.51,12687083.0,305.0328554641598,0.2553,0.0
Liberia,LBR,1990,1866.4055,Africa,90.0,3.08,2223667.0,605.9758116883118,0.09240000000000001,0.0
Liberia,LBR,1991,1819.4978,Africa,90.0,8.51,12687083.0,213.80702702702703,0.2553,0.0
Liberia,LBR,1992,1115.0377,Africa,90.0,8.51,12687083.0,131.02675675675678,0.2553,0.0
Liberia,LBR,1993,718.6832,Africa,90.0,8.51,12687083.0,84.45160987074031,0.2553,0.0
Liberia,LBR,1994,563.6404,Africa,90.0,8.51,12687083.0,66.23271445358402,0.2553,0.0
Liberia,LBR,1995,534.8097,Africa,90.0,3.17,2169167.0,168.70968454258676,0.09509999999999999,0.0
Liberia,LBR,1996,582.678,Africa,90.0,8.51,12687083.0,68.46980023501763,0.2553,0.0
Liberia,LBR,1997,1111.9376,Africa,90.0,8.51,12687083.0,130.6624676850764,0.2553,0.0
Liberia,LBR,1998,1308.4056,Africa,90.0,8.51,12687083.0,153.7491891891892,0.2553,0.0
Liberia,LBR,1999,1507.3147,Africa,90.0,8.51,12687083.0,177.12276145710928,0.2553,0.0
Liberia,LBR,2000,1868.1798,Africa,90.0,3.6,2928117.0,518.9388333333333,0.10800000000000001,0.0
Liberia,LBR,2001,1867.1191,Africa,90.0,8.51,12687083.0,219.40294947121032,0.2553,0.0
Liberia,LBR,2002,1887.646,Africa,90.0,8.51,12687083.0,221.8150411280846,0.2553,0.0
Liberia,LBR,2003,1308.1509,Africa,90.0,8.51,12687083.0,153.7192596944771,0.2553,0.0
Liberia,LBR,2004,1326.5356,Africa,90.0,8.51,12687083.0,155.87962397179788,0.2553,0.0
Liberia,LBR,2005,1335.6173,Africa,90.0,3.96,3301016.0,337.27709595959595,0.1188,0.0
Liberia,LBR,2006,1364.6035,Africa,90.0,8.51,12687083.0,160.352937720329,0.2553,0.0
Liberia,LBR,2007,1422.1002,Africa,90.0,8.51,12687083.0,167.10930669800237,0.2553,0.0
Liberia,LBR,2008,1463.124,Africa,90.0,8.51,12687083.0,171.92996474735605,0.2553,0.0
Liberia,LBR,2009,1492.9982,Africa,90.0,8.51,12687083.0,175.44044653349002,0.2553,0.0
Liberia,LBR,2010,1538.8508,Africa,90.0,4.35,4058897.0,353.75880459770116,0.1305,0.0
Liberia,LBR,2011,1601.0337,Africa,90.0,8.51,12687083.0,188.13556991774382,0.2553,0.0
Liberia,LBR,2012,1668.9729,Africa,90.0,8.51,12687083.0,196.11902467685076,0.2553,0.0
Liberia,LBR,2013,1774.5206,Africa,90.0,8.51,12687083.0,208.5218096357227,0.2553,0.0
Liberia,LBR,2014,1750.1438,Africa,90.0,8.51,12687083.0,205.65732079905993,0.2553,0.0
Liberia,LBR,2015,1714.0905,Africa,90.0,5.06,4659436.0,338.75306324110676,0.1518,0.0
Liberia,LBR,2016,1653.3105,Africa,90.0,8.51,12687083.0,194.27855464159813,0.2553,0.0
Liberia,LBR,2017,1661.3029,Africa,90.0,8.51,12687083.0,195.217732079906,0.2553,0.0
Liberia,LBR,2018,1647.9745,Africa,90.0,8.51,12687083.0,193.6515276145711,0.2553,0.0
Liberia,LBR,2019,1575.7666,Africa,90.0,8.51,12687083.0,185.16646298472386,0.2553,0.0
Liberia,LBR,2020,1497.377,Africa,90.0,5.8,5149470.0,258.1684482758621,0.174,0.0
Liberia,LBR,2021,1539.2089,Africa,90.0,8.51,12687083.0,180.87061104582844,0.2553,0.0
Liberia,LBR,2022,1578.9984,Africa,90.0,8.51,12687083.0,185.54622796709754,0.2553,0.0
Liberia,LBR,2023,1616.9237,Africa,90.0,8.51,12687083.0,190.00278495887193,0.2553,0.0
Libya,LBY,1990,18126.588,Africa,90.0,5.42,4445243.0,3344.388929889299,0.1626,0.0
Libya,LBY,1991,20506.877,Africa,90.0,8.51,12687083.0,2409.7387779083433,0.2553,0.0
Libya,LBY,1992,19538.139,Africa,90.0,8.51,12687083.0,2295.903525264395,0.2553,0.0
Libya,LBY,1993,18434.64,Africa,90.0,8.51,12687083.0,2166.2326674500587,0.2553,0.0
Libya,LBY,1994,18444.514,Africa,90.0,8.51,12687083.0,2167.39294947121,0.2553,0.0
Libya,LBY,1995,17723.268,Africa,90.0,6.13,4906851.0,2891.2345840130506,0.1839,0.0
Libya,LBY,1996,17809.152,Africa,90.0,8.51,12687083.0,2092.732314923619,0.2553,0.0
Libya,LBY,1997,18451.7,Africa,90.0,8.51,12687083.0,2168.237367802585,0.2553,0.0
Libya,LBY,1998,17532.926,Africa,90.0,8.51,12687083.0,2060.2733254994123,0.2553,0.0
Libya,LBY,1999,17402.568,Africa,90.0,8.51,12687083.0,2044.9551116333726,0.2553,0.0
Libya,LBY,2000,17747.02,Africa,90.0,7.04,5305020.0,2520.883522727273,0.2112,0.0
Libya,LBY,2001,17115.988,Africa,90.0,8.51,12687083.0,2011.279435957697,0.2553,0.0
Libya,LBY,2002,16629.436,Africa,90.0,8.51,12687083.0,1954.1052878965925,0.2553,0.0
Libya,LBY,2003,18422.734,Africa,90.0,8.51,12687083.0,2164.8336075205643,0.2553,0.0
Libya,LBY,2004,18851.203,Africa,90.0,8.51,12687083.0,2215.1824911868393,0.2553,0.0
Libya,LBY,2005,20649.463,Africa,90.0,7.79,5858793.0,2650.765468549422,0.2337,0.0
Libya,LBY,2006,21545.299,Africa,90.0,8.51,12687083.0,2531.7625146886016,0.2553,0.0
Libya,LBY,2007,22422.012,Africa,90.0,8.51,12687083.0,2634.78401880141,0.2553,0.0
Libya,LBY,2008,21915.197,Africa,90.0,8.51,12687083.0,2575.2287896592247,0.2553,0.0
Libya,LBY,2009,20518.965,Africa,90.0,8.51,12687083.0,2411.1592244418334,0.2553,0.0
Libya,LBY,2010,21115.525,Africa,90.0,8.43,6497837.0,2504.8072360616848,0.25289999999999996,0.0
Libya,LBY,2011,10741.921,Africa,90.0,8.51,12687083.0,1262.2703877790834,0.2553,0.0
Libya,LBY,2012,20601.002,Africa,90.0,8.51,12687083.0,2420.7992949471213,0.2553,0.0
Libya,LBY,2013,16557.5,Africa,90.0,8.51,12687083.0,1945.6521739130435,0.2553,0.0
Libya,LBY,2014,12499.083,Africa,90.0,8.51,12687083.0,1468.7524089306698,0.2553,0.0
Libya,LBY,2015,12195.349,Africa,90.0,9.05,6531825.0,1347.5523756906077,0.2715,0.0
Libya,LBY,2016,11831.826,Africa,90.0,8.51,12687083.0,1390.343830787309,0.2553,0.0
Libya,LBY,2017,15428.116,Africa,90.0,8.51,12687083.0,1812.9396004700352,0.2553,0.0
Libya,LBY,2018,16385.164,Africa,90.0,8.51,12687083.0,1925.4011750881318,0.2553,0.0
Libya,LBY,2019,14337.196,Africa,90.0,8.51,12687083.0,1684.7468860164513,0.2553,0.0
Libya,LBY,2020,9978.664,Africa,90.0,9.57,7045403.0,1042.7026123301985,0.2871,0.0
Libya,LBY,2021,12641.51,Africa,90.0,8.51,12687083.0,1485.4888366627497,0.2553,0.0
Libya,LBY,2022,11450.06,Africa,90.0,8.51,12687083.0,1345.4829612220917,0.2553,0.0
Libya,LBY,2023,12476.598,Africa,90.0,8.51,12687083.0,1466.110223266745,0.2553,0.0
Lithuania,LTU,1990,20586.229,Europe,90.0,8.51,12687083.0,2419.063337250294,0.2553,0.0
Lithuania,LTU,1991,19384.818,Europe,90.0,8.51,12687083.0,2277.886956521739,0.2553,0.0
Lithuania,LTU,1992,15280.389,Europe,90.0,8.51,12687083.0,1795.5803760282022,0.2553,0.0
Lithuania,LTU,1993,12861.695,Europe,90.0,8.51,12687083.0,1511.3625146886016,0.2553,0.0
Lithuania,LTU,1994,11686.438,Europe,90.0,8.51,12687083.0,1373.2594594594595,0.2553,0.0
Lithuania,LTU,1995,12164.204,Europe,90.0,8.51,12687083.0,1429.4011750881316,0.2553,0.0
Lithuania,LTU,1996,12873.201,Europe,90.0,8.51,12687083.0,1512.7145710928319,0.2553,0.0
Lithuania,LTU,1997,14045.005,Europe,90.0,8.51,12687083.0,1650.4118683901293,0.2553,0.0
Lithuania,LTU,1998,15202.912,Europe,90.0,8.51,12687083.0,1786.4761457109284,0.2553,0.0
Lithuania,LTU,1999,15143.193,Europe,90.0,8.51,12687083.0,1779.4586368977673,0.2553,0.0
Lithuania,LTU,2000,15771.427,Europe,90.0,8.51,12687083.0,1853.281668625147,0.2553,0.0
Lithuania,LTU,2001,16933.023,Europe,100.0,8.51,3473008.0,1989.779435957697,0.2836666666666667,11.111111111111116
Lithuania,LTU,2002,18216.545,Europe,90.0,8.51,12687083.0,2140.604582843713,0.2553,-9.999999999999998
Lithuania,LTU,2003,20302.984,Europe,90.0,8.51,12687083.0,2385.77955346651,0.2553,0.0
Lithuania,LTU,2004,21867.287,Europe,90.0,8.51,12687083.0,2569.598942420682,0.2553,0.0
Lithuania,LTU,2005,23944.701,Europe,90.0,8.51,12687083.0,2813.7133960047004,0.2553,0.0
Lithuania,LTU,2006,26129.34,Europe,90.0,8.51,12687083.0,3070.427732079906,0.2553,0.0
Lithuania,LTU,2007,29370.773,Europe,90.0,8.51,12687083.0,3451.324676850764,0.2553,0.0
Lithuania,LTU,2008,30445.781,Europe,90.0,8.51,12687083.0,3577.6475910693302,0.2553,0.0
Lithuania,LTU,2009,26217.545,Europe,90.0,8.51,12687083.0,3080.7925969447706,0.2553,0.0
Lithuania,LTU,2010,26887.492,Europe,90.0,8.51,12687083.0,3159.5172737955345,0.2553,0.0
Lithuania,LTU,2011,29240.748,Europe,100.0,8.51,3028642.0,3436.0455934195065,0.2836666666666667,11.111111111111116
Lithuania,LTU,2012,30920.33,Europe,90.0,8.51,12687083.0,3633.4112808460636,0.2553,-9.999999999999998
Lithuania,LTU,2013,32474.64,Europe,90.0,8.51,12687083.0,3816.056404230317,0.2553,0.0
Lithuania,LTU,2014,33975.086,Europe,90.0,8.51,12687083.0,3992.372032902468,0.2553,0.0
Lithuania,LTU,2015,35251.297,Europe,90.0,12.44,2905771.0,2833.7055466237944,0.3732,0.0
Lithuania,LTU,2016,36618.15,Europe,90.0,8.51,12687083.0,4302.955346650999,0.2553,0.0
Lithuania,LTU,2017,38774.49,Europe,90.0,8.51,12687083.0,4556.344300822561,0.2553,0.0
Lithuania,LTU,2018,41019.79,Europe,90.0,8.51,12687083.0,4820.186839012927,0.2553,0.0
Lithuania,LTU,2019,43062.324,Europe,90.0,8.51,12687083.0,5060.20258519389,0.2553,0.0
Lithuania,LTU,2020,43091.797,Europe,90.0,12.5,2795766.0,3447.3437599999997,0.375,0.0
Lithuania,LTU,2021,45873.527,Europe,90.0,8.51,12687083.0,5390.543713278496,0.2553,0.0
Lithuania,LTU,2022,46651.215,Europe,90.0,8.51,12687083.0,5481.928907168038,0.2553,0.0
Lithuania,LTU,2023,46159.707,Europe,90.0,8.51,12687083.0,5424.172385428908,0.2553,0.0
Low-Income Countries,OWID_LIC,1990,2091.577,Africa,47.39165,8.51,292663595.0,245.7787309048179,0.13443431383333332,-47.34261111111111
Low-Income Countries,OWID_LIC,1991,2086.3845,Africa,47.6823,8.51,300360059.0,245.16856639247945,0.13525879100000002,0.6132936920322463
Low-Income Countries,OWID_LIC,1992,2042.2125,Africa,47.82185,8.51,309369865.0,239.97796709753234,0.13565464783333334,0.29266625141823877
Low-Income Countries,OWID_LIC,1993,1978.6189,Africa,48.03085,8.51,319277771.0,232.50515863689776,0.13624751116666667,0.43703871765730096
Low-Income Countries,OWID_LIC,1994,1942.905,Africa,48.31109,8.51,328801392.0,228.3084606345476,0.13704245863333334,0.5834583397961834
Low-Income Countries,OWID_LIC,1995,1981.9554,Africa,48.676,8.51,338406194.0,232.8972267920094,0.13807758666666667,0.7553338167282098
Low-Income Countries,OWID_LIC,1996,2036.1765,Africa,49.04267,8.51,348513467.0,239.2686839012926,0.13911770723333333,0.7532870408414771
Low-Income Countries,OWID_LIC,1997,2109.07,Africa,49.73331,8.51,358535391.0,247.83431257344304,0.14107682270000002,1.4082430667009094
Low-Income Countries,OWID_LIC,1998,2148.3252,Africa,50.43019,8.51,368772687.0,252.4471445358402,0.1430536389666667,1.4012339013832031
Low-Income Countries,OWID_LIC,1999,2115.6118,Africa,50.97881,8.51,379366090.0,248.60303172737957,0.14460989103333335,1.0878800972195402
Low-Income Countries,OWID_LIC,2000,2100.0354,Africa,51.39866,8.51,389723485.0,246.77266745005878,0.14580086553333332,0.8235774824873143
Low-Income Countries,OWID_LIC,2001,2115.2341,Africa,52.04716,8.51,400384099.0,248.55864864864867,0.1476404438666667,1.2617060444766404
Low-Income Countries,OWID_LIC,2002,2172.3687,Africa,52.7164,8.51,412284807.0,255.27246768507638,0.14953885466666667,1.285833847610518
Low-Income Countries,OWID_LIC,2003,2247.3982,Africa,53.11349,8.51,424679097.0,264.0890951821387,0.15066526663333332,0.7532570509367176
Low-Income Countries,OWID_LIC,2004,2317.1028,Africa,53.58198,8.51,436967699.0,272.28000000000003,0.15199421660000004,0.8820546343311308
Low-Income Countries,OWID_LIC,2005,2392.5898,Africa,53.99721,8.51,449724246.0,281.1503877790835,0.15317208570000002,0.7749433671544015
Low-Income Countries,OWID_LIC,2006,2455.3108,Africa,52.1799,8.51,463303557.0,288.52065804935376,0.14801698300000002,-3.3655627762989915
Low-Income Countries,OWID_LIC,2007,2534.7456,Africa,53.41816,8.51,477111736.0,297.8549471210341,0.1515295138666667,2.3730593581053228
Low-Income Countries,OWID_LIC,2008,2592.9873,Africa,54.31401,8.51,490973774.0,304.6988601645123,0.1540707417,1.6770513997486969
Low-Income Countries,OWID_LIC,2009,2614.398,Africa,54.82347,8.51,505164159.0,307.2148061104583,0.1555159099,0.9379900324059998
Low-Income Countries,OWID_LIC,2010,2703.7039,Africa,55.31973,8.51,519647365.0,317.7090364277321,0.15692363410000001,0.9051962599229801
Low-Income Countries,OWID_LIC,2011,2705.9165,Africa,57.35872,8.51,534392915.0,317.9690364277321,0.16270756906666667,3.685827823093124
Low-Income Countries,OWID_LIC,2012,2496.4563,Africa,57.80881,8.51,549004721.0,293.3556169212691,0.16398432436666668,0.7846932428059894
Low-Income Countries,OWID_LIC,2013,2414.5007,Africa,58.65501,8.51,563040135.0,283.72511163337253,0.1663847117,1.46379072670757
Low-Income Countries,OWID_LIC,2014,2419.5178,Africa,59.07083,8.51,577051647.0,284.3146650998825,0.16756425443333334,0.7089249494629746
Low-Income Countries,OWID_LIC,2015,2431.4712,Africa,59.74246,8.51,591583770.0,285.71929494712106,0.16946944486666665,1.136990964914486
Low-Income Countries,OWID_LIC,2016,2422.1921,Africa,60.4267,8.51,607210136.0,284.62891891891894,0.17141040566666668,1.1453160783804206
Low-Income Countries,OWID_LIC,2017,2425.2117,Africa,61.48362,8.51,623824285.0,284.98374853113984,0.1744085354,1.7490943572957107
Low-Income Countries,OWID_LIC,2018,2432.9915,Africa,61.45404,8.51,641385698.0,285.8979435957697,0.1743246268,-0.048110374763232766
Low-Income Countries,OWID_LIC,2019,2434.319,Africa,61.52847,8.51,659875267.0,286.0539365452409,0.1745357599,0.12111490147759252
Low-Income Countries,OWID_LIC,2020,2347.0789,Africa,61.69004,8.51,678679145.0,275.80245593419505,0.17499408013333334,0.26259388539973116
Low-Income Countries,OWID_LIC,2021,2301.291,Africa,62.18141,8.51,697273071.0,270.4219741480611,0.17638793303333336,0.7965143157631305
Low-Income Countries,OWID_LIC,2022,2312.3845,Africa,62.63246,8.51,715844683.0,271.7255581668625,0.17766741153333335,0.7253775686334674
Low-Income Countries,OWID_LIC,2023,2245.1287,Africa,63.03853,8.51,735385966.0,263.82240893066984,0.1788192967666667,0.648337938506649
Lower-Middle-Income Countries,OWID_LMC,1990,3015.438,Africa,52.8069,8.51,1711864220.0,354.3405405405406,0.14979557300000002,-16.230756015408353
Lower-Middle-Income Countries,OWID_LMC,1991,3003.4285,Africa,53.51564,8.51,1752608523.0,352.9293184488837,0.15180603213333332,1.3421352133906828
Lower-Middle-Income Countries,OWID_LMC,1992,3050.2703,Africa,54.40485,8.51,1793067376.0,358.433642773208,0.1543284245,1.6615890233210528
Lower-Middle-Income Countries,OWID_LMC,1993,3055.9973,Africa,55.26998,8.51,1833937911.0,359.106615746181,0.15678250993333334,1.5901707292640177
Lower-Middle-Income Countries,OWID_LMC,1994,3115.1677,Africa,56.08274,8.51,1874934474.0,366.0596592244418,0.15908803913333333,1.4705270383669422
Lower-Middle-Income Countries,OWID_LMC,1995,3212.7397,Africa,56.85776,8.51,1916258972.0,377.5252291421857,0.16128651253333334,1.3819224952275722
Lower-Middle-Income Countries,OWID_LMC,1996,3347.0972,Africa,57.63437,8.51,1957849353.0,393.313419506463,0.16348949623333334,1.3658821592690273
Lower-Middle-Income Countries,OWID_LMC,1997,3411.546,Africa,58.41293,8.51,1999733954.0,400.8867215041128,0.16569801143333335,1.3508606062667239
Lower-Middle-Income Countries,OWID_LMC,1998,3500.263,Africa,61.84885,8.51,2042077792.0,411.3117508813161,0.17544457116666667,5.8821223314769355
Lower-Middle-Income Countries,OWID_LMC,1999,3626.8872,Africa,62.59148,8.51,2084331968.0,426.19121034077557,0.17755116493333334,1.2007175557831706
Lower-Middle-Income Countries,OWID_LMC,2000,3707.9395,Africa,62.80231,8.51,2126916405.0,435.71556991774384,0.17814921936666667,0.33683498137446755
Lower-Middle-Income Countries,OWID_LMC,2001,3796.1543,Africa,63.52992,8.51,2169845903.0,446.0815863689777,0.1802132064,1.158572033417249
Lower-Middle-Income Countries,OWID_LMC,2002,3892.3313,Africa,64.24833,8.51,2211922405.0,457.3832314923619,0.1822510961,1.1308215089834706
Lower-Middle-Income Countries,OWID_LMC,2003,4053.374,Africa,65.29472,8.51,2253565571.0,476.3071680376028,0.1852193557333333,1.628664900706367
Lower-Middle-Income Countries,OWID_LMC,2004,4263.3096,Africa,65.99687,8.51,2295613093.0,500.9764512338425,0.18721112123333333,1.0753549444733057
Lower-Middle-Income Countries,OWID_LMC,2005,4473.2188,Africa,65.78602,8.51,2337232229.0,525.6426321974147,0.18661301006666664,-0.31948484829660284
Lower-Middle-Income Countries,OWID_LMC,2006,4707.42,Africa,65.76852,8.51,2379086325.0,553.1633372502938,0.1865633684,-0.026601396466907623
Lower-Middle-Income Countries,OWID_LMC,2007,4946.4395,Africa,66.29194,8.51,2421832593.0,581.2502350176264,0.18804813646666665,0.7958518756389754
Lower-Middle-Income Countries,OWID_LMC,2008,5080.3003,Africa,66.94372,8.51,2464297892.0,596.9800587544066,0.18989701906666667,0.983196448919732
Lower-Middle-Income Countries,OWID_LMC,2009,5301.5405,Africa,67.63524,8.51,2507036280.0,622.977732079906,0.19185863079999999,1.0329871121592893
Lower-Middle-Income Countries,OWID_LMC,2010,5575.538,Africa,69.50833,8.51,2550520230.0,655.1748531139835,0.19717196276666665,2.769399502389591
Lower-Middle-Income Countries,OWID_LMC,2011,5746.0674,Africa,69.80986,8.51,2594096178.0,675.2135605170388,0.19802730286666667,0.4338041210312449
Lower-Middle-Income Countries,OWID_LMC,2012,5944.4634,Africa,70.25576,8.51,2637381315.0,698.526839012926,0.19929217253333334,0.6387349867196246
Lower-Middle-Income Countries,OWID_LMC,2013,6183.676,Africa,71.1596,8.51,2680848784.0,726.6364277320799,0.20185606533333333,1.2864994984041145
Lower-Middle-Income Countries,OWID_LMC,2014,6464.03,Africa,71.89687,8.51,2724066420.0,759.5804935370153,0.20394745456666669,1.0360794608176738
Lower-Middle-Income Countries,OWID_LMC,2015,6755.226,Africa,72.98467,8.51,2765984952.0,793.798589894242,0.20703318056666667,1.5130004964054589
Lower-Middle-Income Countries,OWID_LMC,2016,7049.0415,Africa,73.734,8.51,2807490854.0,828.3245005875441,0.20915878000000002,1.0266950580169798
Lower-Middle-Income Countries,OWID_LMC,2017,7334.511,Africa,74.26711,8.51,2848767185.0,861.8696827262046,0.21067103536666668,0.7230178750644356
Lower-Middle-Income Countries,OWID_LMC,2018,7635.979,Africa,75.07314,8.51,2889324239.0,897.294829612221,0.2129574738,1.0853121927054898
Lower-Middle-Income Countries,OWID_LMC,2019,7843.6367,Africa,75.24551,8.51,2929401303.0,921.6964394829613,0.21344643003333333,0.22960275805701258
Lower-Middle-Income Countries,OWID_LMC,2020,7439.8076,Africa,75.8803,8.51,2969245757.0,874.2429612220917,0.21524711766666668,0.8436250880617502
Lower-Middle-Income Countries,OWID_LMC,2021,7837.433,Africa,76.48823,8.51,3007019418.0,920.9674500587545,0.21697161243333335,0.8011697370727155
Lower-Middle-Income Countries,OWID_LMC,2022,8238.695,Africa,77.08264,8.51,3044254723.0,968.1192714453584,0.2186577554666667,0.7771261016237263
Lower-Middle-Income Countries,OWID_LMC,2023,8649.748,Africa,77.63182,8.51,3083154885.0,1016.4216216216216,0.22021559606666669,0.7124561379838745
Luxembourg,LUX,1990,81450.57,Europe,90.0,9.24,381707.0,8814.996753246754,0.2772,15.931843411631984
Luxembourg,LUX,1991,87313.72,Europe,90.0,8.51,12687083.0,10260.131609870741,0.2553,0.0
Luxembourg,LUX,1992,87729.4,Europe,90.0,8.51,12687083.0,10308.977673325498,0.2553,0.0
Luxembourg,LUX,1993,90195.664,Europe,90.0,8.51,12687083.0,10598.78542890717,0.2553,0.0
Luxembourg,LUX,1994,92375.36,Europe,90.0,8.51,12687083.0,10854.91891891892,0.2553,0.0
Luxembourg,LUX,1995,92391.34,Europe,90.0,9.57,408237.0,9654.267502612329,0.2871,0.0
Luxembourg,LUX,1996,92416.516,Europe,90.0,8.51,12687083.0,10859.755111633373,0.2553,0.0
Luxembourg,LUX,1997,96211.734,Europe,90.0,8.51,12687083.0,11305.726674500587,0.2553,0.0
Luxembourg,LUX,1998,101364.67,Europe,90.0,8.51,12687083.0,11911.242068155112,0.2553,0.0
Luxembourg,LUX,1999,108180.41,Europe,90.0,8.51,12687083.0,12712.151586368978,0.2553,0.0
Luxembourg,LUX,2000,114141.586,Europe,90.0,9.92,436142.0,11506.208266129031,0.29760000000000003,0.0
Luxembourg,LUX,2001,116258.43,Europe,90.0,8.51,12687083.0,13661.390129259695,0.2553,0.0
Luxembourg,LUX,2002,118757.53,Europe,90.0,8.51,12687083.0,13955.056404230318,0.2553,0.0
Luxembourg,LUX,2003,120396.26,Europe,90.0,8.51,12687083.0,14147.621621621622,0.2553,0.0
Luxembourg,LUX,2004,123720.26,Europe,90.0,8.51,12687083.0,14538.220916568742,0.2553,0.0
Luxembourg,LUX,2005,124866.86,Europe,90.0,10.59,465369.0,11791.016052880075,0.3177,0.0
Luxembourg,LUX,2006,130284.97,Europe,90.0,8.51,12687083.0,15309.632197414807,0.2553,0.0
Luxembourg,LUX,2007,138677.97,Europe,90.0,8.51,12687083.0,16295.88366627497,0.2553,0.0
Luxembourg,LUX,2008,135812.22,Europe,90.0,8.51,12687083.0,15959.132784958872,0.2553,0.0
Luxembourg,LUX,2009,129002.24,Europe,90.0,8.51,12687083.0,15158.900117508814,0.2553,0.0
Luxembourg,LUX,2010,131432.06,Europe,90.0,11.33,507418.0,11600.358340688437,0.3399,0.0
Luxembourg,LUX,2011,129885.37,Europe,90.0,8.51,12687083.0,15262.675675675675,0.2553,0.0
Luxembourg,LUX,2012,128895.41,Europe,90.0,8.51,12687083.0,15146.346650998827,0.2553,0.0
Luxembourg,LUX,2013,129945.45,Europe,90.0,8.51,12687083.0,15269.735605170388,0.2553,0.0
Luxembourg,LUX,2014,130247.664,Europe,90.0,8.51,12687083.0,15305.248413631023,0.2553,0.0
Luxembourg,LUX,2015,130097.26,Europe,90.0,11.41,569540.0,11402.03856266433,0.34230000000000005,0.0
Luxembourg,LUX,2016,133661.66,Europe,90.0,8.51,12687083.0,15706.42303172738,0.2553,0.0
Luxembourg,LUX,2017,132169.83,Europe,90.0,8.51,12687083.0,15531.119858989423,0.2553,0.0
Luxembourg,LUX,2018,131733.89,Europe,90.0,8.51,12687083.0,15479.893066980025,0.2553,0.0
Luxembourg,LUX,2019,132724.75,Europe,90.0,8.51,12687083.0,15596.327849588719,0.2553,0.0
Luxembourg,LUX,2020,129865.63,Europe,90.0,11.53,630597.0,11263.28100607112,0.3459,0.0
Luxembourg,LUX,2021,136772.44,Europe,90.0,8.51,12687083.0,16071.967097532315,0.2553,0.0
Luxembourg,LUX,2022,132570.83,Europe,90.0,8.51,12687083.0,15578.240893066979,0.2553,0.0
Luxembourg,LUX,2023,130048.92,Europe,90.0,8.51,12687083.0,15281.894242068156,0.2553,0.0
Macao,MAC,1990,55300.746,Asia,90.0,8.51,12687083.0,6498.3250293772035,0.2553,0.0
Macao,MAC,1991,54602.055,Asia,90.0,8.51,12687083.0,6416.222679200941,0.2553,0.0
Macao,MAC,1992,58652.79,Asia,90.0,8.51,12687083.0,6892.219741480611,0.2553,0.0
Macao,MAC,1993,59589.977,Asia,90.0,8.51,12687083.0,7002.347473560517,0.2553,0.0
Macao,MAC,1994,60120.66,Asia,90.0,8.51,12687083.0,7064.707403055229,0.2553,0.0
Macao,MAC,1995,60205.707,Asia,90.0,8.51,12687083.0,7074.701175088132,0.2553,0.0
Macao,MAC,1996,59115.234,Asia,90.0,8.51,12687083.0,6946.56098707403,0.2553,0.0
Macao,MAC,1997,58639.523,Asia,90.0,8.51,12687083.0,6890.660752056405,0.2553,0.0
Macao,MAC,1998,55296.5,Asia,90.0,8.51,12687083.0,6497.826086956522,0.2553,0.0
Macao,MAC,1999,53348.01,Asia,90.0,8.51,12687083.0,6268.86133960047,0.2553,0.0
Macao,MAC,2000,55994.76,Asia,90.0,8.51,12687083.0,6579.877790834313,0.2553,0.0
Macao,MAC,2001,57173.86,Asia,91.0,8.51,445121.0,6718.4324324324325,0.2581366666666667,1.1111111111111072
Macao,MAC,2002,61625.957,Asia,90.0,8.51,12687083.0,7241.593066980024,0.2553,-1.098901098901095
Macao,MAC,2003,67994.78,Asia,90.0,8.51,12687083.0,7989.985898942421,0.2553,0.0
Macao,MAC,2004,84004.45,Asia,90.0,8.51,12687083.0,9871.26321974148,0.2553,0.0
Macao,MAC,2005,87185.52,Asia,90.0,8.51,12687083.0,10245.066980023503,0.2553,0.0
Macao,MAC,2006,93828.32,Asia,93.0,8.51,508752.0,11025.654524089308,0.26381000000000004,3.3333333333333437
Macao,MAC,2007,102879.64,Asia,90.0,8.51,12687083.0,12089.264394829612,0.2553,-3.2258064516129004
Macao,MAC,2008,102474.67,Asia,90.0,8.51,12687083.0,12041.676850763808,0.2553,0.0
Macao,MAC,2009,104911.14,Asia,90.0,8.51,12687083.0,12327.983548766158,0.2553,0.0
Macao,MAC,2010,130758.28,Asia,90.0,8.51,12687083.0,15365.250293772033,0.2553,0.0
Macao,MAC,2011,155385.33,Asia,96.0,8.51,575644.0,18259.14571092832,0.27232,6.666666666666665
Macao,MAC,2012,164239.27,Asia,90.0,8.51,12687083.0,19299.56169212691,0.2553,-6.25
Macao,MAC,2013,174569.52,Asia,90.0,8.51,12687083.0,20513.457109283194,0.2553,0.0
Macao,MAC,2014,162813.44,Asia,90.0,8.51,12687083.0,19132.01410105758,0.2553,0.0
Macao,MAC,2015,123194.07,Asia,90.0,10.56,622185.0,11666.105113636364,0.3168,0.0
Macao,MAC,2016,120530.055,Asia,97.0,8.51,634317.0,14163.343713278495,0.27515666666666666,7.777777777777772
Macao,MAC,2017,133322.62,Asia,90.0,8.51,12687083.0,15666.582843713279,0.2553,-7.216494845360821
Macao,MAC,2018,139541.16,Asia,90.0,8.51,12687083.0,16397.316098707404,0.2553,0.0
Macao,MAC,2019,133453.89,Asia,90.0,8.51,12687083.0,15682.008225616923,0.2553,0.0
Macao,MAC,2020,59662.484,Asia,90.0,10.97,683069.0,5438.694986326344,0.32910000000000006,0.0
Macao,MAC,2021,73374.445,Asia,90.0,8.51,12687083.0,8622.143948296123,0.2553,0.0
Macao,MAC,2022,59921.44,Asia,90.0,8.51,12687083.0,7041.2972972972975,0.2553,0.0
Macao,MAC,2023,104815.2,Asia,90.0,8.51,12687083.0,12316.709753231493,0.2553,0.0
Madagascar,MDG,1990,1968.2723,Africa,90.0,8.51,12687083.0,231.2893419506463,0.2553,0.0
Madagascar,MDG,1991,1789.8417,Africa,90.0,8.51,12687083.0,210.32217391304349,0.2553,0.0
Madagascar,MDG,1992,1757.2946,Africa,90.0,8.51,12687083.0,206.4976028202115,0.2553,0.0
Madagascar,MDG,1993,1740.2952,Africa,90.0,8.51,12687083.0,204.50002350176263,0.2553,0.0
Madagascar,MDG,1994,1686.3419,Africa,90.0,8.51,12687083.0,198.16003525264395,0.2553,0.0
Madagascar,MDG,1995,1661.2706,Africa,90.0,8.51,12687083.0,195.2139365452409,0.2553,0.0
Madagascar,MDG,1996,1643.3258,Africa,90.0,8.51,12687083.0,193.10526439482962,0.2553,0.0
Madagascar,MDG,1997,1649.4481,Africa,90.0,8.51,12687083.0,193.82468860164514,0.2553,0.0
Madagascar,MDG,1998,1658.8885,Africa,90.0,8.51,12687083.0,194.9340188014101,0.2553,0.0
Madagascar,MDG,1999,1681.3594,Africa,90.0,8.51,12687083.0,197.57454759106935,0.2553,0.0
Madagascar,MDG,2000,1701.4432,Africa,71.0,8.51,16516336.0,199.93457109283196,0.20140333333333332,-21.111111111111114
Madagascar,MDG,2001,1748.5035,Africa,90.0,8.51,12687083.0,205.46457109283196,0.2553,26.7605633802817
Madagascar,MDG,2002,1486.4343,Africa,90.0,8.51,12687083.0,174.6691304347826,0.2553,0.0
Madagascar,MDG,2003,1584.7493,Africa,90.0,8.51,12687083.0,186.22200940070505,0.2553,0.0
Madagascar,MDG,2004,1620.1195,Africa,90.0,8.51,12687083.0,190.3783196239718,0.2553,0.0
Madagascar,MDG,2005,1648.1763,Africa,59.0,8.51,19159711.0,193.67524089306698,0.16736333333333334,-34.44444444444444
Madagascar,MDG,2006,1686.8634,Africa,90.0,8.51,12687083.0,198.2213160987074,0.2553,52.542372881355924
Madagascar,MDG,2007,1731.6176,Africa,90.0,8.51,12687083.0,203.48032902467685,0.2553,0.0
Madagascar,MDG,2008,1794.4023,Africa,90.0,8.51,12687083.0,210.85808460634547,0.2553,0.0
Madagascar,MDG,2009,1673.1555,Africa,90.0,8.51,12687083.0,196.6105170387779,0.2553,0.0
Madagascar,MDG,2010,1635.2451,Africa,90.0,8.51,12687083.0,192.15571092831965,0.2553,0.0
Madagascar,MDG,2011,1614.5514,Africa,90.0,8.51,12687083.0,189.72401880141012,0.2553,0.0
Madagascar,MDG,2012,1617.7908,Africa,72.0,8.51,23462444.0,190.1046768507638,0.20424,-19.999999999999996
Madagascar,MDG,2013,1610.6023,Africa,90.0,8.51,12687083.0,189.25996474735607,0.2553,25.0
Madagascar,MDG,2014,1620.3579,Africa,90.0,8.51,12687083.0,190.40633372502938,0.2553,0.0
Madagascar,MDG,2015,1627.5806,Africa,90.0,8.51,12687083.0,191.25506462984725,0.2553,0.0
Madagascar,MDG,2016,1648.9122,Africa,90.0,8.51,12687083.0,193.76171562867216,0.2553,0.0
Madagascar,MDG,2017,1669.7277,Africa,90.0,8.51,12687083.0,196.20772032902468,0.2553,0.0
Madagascar,MDG,2018,1678.7863,Africa,77.0,8.51,27494930.0,197.2721856639248,0.21842333333333336,-14.444444444444448
Madagascar,MDG,2019,1707.8315,Africa,90.0,8.51,12687083.0,200.6852526439483,0.2553,16.883116883116877
Madagascar,MDG,2020,1545.7272,Africa,90.0,8.51,12687083.0,181.6365687426557,0.2553,0.0
Madagascar,MDG,2021,1577.4325,Africa,74.68614,8.51,29691087.0,185.36222091656873,0.21185968379999998,-17.015400000000003
Madagascar,MDG,2022,1602.7136,Africa,90.0,8.51,12687083.0,188.33297297297298,0.2553,20.50428633746504
Madagascar,MDG,2023,1629.4609,Africa,90.0,8.51,12687083.0,191.47601645123385,0.2553,0.0
Malawi,MWI,1990,1047.4644,Africa,90.0,3.14,9545860.0,333.58738853503183,0.0942,0.0
Malawi,MWI,1991,1104.3905,Africa,90.0,8.51,12687083.0,129.7756169212691,0.2553,0.0
Malawi,MWI,1992,994.0365,Africa,90.0,8.51,12687083.0,116.80804935370153,0.2553,0.0
Malawi,MWI,1993,1074.5848,Africa,90.0,8.51,12687083.0,126.27318448883668,0.2553,0.0
Malawi,MWI,1994,975.8497,Africa,90.0,8.51,12687083.0,114.6709400705053,0.2553,0.0
Malawi,MWI,1995,1140.7561,Africa,90.0,3.3,10150122.0,345.6836666666667,0.099,0.0
Malawi,MWI,1996,1200.3206,Africa,90.0,8.51,12687083.0,141.0482491186839,0.2553,0.0
Malawi,MWI,1997,1221.094,Africa,90.0,8.51,12687083.0,143.48930669800237,0.2553,0.0
Malawi,MWI,1998,1241.5243,Africa,64.0,8.51,10792877.0,145.89004700352527,0.1815466666666667,-28.888888888888886
Malawi,MWI,1999,1249.7753,Africa,90.0,8.51,12687083.0,146.85961222091657,0.2553,40.625
Malawi,MWI,2000,1239.3917,Africa,90.0,3.73,11315947.0,332.2765951742627,0.1119,0.0
Malawi,MWI,2001,1149.5804,Africa,90.0,8.51,12687083.0,135.0858284371328,0.2553,0.0
Malawi,MWI,2002,1140.8428,Africa,90.0,8.51,12687083.0,134.05908343125733,0.2553,0.0
Malawi,MWI,2003,1176.1239,Africa,90.0,8.51,12687083.0,138.20492361927145,0.2553,0.0
Malawi,MWI,2004,1208.2197,Africa,90.0,8.51,12687083.0,141.97646298472387,0.2553,0.0
Malawi,MWI,2005,1214.7427,Africa,90.0,4.67,12840034.0,260.11620985010705,0.1401,0.0
Malawi,MWI,2006,1237.2739,Africa,90.0,8.51,12687083.0,145.3905875440658,0.2553,0.0
Malawi,MWI,2007,1318.3319,Africa,90.0,8.51,12687083.0,154.91561692126908,0.2553,0.0
Malawi,MWI,2008,1378.4288,Africa,90.0,8.51,12687083.0,161.97753231492362,0.2553,0.0
Malawi,MWI,2009,1449.7261,Africa,90.0,8.51,12687083.0,170.35559341950648,0.2553,0.0
Malawi,MWI,2010,1504.3751,Africa,90.0,5.01,14826466.0,300.2744710578842,0.1503,0.0
Malawi,MWI,2011,1533.2289,Africa,90.0,8.51,12687083.0,180.16790834312576,0.2553,0.0
Malawi,MWI,2012,1518.1481,Africa,90.0,8.51,12687083.0,178.39578143360754,0.2553,0.0
Malawi,MWI,2013,1555.5061,Africa,90.0,8.51,12687083.0,182.7856756756757,0.2553,0.0
Malawi,MWI,2014,1597.5648,Africa,90.0,8.51,12687083.0,187.7279435957697,0.2553,0.0
Malawi,MWI,2015,1597.6914,Africa,90.0,4.86,17085587.0,328.74308641975307,0.1458,0.0
Malawi,MWI,2016,1593.5955,Africa,90.0,8.51,12687083.0,187.26151586368977,0.2553,0.0
Malawi,MWI,2017,1613.0593,Africa,90.0,8.51,12687083.0,189.54868390129258,0.2553,0.0
Malawi,MWI,2018,1638.9166,Africa,90.0,8.51,12687083.0,192.5871445358402,0.2553,0.0
Malawi,MWI,2019,1687.2894,Africa,90.0,8.51,12687083.0,198.27137485311397,0.2553,0.0
Malawi,MWI,2020,1656.4398,Africa,70.15227,5.41,19533885.0,306.1811090573013,0.1265079269,-22.053033333333328
Malawi,MWI,2021,1687.5936,Africa,90.0,8.51,12687083.0,198.30712103407754,0.2553,28.292356042078183
Malawi,MWI,2022,1659.9594,Africa,90.0,8.51,12687083.0,195.0598589894242,0.2553,0.0
Malawi,MWI,2023,1649.2987,Africa,90.0,8.51,12687083.0,193.8071327849589,0.2553,0.0
Malaysia,MYS,1990,12013.697,Asia,90.0,8.01,17833179.0,1499.8373283395756,0.2403,0.0
Malaysia,MYS,1991,12795.05,Asia,83.0,8.51,18342474.0,1503.5311398354877,0.23544333333333334,-7.777777777777772
Malaysia,MYS,1992,13567.894,Asia,90.0,8.51,12687083.0,1594.3471210340776,0.2553,8.43373493975903
Malaysia,MYS,1993,14533.79,Asia,90.0,8.51,12687083.0,1707.8484136310224,0.2553,0.0
Malaysia,MYS,1994,15474.015,Asia,90.0,8.51,12687083.0,1818.3331374853115,0.2553,0.0
Malaysia,MYS,1995,16568.516,Asia,90.0,8.66,20330602.0,1913.223556581986,0.25980000000000003,0.0
Malaysia,MYS,1996,17771.71,Asia,90.0,8.51,12687083.0,2088.3325499412454,0.2553,0.0
Malaysia,MYS,1997,18604.514,Asia,90.0,8.51,12687083.0,2186.194359576968,0.2553,0.0
Malaysia,MYS,1998,16817.172,Asia,90.0,8.51,12687083.0,1976.1659224441833,0.2553,0.0
Malaysia,MYS,1999,17428.625,Asia,90.0,8.51,12687083.0,2048.0170387779085,0.2553,0.0
Malaysia,MYS,2000,18532.91,Asia,89.0,9.49,22967817.0,1952.8883034773446,0.2815366666666667,-1.1111111111111072
Malaysia,MYS,2001,18186.441,Asia,90.0,8.51,12687083.0,2137.067097532315,0.2553,1.1235955056179803
Malaysia,MYS,2002,18708.87,Asia,90.0,8.51,12687083.0,2198.457109283196,0.2553,0.0
Malaysia,MYS,2003,19329.006,Asia,90.0,8.51,12687083.0,2271.328554641598,0.2553,0.0
Malaysia,MYS,2004,20168.506,Asia,90.0,8.51,12687083.0,2369.977203290247,0.2553,0.0
Malaysia,MYS,2005,20767.586,Asia,90.0,10.16,25836075.0,2044.0537401574802,0.3048,0.0
Malaysia,MYS,2006,21444.486,Asia,90.0,8.51,12687083.0,2519.9160987074033,0.2553,0.0
Malaysia,MYS,2007,22305.12,Asia,90.0,8.51,12687083.0,2621.048178613396,0.2553,0.0
Malaysia,MYS,2008,22898.002,Asia,90.0,8.51,12687083.0,2690.7170387779083,0.2553,0.0
Malaysia,MYS,2009,22106.643,Asia,90.0,8.51,12687083.0,2597.7253819036428,0.2553,0.0
Malaysia,MYS,2010,23307.97,Asia,93.0,10.89,28655772.0,2140.309458218549,0.33759000000000006,3.3333333333333437
Malaysia,MYS,2011,24115.818,Asia,90.0,8.51,12687083.0,2833.821151586369,0.2553,-3.2258064516129004
Malaysia,MYS,2012,25006.36,Asia,90.0,8.51,12687083.0,2938.467685076381,0.2553,0.0
Malaysia,MYS,2013,25736.354,Asia,90.0,8.51,12687083.0,3024.2484136310222,0.2553,0.0
Malaysia,MYS,2014,26818.432,Asia,90.0,8.51,12687083.0,3151.402115158637,0.2553,0.0
Malaysia,MYS,2015,27699.627,Asia,90.0,11.49,31232796.0,2410.7595300261096,0.3447,0.0
Malaysia,MYS,2016,28425.371,Asia,95.0,8.51,31789692.0,3340.23160987074,0.26948333333333335,5.555555555555558
Malaysia,MYS,2017,29551.545,Asia,95.0,8.51,32355642.0,3472.566980023502,0.26948333333333335,0.0
Malaysia,MYS,2018,30459.965,Asia,95.0,8.51,32910963.0,3579.3143360752056,0.26948333333333335,0.0
Malaysia,MYS,2019,31300.508,Asia,95.0,8.51,33440590.0,3678.0855464159813,0.26948333333333335,0.0
Malaysia,MYS,2020,29200.453,Asia,90.0,11.96,33889554.0,2441.509448160535,0.3588,-5.263157894736848
Malaysia,MYS,2021,29822.85,Asia,90.0,8.51,12687083.0,3504.447708578143,0.2553,0.0
Malaysia,MYS,2022,32129.223,Asia,96.0,8.51,34695494.0,3775.4668625146887,0.27232,6.666666666666665
Malaysia,MYS,2023,32857.668,Asia,90.0,8.51,12687083.0,3861.0655699177437,0.2553,-6.25
Maldives,MDV,1990,8945.805,Asia,96.0,8.51,224772.0,1051.2109283196241,0.27232,6.666666666666665
Maldives,MDV,1991,8799.255,Asia,90.0,8.51,12687083.0,1033.9900117508812,0.2553,-6.25
Maldives,MDV,1992,9120.992,Asia,90.0,8.51,12687083.0,1071.7969447708579,0.2553,0.0
Maldives,MDV,1993,9378.522,Asia,90.0,8.51,12687083.0,1102.0589894242069,0.2553,0.0
Maldives,MDV,1994,9866.075,Asia,90.0,8.51,12687083.0,1159.3507638072856,0.2553,0.0
Maldives,MDV,1995,10894.173,Asia,96.0,8.51,256660.0,1280.1613396004702,0.27232,6.666666666666665
Maldives,MDV,1996,11495.099,Asia,90.0,8.51,12687083.0,1350.7754406580493,0.2553,-6.25
Maldives,MDV,1997,12210.969,Asia,90.0,8.51,12687083.0,1434.8964747356051,0.2553,0.0
Maldives,MDV,1998,12884.723,Asia,90.0,8.51,12687083.0,1514.0685076380728,0.2553,0.0
Maldives,MDV,1999,13449.203,Asia,90.0,8.51,12687083.0,1580.3998824911869,0.2553,0.0
Maldives,MDV,2000,13738.281,Asia,96.0,8.51,282025.0,1614.3690951821388,0.27232,6.666666666666665
Maldives,MDV,2001,12977.999,Asia,90.0,8.51,12687083.0,1525.029259694477,0.2553,-6.25
Maldives,MDV,2002,13689.807,Asia,90.0,8.51,12687083.0,1608.6729729729732,0.2553,0.0
Maldives,MDV,2003,15316.119,Asia,90.0,8.51,12687083.0,1799.7789659224443,0.2553,0.0
Maldives,MDV,2004,15958.656,Asia,90.0,8.51,12687083.0,1875.2827262044655,0.2553,0.0
Maldives,MDV,2005,13942.875,Asia,90.0,8.51,12687083.0,1638.4106933019978,0.2553,0.0
Maldives,MDV,2006,16829.977,Asia,98.0,8.51,313866.0,1977.6706227967097,0.2779933333333333,8.888888888888879
Maldives,MDV,2007,17439.951,Asia,90.0,8.51,12687083.0,2049.3479435957697,0.2553,-8.163265306122447
Maldives,MDV,2008,18344.486,Asia,90.0,8.51,12687083.0,2155.6387779083434,0.2553,0.0
Maldives,MDV,2009,16230.009,Asia,90.0,8.51,12687083.0,1907.1690951821388,0.2553,0.0
Maldives,MDV,2010,16730.014,Asia,90.0,8.51,12687083.0,1965.9240893066979,0.2553,0.0
Maldives,MDV,2011,17581.768,Asia,90.0,8.51,12687083.0,2066.0126909518212,0.2553,0.0
Maldives,MDV,2012,17390.148,Asia,90.0,8.51,12687083.0,2043.4956521739132,0.2553,0.0
Maldives,MDV,2013,17986.89,Asia,90.0,8.51,12687083.0,2113.618096357227,0.2553,0.0
Maldives,MDV,2014,18765.36,Asia,99.0,8.51,413623.0,2205.0951821386607,0.28083,10.000000000000009
Maldives,MDV,2015,18829.447,Asia,90.0,7.57,428165.0,2487.3774108322323,0.22710000000000002,-9.090909090909093
Maldives,MDV,2016,19345.18,Asia,98.0,8.51,443316.0,2273.229142185664,0.2779933333333333,8.888888888888879
Maldives,MDV,2017,20036.717,Asia,94.50551,8.51,458297.0,2354.4908343125735,0.2680806300333334,-3.565806122448978
Maldives,MDV,2018,21072.58,Asia,90.0,8.51,12687083.0,2476.2138660399532,0.2553,-4.7674574741726765
Maldives,MDV,2019,21855.502,Asia,98.21186,8.51,487737.0,2568.2141010575792,0.27859430953333336,9.124288888888898
Maldives,MDV,2020,14242.975,Asia,90.0,8.06,502127.0,1767.1184863523572,0.24180000000000001,-8.361373056166531
Maldives,MDV,2021,19052.623,Asia,90.0,8.51,12687083.0,2238.8511163337253,0.2553,0.0
Maldives,MDV,2022,21357.81,Asia,90.0,8.51,12687083.0,2509.7309048178618,0.2553,0.0
Maldives,MDV,2023,22333.047,Asia,90.0,8.51,12687083.0,2624.3298472385427,0.2553,0.0
Mali,MLI,1990,1890.5021,Africa,90.0,0.95,9178826.0,1990.0022105263158,0.028499999999999998,0.0
Mali,MLI,1991,2087.919,Africa,90.0,8.51,12687083.0,245.34888366627496,0.2553,0.0
Mali,MLI,1992,1942.7285,Africa,90.0,8.51,12687083.0,228.28772032902467,0.2553,0.0
Mali,MLI,1993,1985.3806,Africa,90.0,8.51,12687083.0,233.2997179788484,0.2553,0.0
Mali,MLI,1994,2051.755,Africa,90.0,8.51,12687083.0,241.09929494712105,0.2553,0.0
Mali,MLI,1995,2022.4038,Africa,90.0,1.07,10185368.0,1890.0970093457943,0.032100000000000004,0.0
Mali,MLI,1996,2105.2754,Africa,90.0,8.51,12687083.0,247.38841363102233,0.2553,0.0
Mali,MLI,1997,2142.7876,Africa,90.0,8.51,12687083.0,251.79642773207993,0.2553,0.0
Mali,MLI,1998,2228.2004,Africa,19.0,8.51,10919577.0,261.8331844888367,0.05389666666666667,-78.88888888888889
Mali,MLI,1999,2269.0874,Africa,90.0,8.51,12687083.0,266.6377673325499,0.2553,373.6842105263157
Mali,MLI,2000,2187.719,Africa,90.0,1.3,11559291.0,1682.8607692307692,0.039,0.0
Mali,MLI,2001,2458.4617,Africa,90.0,8.51,12687083.0,288.8909165687426,0.2553,0.0
Mali,MLI,2002,2455.6194,Africa,90.0,8.51,12687083.0,288.5569212690952,0.2553,0.0
Mali,MLI,2003,2611.837,Africa,24.0,8.51,12684951.0,306.913866039953,0.06808,-73.33333333333334
Mali,MLI,2004,2565.9775,Africa,90.0,8.51,12687083.0,301.52497062279673,0.2553,275.0
Mali,MLI,2005,2546.3328,Africa,90.0,1.81,13538648.0,1406.8137016574585,0.0543,0.0
Mali,MLI,2006,2555.0747,Africa,26.0,8.51,13990143.0,300.24379553466514,0.07375333333333334,-71.11111111111111
Mali,MLI,2007,2515.947,Africa,90.0,8.51,12687083.0,295.645945945946,0.2553,246.15384615384616
Mali,MLI,2008,2523.1997,Africa,90.0,8.51,12687083.0,296.4982021151587,0.2553,0.0
Mali,MLI,2009,2575.5454,Africa,90.0,8.51,12687083.0,302.6492831962397,0.2553,0.0
Mali,MLI,2010,2632.2646,Africa,31.0,2.14,15945201.0,1230.0301869158877,0.022113333333333332,-65.55555555555556
Mali,MLI,2011,2623.3462,Africa,31.0,8.51,16469054.0,308.2662984723854,0.08793666666666666,0.0
Mali,MLI,2012,2520.5293,Africa,90.0,8.51,12687083.0,296.18440658049354,0.2553,190.3225806451613
Mali,MLI,2013,2528.53,Africa,90.0,8.51,12687083.0,297.12455934195066,0.2553,0.0
Mali,MLI,2014,2609.1672,Africa,90.0,8.51,12687083.0,306.6001410105758,0.2553,0.0
Mali,MLI,2015,2686.5605,Africa,33.0,2.78,18593022.0,966.3886690647483,0.03058,-63.33333333333333
Mali,MLI,2016,2759.1106,Africa,90.0,8.51,12687083.0,324.21981198589896,0.2553,172.72727272727272
Mali,MLI,2017,2816.1943,Africa,90.0,8.51,12687083.0,330.92764982373683,0.2553,0.0
Mali,MLI,2018,2862.4072,Africa,35.0,8.51,20442031.0,336.3580728554642,0.09928333333333333,-61.111111111111114
Mali,MLI,2019,2916.1716,Africa,90.0,8.51,12687083.0,342.67586368977675,0.2553,157.14285714285717
Mali,MLI,2020,2796.4104,Africa,90.0,3.55,21713837.0,787.7212394366198,0.1065,0.0
Mali,MLI,2021,2796.228,Africa,90.0,8.51,12687083.0,328.5814336075206,0.2553,0.0
Mali,MLI,2022,2813.811,Africa,90.0,8.51,12687083.0,330.64759106933025,0.2553,0.0
Mali,MLI,2023,2860.4282,Africa,90.0,8.51,12687083.0,336.12552291421855,0.2553,0.0
Malta,MLT,1990,18207.428,Europe,90.0,9.19,367913.0,1981.2217627856367,0.27569999999999995,0.0
Malta,MLT,1991,18832.13,Europe,90.0,8.51,12687083.0,2212.94124559342,0.2553,0.0
Malta,MLT,1992,19513.186,Europe,90.0,8.51,12687083.0,2292.9713278495888,0.2553,0.0
Malta,MLT,1993,20184.914,Europe,90.0,8.51,12687083.0,2371.905287896592,0.2553,0.0
Malta,MLT,1994,21127.064,Europe,90.0,8.51,12687083.0,2482.616216216216,0.2553,0.0
Malta,MLT,1995,22310.963,Europe,88.0,10.06,384559.0,2217.7895626242544,0.2950933333333334,-2.2222222222222254
Malta,MLT,1996,23002.21,Europe,90.0,8.51,12687083.0,2702.9623971797882,0.2553,2.2727272727272707
Malta,MLT,1997,24028.895,Europe,90.0,8.51,12687083.0,2823.6069330199766,0.2553,0.0
Malta,MLT,1998,25096.875,Europe,90.0,8.51,12687083.0,2949.1039952996475,0.2553,0.0
Malta,MLT,1999,26126.09,Europe,90.0,8.51,12687083.0,3070.045828437133,0.2553,0.0
Malta,MLT,2000,31066.924,Europe,90.0,10.43,399905.0,2978.612080536913,0.3129,0.0
Malta,MLT,2001,30600.973,Europe,90.0,8.51,12687083.0,3595.8840188014105,0.2553,0.0
Malta,MLT,2002,31206.271,Europe,90.0,8.51,12687083.0,3667.0118683901296,0.2553,0.0
Malta,MLT,2003,32146.68,Europe,90.0,8.51,12687083.0,3777.5182138660402,0.2553,0.0
Malta,MLT,2004,32061.572,Europe,90.0,8.51,12687083.0,3767.517273795535,0.2553,0.0
Malta,MLT,2005,32775.75,Europe,92.0,10.6,413324.0,3092.051886792453,0.32506666666666667,2.2222222222222143
Malta,MLT,2006,33419.473,Europe,90.0,8.51,12687083.0,3927.082608695652,0.2553,-2.1739130434782594
Malta,MLT,2007,34980.402,Europe,90.0,8.51,12687083.0,4110.505522914219,0.2553,0.0
Malta,MLT,2008,36286.375,Europe,90.0,8.51,12687083.0,4263.968860164512,0.2553,0.0
Malta,MLT,2009,35511.355,Europe,90.0,8.51,12687083.0,4172.897179788484,0.2553,0.0
Malta,MLT,2010,37527.34,Europe,90.0,11.06,422654.0,3393.068716094032,0.33180000000000004,0.0
Malta,MLT,2011,37739.445,Europe,93.0,8.51,424635.0,4434.717391304348,0.26381000000000004,3.3333333333333437
Malta,MLT,2012,38935.7,Europe,90.0,8.51,12687083.0,4575.287896592245,0.2553,-3.2258064516129004
Malta,MLT,2013,40919.793,Europe,90.0,8.51,12687083.0,4808.436310223266,0.2553,0.0
Malta,MLT,2014,43161.543,Europe,90.0,8.51,12687083.0,5071.8616921269095,0.2553,0.0
Malta,MLT,2015,46170.17,Europe,90.0,11.53,444978.0,4004.3512575888985,0.3459,0.0
Malta,MLT,2016,46965.6,Europe,90.0,8.51,12687083.0,5518.8719153936545,0.2553,0.0
Malta,MLT,2017,51626.348,Europe,90.0,8.51,12687083.0,6066.550881316099,0.2553,0.0
Malta,MLT,2018,53417.016,Europe,90.0,8.51,12687083.0,6276.970152761458,0.2553,0.0
Malta,MLT,2019,53391.438,Europe,90.0,8.51,12687083.0,6273.964512338426,0.2553,0.0
Malta,MLT,2020,50387.82,Europe,90.0,12.09,518212.0,4167.727047146402,0.36269999999999997,0.0
Malta,MLT,2021,56852.32,Europe,90.0,8.51,12687083.0,6680.648648648649,0.2553,0.0
Malta,MLT,2022,56841.957,Europe,90.0,8.51,12687083.0,6679.430904817862,0.2553,0.0
Malta,MLT,2023,60418.395,Europe,90.0,8.51,12687083.0,7099.693889541715,0.2553,0.0
Marshall Islands,MHL,1990,3905.586,Oceania,90.0,8.51,12687083.0,458.9407755581669,0.2553,0.0
Marshall Islands,MHL,1991,3828.4636,Oceania,90.0,8.51,12687083.0,449.87821386603997,0.2553,0.0
Marshall Islands,MHL,1992,4029.3413,Oceania,90.0,8.51,12687083.0,473.4831139835488,0.2553,0.0
Marshall Islands,MHL,1993,4207.4097,Oceania,90.0,8.51,12687083.0,494.4077203290247,0.2553,0.0
Marshall Islands,MHL,1994,4396.9146,Oceania,90.0,8.51,12687083.0,516.6762162162163,0.2553,0.0
Marshall Islands,MHL,1995,4703.433,Oceania,90.0,8.51,12687083.0,552.6948296122209,0.2553,0.0
Marshall Islands,MHL,1996,4174.814,Oceania,90.0,8.51,12687083.0,490.57743830787314,0.2553,0.0
Marshall Islands,MHL,1997,3867.3428,Oceania,90.0,8.51,12687083.0,454.4468625146886,0.2553,0.0
Marshall Islands,MHL,1998,3805.887,Oceania,90.0,8.51,12687083.0,447.22526439482965,0.2553,0.0
Marshall Islands,MHL,1999,3718.811,Oceania,90.0,8.51,12687083.0,436.9930669800235,0.2553,0.0
Marshall Islands,MHL,2000,3772.2158,Oceania,90.0,8.51,12687083.0,443.2686016451234,0.2553,0.0
Marshall Islands,MHL,2001,4000.7305,Oceania,90.0,8.51,12687083.0,470.1210928319624,0.2553,0.0
Marshall Islands,MHL,2002,4121.84,Oceania,90.0,8.51,12687083.0,484.352526439483,0.2553,0.0
Marshall Islands,MHL,2003,4040.655,Oceania,90.0,8.51,12687083.0,474.81257344300826,0.2553,0.0
Marshall Islands,MHL,2004,4012.3445,Oceania,90.0,8.51,12687083.0,471.48584018801415,0.2553,0.0
Marshall Islands,MHL,2005,4075.1587,Oceania,90.0,8.51,12687083.0,478.86706227967096,0.2553,0.0
Marshall Islands,MHL,2006,4075.5764,Oceania,90.0,8.51,12687083.0,478.91614571092833,0.2553,0.0
Marshall Islands,MHL,2007,4222.413,Oceania,90.0,8.51,12687083.0,496.1707403055229,0.2553,0.0
Marshall Islands,MHL,2008,3903.3057,Oceania,90.0,8.51,12687083.0,458.67282021151584,0.2553,0.0
Marshall Islands,MHL,2009,4047.2268,Oceania,90.0,8.51,12687083.0,475.5848178613396,0.2553,0.0
Marshall Islands,MHL,2010,4269.3584,Oceania,90.0,8.51,12687083.0,501.6872385428907,0.2553,0.0
Marshall Islands,MHL,2011,4259.116,Oceania,98.0,8.51,51927.0,500.48366627497063,0.2779933333333333,8.888888888888879
Marshall Islands,MHL,2012,4244.0444,Oceania,90.0,8.51,12687083.0,498.7126204465335,0.2553,-8.163265306122447
Marshall Islands,MHL,2013,4469.8535,Oceania,90.0,8.51,12687083.0,525.2471797884841,0.2553,0.0
Marshall Islands,MHL,2014,4491.9917,Oceania,90.0,8.51,12687083.0,527.8486133960047,0.2553,0.0
Marshall Islands,MHL,2015,4670.1094,Oceania,90.0,8.51,12687083.0,548.7790129259695,0.2553,0.0
Marshall Islands,MHL,2016,4896.522,Oceania,90.0,8.51,12687083.0,575.3844888366627,0.2553,0.0
Marshall Islands,MHL,2017,5199.344,Oceania,90.0,8.51,12687083.0,610.9687426556992,0.2553,0.0
Marshall Islands,MHL,2018,5635.3076,Oceania,90.0,8.51,12687083.0,662.1983078730905,0.2553,0.0
Marshall Islands,MHL,2019,6405.0757,Oceania,90.0,8.51,12687083.0,752.6528437132786,0.2553,0.0
Marshall Islands,MHL,2020,6417.1846,Oceania,90.0,8.51,12687083.0,754.0757461809635,0.2553,0.0
Marshall Islands,MHL,2021,6767.958,Oceania,90.0,8.51,12687083.0,795.2947121034077,0.2553,0.0
Marshall Islands,MHL,2022,6936.865,Oceania,90.0,8.51,12687083.0,815.1427732079906,0.2553,0.0
Marshall Islands,MHL,2023,6801.6147,Oceania,90.0,8.51,12687083.0,799.2496709753232,0.2553,0.0
Mauritania,MRT,1990,5519.6104,Africa,90.0,8.51,12687083.0,648.6028672150411,0.2553,0.0
Mauritania,MRT,1991,5456.5557,Africa,90.0,8.51,12687083.0,641.1933842538191,0.2553,0.0
Mauritania,MRT,1992,5350.118,Africa,90.0,8.51,12687083.0,628.6860164512339,0.2553,0.0
Mauritania,MRT,1993,5439.8223,Africa,90.0,8.51,12687083.0,639.2270622796709,0.2553,0.0
Mauritania,MRT,1994,5097.2085,Africa,90.0,8.51,12687083.0,598.9669212690951,0.2553,0.0
Mauritania,MRT,1995,5446.2695,Africa,90.0,8.51,12687083.0,639.9846650998826,0.2553,0.0
Mauritania,MRT,1996,5650.3413,Africa,90.0,8.51,12687083.0,663.9649001175088,0.2553,0.0
Mauritania,MRT,1997,5302.3667,Africa,90.0,8.51,12687083.0,623.0748178613395,0.2553,0.0
Mauritania,MRT,1998,5310.158,Africa,90.0,8.51,12687083.0,623.9903642773209,0.2553,0.0
Mauritania,MRT,1999,5359.989,Africa,90.0,8.51,12687083.0,629.8459459459459,0.2553,0.0
Mauritania,MRT,2000,5008.608,Africa,51.0,8.51,2613450.0,588.5555816686252,0.14467000000000002,-43.333333333333336
Mauritania,MRT,2001,4847.4106,Africa,90.0,8.51,12687083.0,569.6134665099883,0.2553,76.47058823529412
Mauritania,MRT,2002,4806.8984,Africa,90.0,8.51,12687083.0,564.8529259694477,0.2553,0.0
Mauritania,MRT,2003,5023.6523,Africa,90.0,8.51,12687083.0,590.323419506463,0.2553,0.0
Mauritania,MRT,2004,5139.2256,Africa,90.0,8.51,12687083.0,603.9043008225617,0.2553,0.0
Mauritania,MRT,2005,5445.8296,Africa,90.0,8.51,12687083.0,639.932972972973,0.2553,0.0
Mauritania,MRT,2006,6284.702,Africa,90.0,8.51,12687083.0,738.5078730904818,0.2553,0.0
Mauritania,MRT,2007,6002.7783,Africa,90.0,8.51,12687083.0,705.3793537015276,0.2553,0.0
Mauritania,MRT,2008,5813.356,Africa,90.0,8.51,12687083.0,683.1205640423032,0.2553,0.0
Mauritania,MRT,2009,5639.7876,Africa,90.0,8.51,12687083.0,662.7247473560517,0.2553,0.0
Mauritania,MRT,2010,5605.7637,Africa,90.0,8.51,12687083.0,658.7266392479437,0.2553,0.0
Mauritania,MRT,2011,5653.2173,Africa,90.0,8.51,12687083.0,664.3028554641598,0.2553,0.0
Mauritania,MRT,2012,5716.252,Africa,90.0,8.51,12687083.0,671.7099882491187,0.2553,0.0
Mauritania,MRT,2013,5769.7285,Africa,62.0,8.51,3734324.0,677.9939482961222,0.17587333333333333,-31.11111111111111
Mauritania,MRT,2014,5837.852,Africa,90.0,8.51,12687083.0,685.9990599294947,0.2553,45.16129032258065
Mauritania,MRT,2015,5969.5425,Africa,65.11202,5.1,3965959.0,1170.4985294117646,0.11069043399999999,-27.653311111111112
Mauritania,MRT,2016,5866.2812,Africa,90.0,8.51,12687083.0,689.3397414806111,0.2553,38.22332650714875
Mauritania,MRT,2017,6050.6216,Africa,90.0,8.51,12687083.0,711.0013631022327,0.2553,0.0
Mauritania,MRT,2018,6153.6377,Africa,90.0,8.51,12687083.0,723.1066627497063,0.2553,0.0
Mauritania,MRT,2019,6162.2104,Africa,90.0,8.51,12687083.0,724.1140305522914,0.2553,0.0
Mauritania,MRT,2020,5963.2354,Africa,59.52966,5.55,4600136.0,1074.4568288288287,0.11012987099999999,-33.85593333333333
Mauritania,MRT,2021,5836.566,Africa,90.0,8.51,12687083.0,685.8479435957697,0.2553,51.18514031492873
Mauritania,MRT,2022,6053.2617,Africa,90.0,8.51,12687083.0,711.311598119859,0.2553,0.0
Mauritania,MRT,2023,6276.475,Africa,90.0,8.51,12687083.0,737.5411280846064,0.2553,0.0
Mauritius,MUS,1990,9058.666,Africa,80.0,6.85,1089033.0,1322.43299270073,0.18266666666666667,-11.111111111111116
Mauritius,MUS,1991,9358.886,Africa,90.0,8.51,12687083.0,1099.7515863689778,0.2553,12.5
Mauritius,MUS,1992,9838.103,Africa,90.0,8.51,12687083.0,1156.0638072855463,0.2553,0.0
Mauritius,MUS,1993,10216.242,Africa,90.0,8.51,12687083.0,1200.498472385429,0.2553,0.0
Mauritius,MUS,1994,10490.889,Africa,90.0,8.51,12687083.0,1232.7719153936544,0.2553,0.0
Mauritius,MUS,1995,10847.03,Africa,90.0,7.07,1159824.0,1534.2333804809052,0.2121,0.0
Mauritius,MUS,1996,11336.6045,Africa,90.0,8.51,12687083.0,1332.1509400705052,0.2553,0.0
Mauritius,MUS,1997,11832.288,Africa,90.0,8.51,12687083.0,1390.3981198589895,0.2553,0.0
Mauritius,MUS,1998,12419.468,Africa,90.0,8.51,12687083.0,1459.396944770858,0.2553,0.0
Mauritius,MUS,1999,12582.752,Africa,90.0,8.51,12687083.0,1478.5842538190366,0.2553,0.0
Mauritius,MUS,2000,13481.754,Africa,84.0,7.07,1216632.0,1906.8958981612448,0.19796,-6.666666666666665
Mauritius,MUS,2001,13823.417,Africa,90.0,8.51,12687083.0,1624.3733254994124,0.2553,7.14285714285714
Mauritius,MUS,2002,13949.475,Africa,90.0,8.51,12687083.0,1639.1862514688603,0.2553,0.0
Mauritius,MUS,2003,14669.5,Africa,90.0,8.51,12687083.0,1723.7955346651,0.2553,0.0
Mauritius,MUS,2004,15209.017,Africa,90.0,8.51,12687083.0,1787.1935370152762,0.2553,0.0
Mauritius,MUS,2005,15387.98,Africa,90.0,8.16,1257215.0,1885.781862745098,0.24480000000000002,0.0
Mauritius,MUS,2006,16061.603,Africa,90.0,8.51,12687083.0,1887.3799059929495,0.2553,0.0
Mauritius,MUS,2007,16904.275,Africa,90.0,8.51,12687083.0,1986.401292596945,0.2553,0.0
Mauritius,MUS,2008,17750.594,Africa,90.0,8.51,12687083.0,2085.8512338425385,0.2553,0.0
Mauritius,MUS,2009,18290.406,Africa,90.0,8.51,12687083.0,2149.283901292597,0.2553,0.0
Mauritius,MUS,2010,19045.654,Africa,90.0,9.44,1282710.0,2017.5480932203388,0.2832,0.0
Mauritius,MUS,2011,19790.53,Africa,89.0,8.51,1286270.0,2325.5616921269093,0.2524633333333334,-1.1111111111111072
Mauritius,MUS,2012,20425.707,Africa,92.0,8.51,1289174.0,2400.200587544066,0.26097333333333333,3.370786516853941
Mauritius,MUS,2013,21061.03,Africa,91.0,8.51,1290988.0,2474.8566392479433,0.2581366666666667,-1.0869565217391353
Mauritius,MUS,2014,21827.48,Africa,92.0,8.51,1292006.0,2564.921269095182,0.26097333333333333,1.098901098901095
Mauritius,MUS,2015,22603.088,Africa,93.0,9.9,1292283.0,2283.1402020202017,0.3069,1.0869565217391353
Mauritius,MUS,2016,23460.002,Africa,93.0,8.51,1291807.0,2756.756991774383,0.26381000000000004,0.0
Mauritius,MUS,2017,24361.875,Africa,90.0,8.51,12687083.0,2862.735017626322,0.2553,-3.2258064516129004
Mauritius,MUS,2018,25324.178,Africa,90.0,8.51,12687083.0,2975.8141010575796,0.2553,0.0
Mauritius,MUS,2019,26047.975,Africa,90.0,8.51,12687083.0,3060.8666274970624,0.2553,0.0
Mauritius,MUS,2020,22258.387,Africa,90.0,10.4,1283231.0,2140.2295192307693,0.312,0.0
Mauritius,MUS,2021,23010.201,Africa,90.0,8.51,12687083.0,2703.9014101057583,0.2553,0.0
Mauritius,MUS,2022,25085.988,Africa,90.0,8.51,12687083.0,2947.824676850764,0.2553,0.0
Mauritius,MUS,2023,26635.012,Africa,90.0,8.51,12687083.0,3129.8486486486486,0.2553,0.0
Mexico,MEX,1990,17169.592,North America,88.0,6.68,82820170.0,2570.2982035928144,0.19594666666666666,-2.2222222222222254
Mexico,MEX,1991,17511.73,North America,90.0,8.51,12687083.0,2057.782608695652,0.2553,2.2727272727272707
Mexico,MEX,1992,17796.406,North America,90.0,8.51,12687083.0,2091.2345475910693,0.2553,0.0
Mexico,MEX,1993,17970.588,North America,90.0,8.51,12687083.0,2111.7024676850765,0.2553,0.0
Mexico,MEX,1994,18422.82,North America,90.0,8.51,12687083.0,2164.843713278496,0.2553,0.0
Mexico,MEX,1995,17028.121,North America,90.0,7.37,90862449.0,2310.4641791044774,0.22110000000000002,0.0
Mexico,MEX,1996,17775.873,North America,90.0,8.51,12687083.0,2088.8217391304347,0.2553,0.0
Mexico,MEX,1997,18737.643,North America,90.0,8.51,12687083.0,2201.8381903642776,0.2553,0.0
Mexico,MEX,1998,19573.066,North America,90.0,8.51,12687083.0,2300.0077555816683,0.2553,0.0
Mexico,MEX,1999,19793.285,North America,90.0,8.51,12687083.0,2325.8854289071683,0.2553,0.0
Mexico,MEX,2000,20470.494,North America,91.0,7.96,98625553.0,2571.6701005025125,0.24145333333333333,1.1111111111111072
Mexico,MEX,2001,20078.219,North America,90.0,8.51,12687083.0,2359.367685076381,0.2553,-1.098901098901095
Mexico,MEX,2002,19744.793,North America,90.0,8.51,101548627.0,2320.187191539366,0.2553,0.0
Mexico,MEX,2003,19701.463,North America,90.0,8.51,12687083.0,2315.0955346651,0.2553,0.0
Mexico,MEX,2004,20127.225,North America,91.0,8.51,104394131.0,2365.126321974148,0.2581366666666667,1.1111111111111072
Mexico,MEX,2005,20277.256,North America,92.0,8.9,105811504.0,2278.343370786517,0.27293333333333336,1.098901098901095
Mexico,MEX,2006,20965.826,North America,92.0,8.51,107253666.0,2463.669330199765,0.26097333333333333,0.0
Mexico,MEX,2007,21102.27,North America,93.0,8.51,108774356.0,2479.702702702703,0.26381000000000004,1.0869565217391353
Mexico,MEX,2008,20992.56,North America,93.0,8.51,110374286.0,2466.810810810811,0.26381000000000004,0.0
Mexico,MEX,2009,19385.543,North America,93.0,8.51,111999720.0,2277.9721504112813,0.26381000000000004,0.0
Mexico,MEX,2010,20058.385,North America,93.0,9.18,113623898.0,2185.009259259259,0.28458,0.0
Mexico,MEX,2011,20457.6,North America,94.0,8.51,115243503.0,2403.948296122209,0.26664666666666664,1.0752688172043001
Mexico,MEX,2012,20898.936,North America,94.0,8.51,116818208.0,2455.8091656874267,0.26664666666666664,0.0
Mexico,MEX,2013,20805.348,North America,94.0,8.51,118343572.0,2444.8117508813166,0.26664666666666664,0.0
Mexico,MEX,2014,21069.766,North America,95.0,8.51,119784265.0,2475.883196239718,0.26948333333333335,1.0638297872340496
Mexico,MEX,2015,21408.928,North America,94.0,9.65,121072310.0,2218.541761658031,0.3023666666666666,-1.0526315789473717
Mexico,MEX,2016,21578.264,North America,95.0,8.51,122251344.0,2535.6361927144535,0.26948333333333335,1.0638297872340496
Mexico,MEX,2017,21777.523,North America,95.0,8.51,123400052.0,2559.050881316099,0.26948333333333335,0.0
Mexico,MEX,2018,21997.773,North America,95.0,8.51,124573713.0,2584.9321974148065,0.26948333333333335,0.0
Mexico,MEX,2019,21704.186,North America,90.0,8.51,12687083.0,2550.433137485312,0.2553,-5.263157894736848
Mexico,MEX,2020,19728.482,North America,95.0,10.18,126799053.0,1937.964833005894,0.32236666666666663,5.555555555555558
Mexico,MEX,2021,20782.588,North America,90.0,8.51,12687083.0,2442.137250293772,0.2553,-5.263157894736848
Mexico,MEX,2022,21391.857,North America,90.0,8.51,12687083.0,2513.7317273795534,0.2553,0.0
Mexico,MEX,2023,21917.248,North America,90.0,8.51,12687083.0,2575.469800235018,0.2553,0.0
Micronesia (Country),FSM,1990,3112.4648,Oceania,90.0,8.51,12687083.0,365.742044653349,0.2553,0.0
Micronesia (Country),FSM,1991,3282.9182,Oceania,90.0,8.51,12687083.0,385.771821386604,0.2553,0.0
Micronesia (Country),FSM,1992,3347.6455,Oceania,90.0,8.51,12687083.0,393.3778495887192,0.2553,0.0
Micronesia (Country),FSM,1993,3543.7498,Oceania,90.0,8.51,12687083.0,416.42183313748535,0.2553,0.0
Micronesia (Country),FSM,1994,3459.8857,Oceania,90.0,8.51,12687083.0,406.56706227967095,0.2553,0.0
Micronesia (Country),FSM,1995,3663.7825,Oceania,90.0,8.51,12687083.0,430.5267332549941,0.2553,0.0
Micronesia (Country),FSM,1996,3526.0925,Oceania,90.0,8.51,12687083.0,414.3469447708579,0.2553,0.0
Micronesia (Country),FSM,1997,3296.3357,Oceania,90.0,8.51,12687083.0,387.3484958871916,0.2553,0.0
Micronesia (Country),FSM,1998,3380.5332,Oceania,90.0,8.51,12687083.0,397.24244418331375,0.2553,0.0
Micronesia (Country),FSM,1999,3409.417,Oceania,90.0,8.51,12687083.0,400.63654524089304,0.2553,0.0
Micronesia (Country),FSM,2000,3555.4995,Oceania,90.0,8.51,12687083.0,417.80252643948296,0.2553,0.0
Micronesia (Country),FSM,2001,3609.8726,Oceania,90.0,8.51,12687083.0,424.19184488836663,0.2553,0.0
Micronesia (Country),FSM,2002,3623.1963,Oceania,90.0,8.51,12687083.0,425.7574970622797,0.2553,0.0
Micronesia (Country),FSM,2003,3692.4172,Oceania,90.0,8.51,12687083.0,433.89156286721504,0.2553,0.0
Micronesia (Country),FSM,2004,3586.1125,Oceania,90.0,8.51,12687083.0,421.39982373678026,0.2553,0.0
Micronesia (Country),FSM,2005,3685.9944,Oceania,90.0,8.51,12687083.0,433.1368272620447,0.2553,0.0
Micronesia (Country),FSM,2006,3701.3508,Oceania,90.0,8.51,12687083.0,434.9413396004701,0.2553,0.0
Micronesia (Country),FSM,2007,3665.6575,Oceania,90.0,8.51,12687083.0,430.74706227967096,0.2553,0.0
Micronesia (Country),FSM,2008,3601.9004,Oceania,90.0,8.51,12687083.0,423.2550411280846,0.2553,0.0
Micronesia (Country),FSM,2009,3674.4883,Oceania,90.0,8.51,12687083.0,431.78475910693305,0.2553,0.0
Micronesia (Country),FSM,2010,3764.953,Oceania,90.0,8.51,12687083.0,442.4151586368978,0.2553,0.0
Micronesia (Country),FSM,2011,3901.6758,Oceania,90.0,8.51,12687083.0,458.4812925969448,0.2553,0.0
Micronesia (Country),FSM,2012,3828.747,Oceania,90.0,8.51,12687083.0,449.9115158636898,0.2553,0.0
Micronesia (Country),FSM,2013,3680.1064,Oceania,90.0,8.51,12687083.0,432.4449353701528,0.2553,0.0
Micronesia (Country),FSM,2014,3575.8508,Oceania,90.0,8.51,12687083.0,420.1939835487662,0.2553,0.0
Micronesia (Country),FSM,2015,3723.399,Oceania,90.0,8.51,12687083.0,437.5321974148061,0.2553,0.0
Micronesia (Country),FSM,2016,3746.1301,Oceania,90.0,8.51,12687083.0,440.2033019976498,0.2553,0.0
Micronesia (Country),FSM,2017,3813.4421,Oceania,90.0,8.51,12687083.0,448.1130552291422,0.2553,0.0
Micronesia (Country),FSM,2018,3798.592,Oceania,90.0,8.51,12687083.0,446.3680376028202,0.2553,0.0
Micronesia (Country),FSM,2019,3940.2644,Oceania,90.0,8.51,12687083.0,463.01579318448887,0.2553,0.0
Micronesia (Country),FSM,2020,3852.2002,Oceania,90.0,8.51,12687083.0,452.66747356051707,0.2553,0.0
Micronesia (Country),FSM,2021,3946.416,Oceania,90.0,8.51,12687083.0,463.73866039953,0.2553,0.0
Micronesia (Country),FSM,2022,3814.9907,Oceania,90.0,8.51,12687083.0,448.29502937720326,0.2553,0.0
Micronesia (Country),FSM,2023,3814.7202,Oceania,90.0,8.51,12687083.0,448.26324324324327,0.2553,0.0
"Middle East, North Africa, Afghanistan And Pakistan (Wb)",WB_MENAP,1990,9205.145,Africa,90.0,8.51,12687083.0,1081.6856639247944,0.2553,0.0
"Middle East, North Africa, Afghanistan And Pakistan (Wb)",WB_MENAP,1991,9095.262,Africa,90.0,8.51,12687083.0,1068.7734430082257,0.2553,0.0
"Middle East, North Africa, Afghanistan And Pakistan (Wb)",WB_MENAP,1992,9368.716,Africa,90.0,8.51,12687083.0,1100.9066980023501,0.2553,0.0
"Middle East, North Africa, Afghanistan And Pakistan (Wb)",WB_MENAP,1993,9318.904,Africa,90.0,8.51,12687083.0,1095.053349001175,0.2553,0.0
"Middle East, North Africa, Afghanistan And Pakistan (Wb)",WB_MENAP,1994,9316.932,Africa,90.0,8.51,12687083.0,1094.8216216216217,0.2553,0.0
"Middle East, North Africa, Afghanistan And Pakistan (Wb)",WB_MENAP,1995,9366.083,Africa,90.0,8.51,12687083.0,1100.5972972972975,0.2553,0.0
"Middle East, North Africa, Afghanistan And Pakistan (Wb)",WB_MENAP,1996,9618.568,Africa,90.0,8.51,12687083.0,1130.266509988249,0.2553,0.0
"Middle East, North Africa, Afghanistan And Pakistan (Wb)",WB_MENAP,1997,9752.916,Africa,90.0,8.51,12687083.0,1146.0535840188013,0.2553,0.0
"Middle East, North Africa, Afghanistan And Pakistan (Wb)",WB_MENAP,1998,9957.327,Africa,90.0,8.51,12687083.0,1170.073678025852,0.2553,0.0
"Middle East, North Africa, Afghanistan And Pakistan (Wb)",WB_MENAP,1999,10015.553,Africa,90.0,8.51,12687083.0,1176.9157461809637,0.2553,0.0
"Middle East, North Africa, Afghanistan And Pakistan (Wb)",WB_MENAP,2000,10377.118,Africa,90.0,8.51,12687083.0,1219.402820211516,0.2553,0.0
"Middle East, North Africa, Afghanistan And Pakistan (Wb)",WB_MENAP,2001,10360.04,Africa,90.0,8.51,12687083.0,1217.3960047003527,0.2553,0.0
"Middle East, North Africa, Afghanistan And Pakistan (Wb)",WB_MENAP,2002,10367.434,Africa,90.0,8.51,12687083.0,1218.2648648648649,0.2553,0.0
"Middle East, North Africa, Afghanistan And Pakistan (Wb)",WB_MENAP,2003,10569.36,Africa,90.0,8.51,12687083.0,1241.9929494712105,0.2553,0.0
"Middle East, North Africa, Afghanistan And Pakistan (Wb)",WB_MENAP,2004,11141.106,Africa,90.0,8.51,12687083.0,1309.178143360752,0.2553,0.0
"Middle East, North Africa, Afghanistan And Pakistan (Wb)",WB_MENAP,2005,11442.411,Africa,90.0,8.51,12687083.0,1344.5841363102234,0.2553,0.0
"Middle East, North Africa, Afghanistan And Pakistan (Wb)",WB_MENAP,2006,11811.969,Africa,90.0,8.51,12687083.0,1388.0104582843712,0.2553,0.0
"Middle East, North Africa, Afghanistan And Pakistan (Wb)",WB_MENAP,2007,12144.084,Africa,90.0,8.51,12687083.0,1427.0368977673327,0.2553,0.0
"Middle East, North Africa, Afghanistan And Pakistan (Wb)",WB_MENAP,2008,12379.392,Africa,90.0,8.51,12687083.0,1454.687661574618,0.2553,0.0
"Middle East, North Africa, Afghanistan And Pakistan (Wb)",WB_MENAP,2009,12295.783,Africa,90.0,8.51,12687083.0,1444.8628672150412,0.2553,0.0
"Middle East, North Africa, Afghanistan And Pakistan (Wb)",WB_MENAP,2010,12616.922,Africa,90.0,8.51,12687083.0,1482.5995299647475,0.2553,0.0
"Middle East, North Africa, Afghanistan And Pakistan (Wb)",WB_MENAP,2011,12850.983,Africa,90.0,8.51,12687083.0,1510.1037602820213,0.2553,0.0
"Middle East, North Africa, Afghanistan And Pakistan (Wb)",WB_MENAP,2012,12973.573,Africa,90.0,8.51,12687083.0,1524.5091656874267,0.2553,0.0
"Middle East, North Africa, Afghanistan And Pakistan (Wb)",WB_MENAP,2013,12954.756,Africa,90.0,8.51,12687083.0,1522.2980023501761,0.2553,0.0
"Middle East, North Africa, Afghanistan And Pakistan (Wb)",WB_MENAP,2014,13111.288,Africa,90.0,8.51,12687083.0,1540.691891891892,0.2553,0.0
"Middle East, North Africa, Afghanistan And Pakistan (Wb)",WB_MENAP,2015,13259.931,Africa,90.0,8.51,12687083.0,1558.1587544065806,0.2553,0.0
"Middle East, North Africa, Afghanistan And Pakistan (Wb)",WB_MENAP,2016,13645.836,Africa,90.0,8.51,12687083.0,1603.5059929494712,0.2553,0.0
"Middle East, North Africa, Afghanistan And Pakistan (Wb)",WB_MENAP,2017,13723.836,Africa,90.0,8.51,12687083.0,1612.6716803760282,0.2553,0.0
"Middle East, North Africa, Afghanistan And Pakistan (Wb)",WB_MENAP,2018,13842.64,Africa,90.0,8.51,12687083.0,1626.6321974148061,0.2553,0.0
"Middle East, North Africa, Afghanistan And Pakistan (Wb)",WB_MENAP,2019,13860.935,Africa,90.0,8.51,12687083.0,1628.7820211515864,0.2553,0.0
"Middle East, North Africa, Afghanistan And Pakistan (Wb)",WB_MENAP,2020,13244.126,Africa,90.0,8.51,12687083.0,1556.3015276145711,0.2553,0.0
"Middle East, North Africa, Afghanistan And Pakistan (Wb)",WB_MENAP,2021,13650.496,Africa,90.0,8.51,12687083.0,1604.0535840188013,0.2553,0.0
"Middle East, North Africa, Afghanistan And Pakistan (Wb)",WB_MENAP,2022,14243.885,Africa,90.0,8.51,12687083.0,1673.7820211515864,0.2553,0.0
"Middle East, North Africa, Afghanistan And Pakistan (Wb)",WB_MENAP,2023,14296.296,Africa,90.0,8.51,12687083.0,1679.940775558167,0.2553,0.0
Moldova,MDA,1990,15902.895,Europe,90.0,8.51,12687083.0,1868.7303172737957,0.2553,0.0
Moldova,MDA,1991,13342.06,Europe,90.0,8.51,12687083.0,1567.809635722679,0.2553,0.0
Moldova,MDA,1992,9461.428,Europe,90.0,8.51,12687083.0,1111.8011750881317,0.2553,0.0
Moldova,MDA,1993,9363.593,Europe,90.0,8.51,12687083.0,1100.3047003525267,0.2553,0.0
Moldova,MDA,1994,6490.353,Europe,90.0,8.51,12687083.0,762.6736780258519,0.2553,0.0
Moldova,MDA,1995,6428.84,Europe,90.0,8.51,12687083.0,755.4453584018802,0.2553,0.0
Moldova,MDA,1996,6063.1406,Europe,90.0,8.51,12687083.0,712.4724559341951,0.2553,0.0
Moldova,MDA,1997,6185.8394,Europe,90.0,8.51,12687083.0,726.8906462984723,0.2553,0.0
Moldova,MDA,1998,5783.486,Europe,90.0,8.51,12687083.0,679.6105757931845,0.2553,0.0
Moldova,MDA,1999,5597.4653,Europe,90.0,8.51,12687083.0,657.7515041128084,0.2553,0.0
Moldova,MDA,2000,5727.079,Europe,97.0,8.51,4234969.0,672.9822561692126,0.27515666666666666,7.777777777777772
Moldova,MDA,2001,6090.0347,Europe,90.0,8.51,12687083.0,715.632749706228,0.2553,-7.216494845360821
Moldova,MDA,2002,6580.2783,Europe,90.0,8.51,12687083.0,773.2406933019977,0.2553,0.0
Moldova,MDA,2003,7034.358,Europe,90.0,8.51,12687083.0,826.5990599294947,0.2553,0.0
Moldova,MDA,2004,7573.6177,Europe,90.0,8.51,12687083.0,889.9668272620446,0.2553,0.0
Moldova,MDA,2005,8161.4736,Europe,90.0,8.51,12687083.0,959.0450763807286,0.2553,0.0
Moldova,MDA,2006,8577.028,Europe,90.0,8.51,12687083.0,1007.8763807285548,0.2553,0.0
Moldova,MDA,2007,8854.834,Europe,90.0,8.51,12687083.0,1040.521034077556,0.2553,0.0
Moldova,MDA,2008,9563.698,Europe,90.0,8.51,12687083.0,1123.8188014101058,0.2553,0.0
Moldova,MDA,2009,9001.234,Europe,90.0,8.51,12687083.0,1057.7243243243245,0.2553,0.0
Moldova,MDA,2010,9649.951,Europe,90.0,8.51,12687083.0,1133.9542890716803,0.2553,0.0
Moldova,MDA,2011,10217.309,Europe,90.0,8.51,12687083.0,1200.6238542890717,0.2553,0.0
Moldova,MDA,2012,10158.386,Europe,90.0,8.51,12687083.0,1193.6998824911868,0.2553,0.0
Moldova,MDA,2013,11080.063,Europe,90.0,8.51,12687083.0,1302.005052878966,0.2553,0.0
Moldova,MDA,2014,11641.121,Europe,99.0,8.51,3342715.0,1367.9343125734429,0.28083,10.000000000000009
Moldova,MDA,2015,11691.08,Europe,90.0,10.8,3287168.0,1082.5074074074073,0.32400000000000007,-9.090909090909093
Moldova,MDA,2016,12377.366,Europe,90.0,8.51,12687083.0,1454.449588719154,0.2553,0.0
Moldova,MDA,2017,13118.822,Europe,90.0,8.51,12687083.0,1541.5772032902469,0.2553,0.0
Moldova,MDA,2018,13895.504,Europe,90.0,8.51,12687083.0,1632.8441833137488,0.2553,0.0
Moldova,MDA,2019,14621.24,Europe,90.0,8.51,12687083.0,1718.1245593419508,0.2553,0.0
Moldova,MDA,2020,13559.26,Europe,90.0,10.84,3069135.0,1250.8542435424354,0.3252,0.0
Moldova,MDA,2021,15682.07,Europe,90.0,8.51,12687083.0,1842.7814336075205,0.2553,0.0
Moldova,MDA,2022,15358.016,Europe,90.0,8.51,12687083.0,1804.70223266745,0.2553,0.0
Moldova,MDA,2023,15990.4795,Europe,90.0,8.51,12687083.0,1879.022267920094,0.2553,0.0
Mongolia,MNG,1990,6637.8193,Asia,90.0,8.51,12687083.0,780.002267920094,0.2553,0.0
Mongolia,MNG,1991,5874.2554,Asia,90.0,8.51,12687083.0,690.2767802585194,0.2553,0.0
Mongolia,MNG,1992,5324.488,Asia,90.0,8.51,12687083.0,625.6742655699178,0.2553,0.0
Mongolia,MNG,1993,5162.1,Asia,90.0,8.51,12687083.0,606.5922444183315,0.2553,0.0
Mongolia,MNG,1994,5213.846,Asia,90.0,8.51,12687083.0,612.6728554641597,0.2553,0.0
Mongolia,MNG,1995,5457.685,Asia,90.0,8.51,12687083.0,641.3260869565217,0.2553,0.0
Mongolia,MNG,1996,5494.3213,Asia,90.0,8.51,12687083.0,645.6311750881316,0.2553,0.0
Mongolia,MNG,1997,5628.1064,Asia,90.0,8.51,12687083.0,661.3521034077555,0.2553,0.0
Mongolia,MNG,1998,5735.8438,Asia,90.0,8.51,12687083.0,674.0121974148061,0.2553,0.0
Mongolia,MNG,1999,5829.1665,Asia,90.0,8.51,12687083.0,684.978437132785,0.2553,0.0
Mongolia,MNG,2000,5818.243,Asia,98.0,8.51,2455182.0,683.6948296122209,0.2779933333333333,8.888888888888879
Mongolia,MNG,2001,5917.071,Asia,90.0,8.51,12687083.0,695.307990599295,0.2553,-8.163265306122447
Mongolia,MNG,2002,6117.9824,Asia,90.0,8.51,12687083.0,718.9168507638072,0.2553,0.0
Mongolia,MNG,2003,6463.7896,Asia,90.0,8.51,12687083.0,759.5522444183314,0.2553,0.0
Mongolia,MNG,2004,7070.667,Asia,90.0,8.51,12687083.0,830.8656874265571,0.2553,0.0
Mongolia,MNG,2005,7499.848,Asia,90.0,8.51,12687083.0,881.2982373678026,0.2553,0.0
Mongolia,MNG,2006,8043.9966,Asia,90.0,8.51,12687083.0,945.2404935370154,0.2553,0.0
Mongolia,MNG,2007,8750.134,Asia,90.0,8.51,12687083.0,1028.2178613396004,0.2553,0.0
Mongolia,MNG,2008,9379.8545,Asia,90.0,8.51,12687083.0,1102.2155699177438,0.2553,0.0
Mongolia,MNG,2009,9095.977,Asia,90.0,8.51,12687083.0,1068.8574618096359,0.2553,0.0
Mongolia,MNG,2010,9507.119,Asia,98.0,8.51,2701739.0,1117.1702702702703,0.2779933333333333,8.888888888888879
Mongolia,MNG,2011,10960.096,Asia,90.0,8.51,12687083.0,1287.9078730904819,0.2553,-8.163265306122447
Mongolia,MNG,2012,12078.919,Asia,90.0,8.51,12687083.0,1419.3794359576968,0.2553,0.0
Mongolia,MNG,2013,13210.095,Asia,90.0,8.51,12687083.0,1552.3025851938894,0.2553,0.0
Mongolia,MNG,2014,13943.428,Asia,90.0,8.51,12687083.0,1638.4756756756758,0.2553,0.0
Mongolia,MNG,2015,13974.597,Asia,90.0,9.77,2976528.0,1430.3579324462642,0.2931,0.0
Mongolia,MNG,2016,13898.1455,Asia,90.0,8.51,12687083.0,1633.1545828437133,0.2553,0.0
Mongolia,MNG,2017,14401.537,Asia,90.0,8.51,12687083.0,1692.3075205640423,0.2553,0.0
Mongolia,MNG,2018,15230.241,Asia,96.89635,8.51,3167714.0,1789.687544065805,0.27486264616666667,7.662611111111106
Mongolia,MNG,2019,15790.696,Asia,90.0,8.51,12687083.0,1855.545945945946,0.2553,-7.117244354405505
Mongolia,MNG,2020,14801.342,Asia,99.0,10.0,3290786.0,1480.1342,0.32999999999999996,10.000000000000009
Mongolia,MNG,2021,14792.251,Asia,90.0,8.51,12687083.0,1738.2198589894242,0.2553,-9.090909090909093
Mongolia,MNG,2022,15310.435,Asia,98.72622,8.51,3386015.0,1799.1110458284372,0.2800533774,9.695799999999988
Mongolia,MNG,2023,16222.864,Asia,90.0,8.51,12687083.0,1906.3294947121035,0.2553,-8.838806955234379
Montenegro,MNE,1997,14638.797,Europe,90.0,8.51,12687083.0,1720.1876615746182,0.2553,0.0
Montenegro,MNE,1998,15403.052,Europe,90.0,8.51,12687083.0,1809.9943595769682,0.2553,0.0
Montenegro,MNE,1999,13993.415,Europe,90.0,8.51,12687083.0,1644.349588719154,0.2553,0.0
Montenegro,MNE,2000,14452.276,Europe,90.0,8.51,12687083.0,1698.2698002350176,0.2553,0.0
Montenegro,MNE,2001,14552.556,Europe,90.0,8.51,12687083.0,1710.0535840188015,0.2553,0.0
Montenegro,MNE,2002,14770.316,Europe,90.0,8.51,12687083.0,1735.6423031727381,0.2553,0.0
Montenegro,MNE,2003,15076.714,Europe,98.0,8.51,633563.0,1771.6467685076382,0.2779933333333333,8.888888888888879
Montenegro,MNE,2004,15716.141,Europe,90.0,8.51,12687083.0,1846.7850763807285,0.2553,-8.163265306122447
Montenegro,MNE,2005,16348.968,Europe,90.0,8.51,12687083.0,1921.1478260869567,0.2553,0.0
Montenegro,MNE,2006,17727.44,Europe,90.0,8.51,12687083.0,2083.1304347826085,0.2553,0.0
Montenegro,MNE,2007,18966.531,Europe,90.0,8.51,12687083.0,2228.7345475910693,0.2553,0.0
Montenegro,MNE,2008,20239.006,Europe,90.0,8.51,12687083.0,2378.2615746180963,0.2553,0.0
Montenegro,MNE,2009,18985.018,Europe,90.0,8.51,12687083.0,2230.9069330199763,0.2553,0.0
Montenegro,MNE,2010,19476.244,Europe,90.0,8.51,12687083.0,2288.6303172737953,0.2553,0.0
Montenegro,MNE,2011,20110.57,Europe,98.0,8.51,632689.0,2363.169212690952,0.2779933333333333,8.888888888888879
Montenegro,MNE,2012,19576.494,Europe,90.0,8.51,12687083.0,2300.4105757931843,0.2553,-8.163265306122447
Montenegro,MNE,2013,20201.375,Europe,90.0,8.51,12687083.0,2373.8396004700353,0.2553,0.0
Montenegro,MNE,2014,20641.85,Europe,90.0,8.51,12687083.0,2425.599294947121,0.2553,0.0
Montenegro,MNE,2015,21131.928,Europe,90.0,8.51,12687083.0,2483.1877790834315,0.2553,0.0
Montenegro,MNE,2016,21834.182,Europe,90.0,8.51,12687083.0,2565.708813160987,0.2553,0.0
Montenegro,MNE,2017,22513.875,Europe,90.0,8.51,12687083.0,2645.578730904818,0.2553,0.0
Montenegro,MNE,2018,23562.273,Europe,98.5344,8.51,615798.0,2768.7747356051705,0.279509248,9.482666666666661
Montenegro,MNE,2019,24585.219,Europe,90.0,8.51,12687083.0,2888.9799059929496,0.2553,-8.66134060795012
Montenegro,MNE,2020,20904.688,Europe,90.0,8.51,12687083.0,2456.4850763807285,0.2553,0.0
Montenegro,MNE,2021,23690.078,Europe,90.0,8.51,12687083.0,2783.7929494712107,0.2553,0.0
Montenegro,MNE,2022,25583.422,Europe,90.0,8.51,12687083.0,3006.2775558166863,0.2553,0.0
Montenegro,MNE,2023,27243.518,Europe,90.0,8.51,12687083.0,3201.3534665099883,0.2553,0.0
Morocco,MAR,1990,4418.66,Africa,90.0,3.05,24375558.0,1448.7409836065574,0.0915,0.0
Morocco,MAR,1991,4656.126,Africa,90.0,8.51,12687083.0,547.1358401880142,0.2553,0.0
Morocco,MAR,1992,4483.2495,Africa,90.0,8.51,12687083.0,526.8213278495887,0.2553,0.0
Morocco,MAR,1993,4379.764,Africa,90.0,8.51,12687083.0,514.6608695652175,0.2553,0.0
Morocco,MAR,1994,4771.093,Africa,42.0,8.51,26000824.0,560.6454759106933,0.11914,-53.333333333333336
Morocco,MAR,1995,4444.2285,Africa,90.0,3.64,26399431.0,1220.9418956043955,0.1092,114.28571428571428
Morocco,MAR,1996,4916.48,Africa,90.0,8.51,12687083.0,577.7297297297297,0.2553,0.0
Morocco,MAR,1997,4766.1104,Africa,90.0,8.51,12687083.0,560.0599764982373,0.2553,0.0
Morocco,MAR,1998,5033.9233,Africa,90.0,8.51,12687083.0,591.5303525264395,0.2553,0.0
Morocco,MAR,1999,5043.665,Africa,90.0,8.51,12687083.0,592.6750881316099,0.2553,0.0
Morocco,MAR,2000,5100.1157,Africa,90.0,4.09,28423439.0,1246.9720537897313,0.1227,0.0
Morocco,MAR,2001,5417.5786,Africa,90.0,8.51,12687083.0,636.6132314923619,0.2553,0.0
Morocco,MAR,2002,5544.072,Africa,90.0,8.51,12687083.0,651.47732079906,0.2553,0.0
Morocco,MAR,2003,5810.053,Africa,90.0,8.51,12687083.0,682.7324324324325,0.2553,0.0
Morocco,MAR,2004,5996.39,Africa,52.0,8.51,29953021.0,704.6286721504114,0.14750666666666667,-42.22222222222223
Morocco,MAR,2005,6103.4224,Africa,90.0,4.63,30358145.0,1318.2337796976244,0.1389,73.07692307692308
Morocco,MAR,2006,6488.674,Africa,90.0,8.51,12687083.0,762.4763807285547,0.2553,0.0
Morocco,MAR,2007,6620.5903,Africa,90.0,8.51,12687083.0,777.9777085781434,0.2553,0.0
Morocco,MAR,2008,6901.9507,Africa,55.0,8.51,31606769.0,811.040035252644,0.1560166666666667,-38.888888888888886
Morocco,MAR,2009,7063.727,Africa,56.0,8.51,32030779.0,830.0501762632198,0.15885333333333335,1.8181818181818077
Morocco,MAR,2010,7210.6367,Africa,90.0,5.27,32467009.0,1368.2422580645161,0.1581,60.71428571428572
Morocco,MAR,2011,7503.793,Africa,67.0,8.51,32912585.0,881.7618096357227,0.19005666666666668,-25.555555555555554
Morocco,MAR,2012,7628.644,Africa,69.0,8.51,33355246.0,896.4329024676852,0.19573,2.9850746268656803
Morocco,MAR,2013,7839.032,Africa,90.0,8.51,12687083.0,921.1553466509989,0.2553,30.434782608695656
Morocco,MAR,2014,7951.7983,Africa,76.0,8.51,34204784.0,934.4063807285547,0.21558666666666668,-15.555555555555555
Morocco,MAR,2015,8198.809,Africa,90.0,6.15,34607590.0,1333.1396747967478,0.18450000000000003,18.421052631578938
Morocco,MAR,2016,8141.9404,Africa,90.0,8.51,12687083.0,956.7497532314924,0.2553,0.0
Morocco,MAR,2017,8450.009,Africa,90.0,8.51,12687083.0,992.9505287896593,0.2553,0.0
Morocco,MAR,2018,8611.75,Africa,90.0,8.51,12687083.0,1011.9565217391305,0.2553,0.0
Morocco,MAR,2019,8768.176,Africa,90.0,8.51,12687083.0,1030.337955346651,0.2553,0.0
Morocco,MAR,2020,8054.563,Africa,90.0,6.83,36584208.0,1179.2918008784773,0.2049,0.0
Morocco,MAR,2021,8623.266,Africa,90.0,8.51,12687083.0,1013.3097532314923,0.2553,0.0
Morocco,MAR,2022,8690.448,Africa,90.0,8.51,12687083.0,1021.2042303172739,0.2553,0.0
Morocco,MAR,2023,8915.352,Africa,90.0,8.51,12687083.0,1047.6324324324326,0.2553,0.0
Mozambique,MOZ,1990,547.6228,Africa,90.0,1.06,13094535.0,516.6252830188679,0.0318,0.0
Mozambique,MOZ,1991,563.5121,Africa,90.0,8.51,12687083.0,66.21763807285546,0.2553,0.0
Mozambique,MOZ,1992,510.8228,Africa,90.0,8.51,12687083.0,60.026180963572266,0.2553,0.0
Mozambique,MOZ,1993,549.04877,Africa,90.0,8.51,12687083.0,64.51806933019976,0.2553,0.0
Mozambique,MOZ,1994,546.2097,Africa,90.0,8.51,12687083.0,64.1844535840188,0.2553,0.0
Mozambique,MOZ,1995,525.4187,Africa,90.0,0.98,15960530.0,536.1415306122449,0.0294,0.0
Mozambique,MOZ,1996,562.8575,Africa,90.0,8.51,12687083.0,66.14071680376028,0.2553,0.0
Mozambique,MOZ,1997,612.3715,Africa,39.0,8.51,16949988.0,71.9590481786134,0.11063,-56.666666666666664
Mozambique,MOZ,1998,660.6502,Africa,90.0,8.51,12687083.0,77.63222091656876,0.2553,130.76923076923075
Mozambique,MOZ,1999,722.30554,Africa,90.0,8.51,12687083.0,84.87726674500587,0.2553,0.0
Mozambique,MOZ,2000,711.9764,Africa,90.0,1.13,18129652.0,630.0676106194691,0.03389999999999999,0.0
Mozambique,MOZ,2001,785.79016,Africa,90.0,8.51,12687083.0,92.33726909518214,0.2553,0.0
Mozambique,MOZ,2002,842.64526,Africa,90.0,8.51,12687083.0,99.01824441833138,0.2553,0.0
Mozambique,MOZ,2003,883.23914,Africa,48.0,8.51,19392477.0,103.78838307873092,0.13616,-46.666666666666664
Mozambique,MOZ,2004,934.134,Africa,90.0,8.51,12687083.0,109.76897767332551,0.2553,87.5
Mozambique,MOZ,2005,970.38995,Africa,90.0,1.34,20304577.0,724.1716044776119,0.0402,0.0
Mozambique,MOZ,2006,1041.8047,Africa,90.0,8.51,12687083.0,122.42123384253819,0.2553,0.0
Mozambique,MOZ,2007,1095.1257,Africa,90.0,8.51,12687083.0,128.6869212690952,0.2553,0.0
Mozambique,MOZ,2008,1141.9425,Africa,90.0,8.51,12687083.0,134.1883078730905,0.2553,0.0
Mozambique,MOZ,2009,1178.7091,Africa,51.0,8.51,22391751.0,138.50870740305524,0.14467000000000002,-43.333333333333336
Mozambique,MOZ,2010,1224.2302,Africa,90.0,2.03,22999234.0,603.0690640394089,0.0609,76.47058823529412
Mozambique,MOZ,2011,1275.5295,Africa,90.0,8.51,12687083.0,149.8859576968273,0.2553,0.0
Mozambique,MOZ,2012,1338.516,Africa,90.0,8.51,12687083.0,157.2874265569918,0.2553,0.0
Mozambique,MOZ,2013,1385.8325,Africa,90.0,8.51,12687083.0,162.84753231492363,0.2553,0.0
Mozambique,MOZ,2014,1449.9293,Africa,90.0,8.51,12687083.0,170.37947121034077,0.2553,0.0
Mozambique,MOZ,2015,1512.5997,Africa,56.0,3.31,26547576.0,456.97876132930514,0.06178666666666668,-37.77777777777778
Mozambique,MOZ,2016,1537.9086,Africa,90.0,8.51,12687083.0,180.7178143360752,0.2553,60.71428571428572
Mozambique,MOZ,2017,1532.0073,Africa,61.0,8.51,28166397.0,180.02435957696827,0.17303666666666667,-32.22222222222222
Mozambique,MOZ,2018,1538.8351,Africa,90.0,8.51,12687083.0,180.82668625146886,0.2553,47.54098360655738
Mozambique,MOZ,2019,1528.8899,Africa,90.0,8.51,12687083.0,179.6580376028202,0.2553,0.0
Mozambique,MOZ,2020,1466.1248,Africa,60.0,4.22,30783685.0,347.42293838862565,0.08439999999999999,-33.333333333333336
Mozambique,MOZ,2021,1457.2354,Africa,90.0,8.51,12687083.0,171.23800235017626,0.2553,50.0
Mozambique,MOZ,2022,1476.6656,Africa,90.0,8.51,12687083.0,173.52122209165688,0.2553,0.0
Mozambique,MOZ,2023,1512.2764,Africa,90.0,8.51,12687083.0,177.70580493537014,0.2553,0.0
Myanmar,MMR,1990,775.32825,Asia,90.0,2.99,39817253.0,259.30710702341133,0.0897,0.0
Myanmar,MMR,1991,759.2828,Asia,90.0,8.51,12687083.0,89.22242068155111,0.2553,0.0
Myanmar,MMR,1992,821.32776,Asia,90.0,8.51,12687083.0,96.51325029377203,0.2553,0.0
Myanmar,MMR,1993,859.3455,Asia,90.0,8.51,12687083.0,100.98066980023502,0.2553,0.0
Myanmar,MMR,1994,911.46844,Asia,90.0,8.51,12687083.0,107.10557461809636,0.2553,0.0
Myanmar,MMR,1995,962.2094,Asia,90.0,3.4,42605343.0,283.0027647058823,0.102,0.0
Myanmar,MMR,1996,1011.1599,Asia,90.0,8.51,12687083.0,118.82019976498238,0.2553,0.0
Myanmar,MMR,1997,1054.7675,Asia,90.0,8.51,12687083.0,123.94447708578143,0.2553,0.0
Myanmar,MMR,1998,1102.791,Asia,90.0,8.51,12687083.0,129.5876615746181,0.2553,0.0
Myanmar,MMR,1999,1209.0165,Asia,90.0,8.51,12687083.0,142.07009400705053,0.2553,0.0
Myanmar,MMR,2000,1359.9304,Asia,90.0,3.89,45290850.0,349.5965038560411,0.11670000000000001,0.0
Myanmar,MMR,2001,1498.3116,Asia,90.0,8.51,12687083.0,176.0648178613396,0.2553,0.0
Myanmar,MMR,2002,1661.7358,Asia,90.0,8.51,12687083.0,195.26860164512337,0.2553,0.0
Myanmar,MMR,2003,1874.1713,Asia,90.0,8.51,12687083.0,220.23164512338425,0.2553,0.0
Myanmar,MMR,2004,2110.2373,Asia,90.0,8.51,12687083.0,247.97148061104582,0.2553,0.0
Myanmar,MMR,2005,2377.9026,Asia,90.0,4.45,47438362.0,534.3601348314606,0.1335,0.0
Myanmar,MMR,2006,2669.327,Asia,90.0,8.51,12687083.0,313.66944770857816,0.2553,0.0
Myanmar,MMR,2007,2968.3032,Asia,90.0,8.51,12687083.0,348.80178613396004,0.2553,0.0
Myanmar,MMR,2008,3254.739,Asia,90.0,8.51,12687083.0,382.46051703877794,0.2553,0.0
Myanmar,MMR,2009,3578.1743,Asia,90.0,8.51,12687083.0,420.46701527614573,0.2553,0.0
Myanmar,MMR,2010,3893.7903,Asia,90.0,5.11,49024376.0,761.9941878669275,0.15330000000000002,0.0
Myanmar,MMR,2011,4078.6123,Asia,90.0,8.51,12687083.0,479.2728907168038,0.2553,0.0
Myanmar,MMR,2012,4340.9995,Asia,90.0,8.51,12687083.0,510.1056991774383,0.2553,0.0
Myanmar,MMR,2013,4666.9536,Asia,90.0,8.51,12687083.0,548.408178613396,0.2553,0.0
Myanmar,MMR,2014,5006.507,Asia,90.0,8.51,50681635.0,588.3086956521739,0.2553,0.0
Myanmar,MMR,2015,5313.886,Asia,90.0,5.9,51089060.0,900.6586440677967,0.17700000000000002,0.0
Myanmar,MMR,2016,5580.9897,Asia,90.0,8.51,12687083.0,655.8154759106933,0.2553,0.0
Myanmar,MMR,2017,5877.8745,Asia,90.0,8.51,12687083.0,690.7020564042303,0.2553,0.0
Myanmar,MMR,2018,6201.263,Asia,90.0,8.51,12687083.0,728.7030552291423,0.2553,0.0
Myanmar,MMR,2019,6562.989,Asia,89.0,8.51,52640718.0,771.2090481786133,0.2524633333333334,-1.1111111111111072
Myanmar,MMR,2020,5926.8345,Asia,90.0,6.48,53016525.0,914.6349537037037,0.19440000000000002,1.1235955056179803
Myanmar,MMR,2021,5178.4473,Asia,90.0,8.51,12687083.0,608.513196239718,0.2553,0.0
Myanmar,MMR,2022,5350.4766,Asia,90.0,8.51,12687083.0,628.7281551116333,0.2553,0.0
Myanmar,MMR,2023,5364.138,Asia,90.0,8.51,12687083.0,630.3334900117509,0.2553,0.0
Namibia,NAM,1990,7281.779,Africa,90.0,8.51,12687083.0,855.6732079905994,0.2553,0.0
Namibia,NAM,1991,7618.333,Africa,76.0,8.51,1415689.0,895.2212690951822,0.21558666666666668,-15.555555555555555
Namibia,NAM,1992,7911.0103,Africa,90.0,8.51,12687083.0,929.6134312573444,0.2553,18.421052631578938
Namibia,NAM,1993,7541.561,Africa,90.0,8.51,12687083.0,886.1998824911868,0.2553,0.0
Namibia,NAM,1994,7437.3354,Africa,90.0,8.51,12687083.0,873.9524559341951,0.2553,0.0
Namibia,NAM,1995,7506.105,Africa,90.0,8.51,12687083.0,882.0334900117508,0.2553,0.0
Namibia,NAM,1996,7538.925,Africa,90.0,8.51,12687083.0,885.8901292596945,0.2553,0.0
Namibia,NAM,1997,7656.325,Africa,90.0,8.51,12687083.0,899.6856639247943,0.2553,0.0
Namibia,NAM,1998,7709.89,Africa,90.0,8.51,12687083.0,905.9800235017627,0.2553,0.0
Namibia,NAM,1999,7773.9434,Africa,90.0,8.51,12687083.0,913.5068625146887,0.2553,0.0
Namibia,NAM,2000,7858.3877,Africa,90.0,8.51,12687083.0,923.4298119858989,0.2553,0.0
Namibia,NAM,2001,7786.5415,Africa,85.0,8.51,1857059.0,914.987250293772,0.24111666666666667,-5.555555555555558
Namibia,NAM,2002,8017.2812,Africa,90.0,8.51,12687083.0,942.1011985898944,0.2553,5.882352941176472
Namibia,NAM,2003,8237.366,Africa,90.0,8.51,12687083.0,967.9631022326674,0.2553,0.0
Namibia,NAM,2004,9130.824,Africa,90.0,8.51,12687083.0,1072.9522914218567,0.2553,0.0
Namibia,NAM,2005,9245.137,Africa,90.0,8.51,12687083.0,1086.3850763807286,0.2553,0.0
Namibia,NAM,2006,9773.298,Africa,90.0,8.51,12687083.0,1148.4486486486487,0.2553,0.0
Namibia,NAM,2007,10162.24,Africa,90.0,8.51,12687083.0,1194.1527614571094,0.2553,0.0
Namibia,NAM,2008,10286.513,Africa,90.0,8.51,12687083.0,1208.7559341950648,0.2553,0.0
Namibia,NAM,2009,10166.29,Africa,90.0,8.51,12687083.0,1194.6286721504114,0.2553,0.0
Namibia,NAM,2010,10614.62,Africa,90.0,8.51,12687083.0,1247.3113983548767,0.2553,0.0
Namibia,NAM,2011,10965.273,Africa,88.0,8.51,2146331.0,1288.5162162162162,0.2496266666666667,-2.2222222222222254
Namibia,NAM,2012,11266.609,Africa,90.0,8.51,12687083.0,1323.9258519388954,0.2553,2.2727272727272707
Namibia,NAM,2013,11593.575,Africa,90.0,8.51,12687083.0,1362.3472385428909,0.2553,0.0
Namibia,NAM,2014,11982.696,Africa,90.0,8.51,12687083.0,1408.0723854289072,0.2553,0.0
Namibia,NAM,2015,12166.565,Africa,90.0,6.64,2374305.0,1832.3140060240964,0.1992,0.0
Namibia,NAM,2016,11846.788,Africa,90.0,8.51,12687083.0,1392.1019976498237,0.2553,0.0
Namibia,NAM,2017,11408.726,Africa,90.0,8.51,12687083.0,1340.6258519388955,0.2553,0.0
Namibia,NAM,2018,11214.386,Africa,90.0,8.51,12687083.0,1317.7891891891893,0.2553,0.0
Namibia,NAM,2019,10813.305,Africa,90.0,8.51,12687083.0,1270.6586368977673,0.2553,0.0
Namibia,NAM,2020,9652.248,Africa,90.0,6.88,2728760.0,1402.9430232558138,0.2064,0.0
Namibia,NAM,2021,9709.1,Africa,90.0,8.51,12687083.0,1140.9048178613398,0.2553,0.0
Namibia,NAM,2022,9953.098,Africa,90.0,8.51,12687083.0,1169.5767332549942,0.2553,0.0
Namibia,NAM,2023,10137.673,Africa,90.0,8.51,12687083.0,1191.2659224441834,0.2553,0.0
Nauru,NRU,1990,30123.365,Oceania,90.0,8.51,12687083.0,3539.7608695652175,0.2553,0.0
Nauru,NRU,1991,23836.965,Oceania,90.0,8.51,12687083.0,2801.0534665099885,0.2553,0.0
Nauru,NRU,1992,19620.383,Oceania,90.0,8.51,12687083.0,2305.567920094007,0.2553,0.0
Nauru,NRU,1993,16326.138,Oceania,90.0,8.51,12687083.0,1918.4650998824914,0.2553,0.0
Nauru,NRU,1994,15640.759,Oceania,90.0,8.51,12687083.0,1837.9270270270272,0.2553,0.0
Nauru,NRU,1995,14361.795,Oceania,90.0,8.51,12687083.0,1687.6374853113984,0.2553,0.0
Nauru,NRU,1996,12636.182,Oceania,90.0,8.51,12687083.0,1484.862749706228,0.2553,0.0
Nauru,NRU,1997,11488.991,Oceania,90.0,8.51,12687083.0,1350.0576968272621,0.2553,0.0
Nauru,NRU,1998,10133.678,Oceania,90.0,8.51,12687083.0,1190.7964747356052,0.2553,0.0
Nauru,NRU,1999,9478.301,Oceania,90.0,8.51,12687083.0,1113.783901292597,0.2553,0.0
Nauru,NRU,2000,8844.947,Oceania,90.0,8.51,12687083.0,1039.3592244418332,0.2553,0.0
Nauru,NRU,2001,8277.868,Oceania,90.0,8.51,12687083.0,972.7224441833138,0.2553,0.0
Nauru,NRU,2002,7487.931,Oceania,90.0,8.51,12687083.0,879.8978848413631,0.2553,0.0
Nauru,NRU,2003,7526.416,Oceania,90.0,8.51,12687083.0,884.4202115158637,0.2553,0.0
Nauru,NRU,2004,7200.948,Oceania,90.0,8.51,12687083.0,846.1748531139837,0.2553,0.0
Nauru,NRU,2005,7208.8306,Oceania,90.0,8.51,12687083.0,847.1011280846064,0.2553,0.0
Nauru,NRU,2006,7829.715,Oceania,90.0,8.51,12687083.0,920.0605170387779,0.2553,0.0
Nauru,NRU,2007,6109.601,Oceania,90.0,8.51,12687083.0,717.9319623971797,0.2553,0.0
Nauru,NRU,2008,7339.5786,Oceania,90.0,8.51,12687083.0,862.465170387779,0.2553,0.0
Nauru,NRU,2009,6926.98,Oceania,90.0,8.51,12687083.0,813.9811985898942,0.2553,0.0
Nauru,NRU,2010,6908.357,Oceania,90.0,8.51,12687083.0,811.7928319623971,0.2553,0.0
Nauru,NRU,2011,7881.1313,Oceania,90.0,8.51,12687083.0,926.1023854289072,0.2553,0.0
Nauru,NRU,2012,9639.566,Oceania,90.0,8.51,12687083.0,1132.7339600470036,0.2553,0.0
Nauru,NRU,2013,9798.482,Oceania,90.0,8.51,12687083.0,1151.4079905992949,0.2553,0.0
Nauru,NRU,2014,11112.968,Oceania,90.0,8.51,12687083.0,1305.8716803760283,0.2553,0.0
Nauru,NRU,2015,11270.468,Oceania,90.0,8.51,12687083.0,1324.3793184488839,0.2553,0.0
Nauru,NRU,2016,11529.886,Oceania,90.0,8.51,12687083.0,1354.8632197414806,0.2553,0.0
Nauru,NRU,2017,10631.914,Oceania,90.0,8.51,12687083.0,1249.343595769683,0.2553,0.0
Nauru,NRU,2018,10401.28,Oceania,90.0,8.51,12687083.0,1222.2420681551118,0.2553,0.0
Nauru,NRU,2019,11183.096,Oceania,90.0,8.51,12687083.0,1314.112338425382,0.2553,0.0
Nauru,NRU,2020,11304.572,Oceania,90.0,8.51,12687083.0,1328.386839012926,0.2553,0.0
Nauru,NRU,2021,12112.235,Oceania,90.0,8.51,12687083.0,1423.2943595769684,0.2553,0.0
Nauru,NRU,2022,12363.6455,Oceania,90.0,8.51,12687083.0,1452.8373090481787,0.2553,0.0
Nauru,NRU,2023,12372.5205,Oceania,96.58654,8.51,11900.0,1453.8801997649825,0.2739838184666667,7.318377777777774
Nepal,NPL,1990,1808.2649,Asia,90.0,2.58,19524579.0,700.8778682170542,0.07740000000000001,-6.819314575302105
Nepal,NPL,1991,1874.2751,Asia,33.0,8.51,20036507.0,220.24384253819036,0.09361000000000001,-63.33333333333333
Nepal,NPL,1992,1896.9717,Asia,90.0,8.51,12687083.0,222.91089306698004,0.2553,172.72727272727272
Nepal,NPL,1993,1916.9435,Asia,90.0,8.51,12687083.0,225.25775558166865,0.2553,0.0
Nepal,NPL,1994,2023.1152,Asia,90.0,8.51,12687083.0,237.733866039953,0.2553,0.0
Nepal,NPL,1995,2043.6052,Asia,90.0,2.76,22245443.0,740.4366666666667,0.0828,0.0
Nepal,NPL,1996,2105.5083,Asia,90.0,8.51,12687083.0,247.41578143360752,0.2553,0.0
Nepal,NPL,1997,2166.3127,Asia,90.0,8.51,12687083.0,254.56083431257343,0.2553,0.0
Nepal,NPL,1998,2188.222,Asia,90.0,8.51,12687083.0,257.1353701527615,0.2553,0.0
Nepal,NPL,1999,2242.6501,Asia,90.0,8.51,12687083.0,263.531151586369,0.2553,0.0
Nepal,NPL,2000,2340.8157,Asia,90.0,3.13,24546509.0,747.8644408945687,0.0939,0.0
Nepal,NPL,2001,2413.8142,Asia,49.0,8.51,24946755.0,283.6444418331375,0.13899666666666666,-45.55555555555556
Nepal,NPL,2002,2380.2441,Asia,90.0,8.51,12687083.0,279.6996592244418,0.2553,83.6734693877551
Nepal,NPL,2003,2439.4949,Asia,90.0,8.51,12687083.0,286.6621504112809,0.2553,0.0
Nepal,NPL,2004,2521.541,Asia,90.0,8.51,12687083.0,296.30329024676854,0.2553,0.0
Nepal,NPL,2005,2580.231,Asia,90.0,3.74,26309462.0,689.9013368983957,0.11220000000000001,0.0
Nepal,NPL,2006,2641.348,Asia,90.0,8.51,12687083.0,310.3816686251469,0.2553,0.0
Nepal,NPL,2007,2708.7144,Asia,90.0,8.51,12687083.0,318.2978143360752,0.2553,0.0
Nepal,NPL,2008,2852.6099,Asia,90.0,8.51,12687083.0,335.206803760282,0.2553,0.0
Nepal,NPL,2009,2961.839,Asia,90.0,8.51,12687083.0,348.0421856639248,0.2553,0.0
Nepal,NPL,2010,3085.314,Asia,90.0,4.44,27341955.0,694.8905405405404,0.1332,0.0
Nepal,NPL,2011,3176.6504,Asia,60.0,8.51,27464499.0,373.28441833137487,0.1702,-33.333333333333336
Nepal,NPL,2012,3316.5007,Asia,90.0,8.51,12687083.0,389.7180611045829,0.2553,50.0
Nepal,NPL,2013,3426.5579,Asia,90.0,8.51,12687083.0,402.6507520564042,0.2553,0.0
Nepal,NPL,2014,3621.7317,Asia,90.0,8.51,12687083.0,425.58539365452407,0.2553,0.0
Nepal,NPL,2015,3745.2617,Asia,90.0,5.44,27823631.0,688.4672242647058,0.1632,0.0
Nepal,NPL,2016,3743.7446,Asia,65.50101,8.51,27955471.0,439.9229847238543,0.1858045317,-27.22110000000001
Nepal,NPL,2017,4071.7043,Asia,90.0,8.51,12687083.0,478.46113983548764,0.2553,37.402461427694035
Nepal,NPL,2018,4371.3857,Asia,90.0,8.51,12687083.0,513.6763454759107,0.2553,0.0
Nepal,NPL,2019,4607.5244,Asia,68.7125,8.51,28414066.0,541.4247238542891,0.19491445833333337,-23.652777777777768
Nepal,NPL,2020,4412.542,Asia,90.0,6.19,28966580.0,712.8500807754443,0.1857,30.980534837183903
Nepal,NPL,2021,4546.2295,Asia,90.0,8.51,12687083.0,534.2220329024677,0.2553,0.0
Nepal,NPL,2022,4763.3877,Asia,90.0,8.51,12687083.0,559.740035252644,0.2553,0.0
Nepal,NPL,2023,4861.2305,Asia,90.0,8.51,12687083.0,571.2374265569917,0.2553,0.0
Netherlands,NLD,1990,43128.312,Europe,90.0,10.59,15030886.0,4072.550708215297,0.3177,0.0
Netherlands,NLD,1991,43833.484,Europe,90.0,8.51,12687083.0,5150.820681551116,0.2553,0.0
Netherlands,NLD,1992,44245.527,Europe,90.0,8.51,12687083.0,5199.239365452409,0.2553,0.0
Netherlands,NLD,1993,44490.758,Europe,90.0,8.51,12687083.0,5228.056169212691,0.2553,0.0
Netherlands,NLD,1994,45532.805,Europe,90.0,8.51,12687083.0,5350.505875440658,0.2553,0.0
Netherlands,NLD,1995,46720.29,Europe,90.0,10.88,15565034.0,4294.144301470588,0.3264,0.0
Netherlands,NLD,1996,48095.965,Europe,90.0,8.51,12687083.0,5651.699764982373,0.2553,0.0
Netherlands,NLD,1997,49881.875,Europe,90.0,8.51,12687083.0,5861.559929494712,0.2553,0.0
Netherlands,NLD,1998,51879.38,Europe,90.0,8.51,12687083.0,6096.28437132785,0.2553,0.0
Netherlands,NLD,1999,54134.363,Europe,90.0,8.51,12687083.0,6361.264747356052,0.2553,0.0
Netherlands,NLD,2000,56016.87,Europe,90.0,11.14,16058757.0,5028.44434470377,0.3342,0.0
Netherlands,NLD,2001,56887.434,Europe,90.0,8.51,12687083.0,6684.774853113984,0.2553,0.0
Netherlands,NLD,2002,56664.414,Europe,90.0,8.51,12687083.0,6658.56803760282,0.2553,0.0
Netherlands,NLD,2003,56452.867,Europe,90.0,8.51,12687083.0,6633.709400705053,0.2553,0.0
Netherlands,NLD,2004,57391.363,Europe,90.0,8.51,12687083.0,6743.990951821386,0.2553,0.0
Netherlands,NLD,2005,58422.01,Europe,90.0,11.15,16465707.0,5239.642152466367,0.3345,0.0
Netherlands,NLD,2006,60391.543,Europe,90.0,8.51,12687083.0,7096.538542890717,0.2553,0.0
Netherlands,NLD,2007,62601.62,Europe,90.0,8.51,12687083.0,7356.242068155112,0.2553,0.0
Netherlands,NLD,2008,63678.402,Europe,90.0,8.51,12687083.0,7482.773443008226,0.2553,0.0
Netherlands,NLD,2009,61029.73,Europe,90.0,8.51,12687083.0,7171.531139835488,0.2553,0.0
Netherlands,NLD,2010,61518.555,Europe,90.0,11.71,16771232.0,5253.505977796754,0.35130000000000006,0.0
Netherlands,NLD,2011,62318.14,Europe,90.0,8.51,12687083.0,7322.930669800235,0.2553,0.0
Netherlands,NLD,2012,61480.812,Europe,90.0,8.51,12687083.0,7224.537250293772,0.2553,0.0
Netherlands,NLD,2013,61281.29,Europe,90.0,8.51,12687083.0,7201.091656874266,0.2553,0.0
Netherlands,NLD,2014,62045.855,Europe,90.0,8.51,12687083.0,7290.934782608696,0.2553,0.0
Netherlands,NLD,2015,63081.395,Europe,90.0,11.74,17107429.0,5373.202299829642,0.3522,0.0
Netherlands,NLD,2016,64267.74,Europe,90.0,8.51,12687083.0,7552.025851938895,0.2553,0.0
Netherlands,NLD,2017,65666.0,Europe,90.0,8.51,12687083.0,7716.333725029377,0.2553,0.0
Netherlands,NLD,2018,66758.266,Europe,90.0,8.51,12687083.0,7844.684606345477,0.2553,0.0
Netherlands,NLD,2019,67847.85,Europe,90.0,8.51,12687083.0,7972.720329024678,0.2553,0.0
Netherlands,NLD,2020,64862.19,Europe,90.0,11.82,17636732.0,5487.494923857868,0.3546,0.0
Netherlands,NLD,2021,68573.56,Europe,90.0,8.51,12687083.0,8057.9976498237365,0.2553,0.0
Netherlands,NLD,2022,71324.04,Europe,90.0,8.51,12687083.0,8381.203290246767,0.2553,0.0
Netherlands,NLD,2023,70198.93,Europe,90.0,8.51,12687083.0,8248.99294947121,0.2553,0.0
New Zealand,NZL,1990,30695.467,Oceania,90.0,11.69,3396981.0,2625.7884516680924,0.3507,0.0
New Zealand,NZL,1991,28924.744,Oceania,90.0,8.51,12687083.0,3398.9123384253817,0.2553,0.0
New Zealand,NZL,1992,28938.098,Oceania,90.0,8.51,12687083.0,3400.4815511163342,0.2553,0.0
New Zealand,NZL,1993,30438.627,Oceania,90.0,8.51,12687083.0,3576.8069330199764,0.2553,0.0
New Zealand,NZL,1994,31574.357,Oceania,90.0,8.51,12687083.0,3710.2652173913043,0.2553,0.0
New Zealand,NZL,1995,32584.654,Oceania,90.0,11.81,3674434.0,2759.0731583403895,0.3543,0.0
New Zealand,NZL,1996,33231.45,Oceania,90.0,8.51,12687083.0,3904.9882491186836,0.2553,0.0
New Zealand,NZL,1997,33480.145,Oceania,90.0,8.51,12687083.0,3934.2121034077554,0.2553,0.0
New Zealand,NZL,1998,33469.254,Oceania,90.0,8.51,12687083.0,3932.9323149236193,0.2553,0.0
New Zealand,NZL,1999,35084.293,Oceania,90.0,8.51,12687083.0,4122.713631022327,0.2553,0.0
New Zealand,NZL,2000,35879.793,Oceania,90.0,11.98,3857576.0,2994.9743739565943,0.35940000000000005,0.0
New Zealand,NZL,2001,36885.645,Oceania,90.0,8.51,12687083.0,4334.388366627497,0.2553,0.0
New Zealand,NZL,2002,37959.066,Oceania,90.0,8.51,12687083.0,4460.524794359577,0.2553,0.0
New Zealand,NZL,2003,38976.914,Oceania,90.0,8.51,12687083.0,4580.130904817861,0.2553,0.0
New Zealand,NZL,2004,39971.77,Oceania,90.0,8.51,12687083.0,4697.035252643948,0.2553,0.0
New Zealand,NZL,2005,40848.297,Oceania,90.0,12.0,4135002.0,3404.02475,0.36000000000000004,0.0
New Zealand,NZL,2006,41475.12,Oceania,90.0,8.51,12687083.0,4873.692126909518,0.2553,0.0
New Zealand,NZL,2007,42346.09,Oceania,90.0,8.51,12687083.0,4976.038777908343,0.2553,0.0
New Zealand,NZL,2008,41561.184,Oceania,90.0,8.51,12687083.0,4883.8054054054055,0.2553,0.0
New Zealand,NZL,2009,41132.336,Oceania,90.0,8.51,12687083.0,4833.4119858989425,0.2553,0.0
New Zealand,NZL,2010,41270.93,Oceania,90.0,11.12,4347766.0,3711.414568345324,0.3336,0.0
New Zealand,NZL,2011,41814.887,Oceania,90.0,8.51,12687083.0,4913.617743830788,0.2553,0.0
New Zealand,NZL,2012,42570.332,Oceania,90.0,8.51,12687083.0,5002.38918918919,0.2553,0.0
New Zealand,NZL,2013,43338.438,Oceania,90.0,8.51,12687083.0,5092.648413631023,0.2553,0.0
New Zealand,NZL,2014,44255.504,Oceania,90.0,8.51,12687083.0,5200.411750881316,0.2553,0.0
New Zealand,NZL,2015,44963.832,Oceania,90.0,10.91,4614035.0,4121.341154903758,0.32730000000000004,0.0
New Zealand,NZL,2016,45626.684,Oceania,90.0,8.51,12687083.0,5361.537485311399,0.2553,0.0
New Zealand,NZL,2017,46193.29,Oceania,90.0,8.51,12687083.0,5428.118683901293,0.2553,0.0
New Zealand,NZL,2018,46947.938,Oceania,90.0,8.51,12687083.0,5516.796474735605,0.2553,0.0
New Zealand,NZL,2019,47362.32,Oceania,90.0,8.51,12687083.0,5565.490011750881,0.2553,0.0
New Zealand,NZL,2020,46266.395,Oceania,90.0,10.81,5069895.0,4279.962534690101,0.32430000000000003,0.0
New Zealand,NZL,2021,48248.72,Oceania,90.0,8.51,12687083.0,5669.6498237367805,0.2553,0.0
New Zealand,NZL,2022,49964.176,Oceania,90.0,8.51,12687083.0,5871.231022326675,0.2553,0.0
New Zealand,NZL,2023,49508.27,Oceania,90.0,8.51,12687083.0,5817.658049353701,0.2553,0.0
Nicaragua,NIC,1990,4217.609,North America,90.0,4.64,4162566.0,908.9674568965519,0.1392,0.0
Nicaragua,NIC,1991,4113.6875,North America,90.0,8.51,12687083.0,483.39453584018804,0.2553,0.0
Nicaragua,NIC,1992,4037.2754,North America,90.0,8.51,12687083.0,474.41544065804936,0.2553,0.0
Nicaragua,NIC,1993,3934.0928,North America,90.0,8.51,12687083.0,462.2905757931845,0.2553,0.0
Nicaragua,NIC,1994,3979.9854,North America,90.0,8.51,12687083.0,467.68336075205644,0.2553,0.0
Nicaragua,NIC,1995,4130.286,North America,90.0,5.19,4642933.0,795.8161849710982,0.1557,0.0
Nicaragua,NIC,1996,4311.493,North America,90.0,8.51,12687083.0,506.6384253819037,0.2553,0.0
Nicaragua,NIC,1997,4408.329,North America,90.0,8.51,12687083.0,518.0175088131609,0.2553,0.0
Nicaragua,NIC,1998,4502.598,North America,90.0,8.51,12687083.0,529.0949471210341,0.2553,0.0
Nicaragua,NIC,1999,4750.9487,North America,90.0,8.51,12687083.0,558.2783431257344,0.2553,0.0
Nicaragua,NIC,2000,4878.2476,North America,90.0,5.7,5022636.0,855.8329122807016,0.171,0.0
Nicaragua,NIC,2001,4958.3276,North America,77.0,8.51,5087827.0,582.6471915393654,0.21842333333333336,-14.444444444444448
Nicaragua,NIC,2002,4935.4854,North America,90.0,8.51,12687083.0,579.9630317273795,0.2553,16.883116883116877
Nicaragua,NIC,2003,5000.612,North America,90.0,8.51,12687083.0,587.6159811985899,0.2553,0.0
Nicaragua,NIC,2004,5204.382,North America,90.0,8.51,12687083.0,611.5607520564042,0.2553,0.0
Nicaragua,NIC,2005,5356.9585,North America,78.0,6.28,5342108.0,853.0188694267515,0.16328,-13.33333333333333
Nicaragua,NIC,2006,5500.406,North America,90.0,8.51,12687083.0,646.3461809635722,0.2553,15.384615384615374
Nicaragua,NIC,2007,5697.211,North America,90.0,8.51,12687083.0,669.4725029377204,0.2553,0.0
Nicaragua,NIC,2008,5809.0996,North America,90.0,8.51,12687083.0,682.6203995299647,0.2553,0.0
Nicaragua,NIC,2009,5538.3657,North America,90.0,8.51,12687083.0,650.8067802585194,0.2553,0.0
Nicaragua,NIC,2010,5701.128,North America,90.0,6.82,5737451.0,835.9425219941348,0.2046,0.0
Nicaragua,NIC,2011,5976.253,North America,90.0,8.51,12687083.0,702.2623971797884,0.2553,0.0
Nicaragua,NIC,2012,6275.7876,North America,90.0,8.51,12687083.0,737.4603525264395,0.2553,0.0
Nicaragua,NIC,2013,6494.1494,North America,90.0,8.51,12687083.0,763.1197884841364,0.2553,0.0
Nicaragua,NIC,2014,6712.2173,North America,90.0,8.51,12687083.0,788.7446886016452,0.2553,0.0
Nicaragua,NIC,2015,6939.0327,North America,90.0,7.25,6149417.0,957.1079586206896,0.2175,0.0
Nicaragua,NIC,2016,7158.758,North America,90.0,8.51,12687083.0,841.2171562867215,0.2553,0.0
Nicaragua,NIC,2017,7391.197,North America,90.0,8.51,12687083.0,868.5307873090483,0.2553,0.0
Nicaragua,NIC,2018,7049.0273,North America,90.0,8.51,12687083.0,828.3228319623971,0.2553,0.0
Nicaragua,NIC,2019,6756.5938,North America,90.0,8.51,12687083.0,793.9593184488837,0.2553,0.0
Nicaragua,NIC,2020,6523.3696,North America,90.0,7.76,6565267.0,840.6404123711341,0.2328,0.0
Nicaragua,NIC,2021,7119.1694,North America,90.0,8.51,12687083.0,836.5651468860165,0.2553,0.0
Nicaragua,NIC,2022,7277.8228,North America,90.0,8.51,12687083.0,855.2083196239718,0.2553,0.0
Nicaragua,NIC,2023,7496.5293,North America,90.0,8.51,12687083.0,880.9082608695653,0.2553,0.0
Niger,NER,1990,1411.8489,Africa,90.0,1.08,8286066.0,1307.2675,0.032400000000000005,0.0
Niger,NER,1991,1362.7455,Africa,90.0,8.51,12687083.0,160.1346063454759,0.2553,0.0
Niger,NER,1992,1347.3323,Africa,90.0,8.51,12687083.0,158.32341950646298,0.2553,0.0
Niger,NER,1993,1309.6112,Africa,90.0,8.51,12687083.0,153.89085781433607,0.2553,0.0
Niger,NER,1994,1291.6816,Africa,90.0,8.51,12687083.0,151.78397179788485,0.2553,0.0
Niger,NER,1995,1280.3354,Africa,90.0,1.28,9714537.0,1000.26203125,0.0384,0.0
Niger,NER,1996,1239.4767,Africa,90.0,8.51,12687083.0,145.64943595769682,0.2553,0.0
Niger,NER,1997,1217.3125,Africa,90.0,8.51,12687083.0,143.04494712103408,0.2553,0.0
Niger,NER,1998,1294.1619,Africa,90.0,8.51,12687083.0,152.07542890716806,0.2553,0.0
Niger,NER,1999,1247.6471,Africa,90.0,8.51,12687083.0,146.60952996474734,0.2553,0.0
Niger,NER,2000,1190.5668,Africa,90.0,1.43,11509634.0,832.5641958041958,0.0429,0.0
Niger,NER,2001,1233.0651,Africa,14.0,8.51,11920648.0,144.89601645123386,0.03971333333333334,-84.44444444444444
Niger,NER,2002,1248.8231,Africa,90.0,8.51,12687083.0,146.7477203290247,0.2553,542.8571428571429
Niger,NER,2003,1231.2781,Africa,90.0,8.51,12687083.0,144.68602820211515,0.2553,0.0
Niger,NER,2004,1192.0824,Africa,90.0,8.51,12687083.0,140.08018801410105,0.2553,0.0
Niger,NER,2005,1233.8755,Africa,29.0,1.62,13756192.0,761.6515432098765,0.01566,-67.77777777777779
Niger,NER,2006,1260.1205,Africa,90.0,8.51,12687083.0,148.07526439482962,0.2553,210.3448275862069
Niger,NER,2007,1252.7483,Africa,90.0,8.51,12687083.0,147.20896592244418,0.2553,0.0
Niger,NER,2008,1300.5542,Africa,90.0,8.51,12687083.0,152.82658049353702,0.2553,0.0
Niger,NER,2009,1277.6923,Africa,90.0,8.51,12687083.0,150.14010575793185,0.2553,0.0
Niger,NER,2010,1336.5641,Africa,90.0,1.95,16548833.0,685.4174871794872,0.0585,0.0
Niger,NER,2011,1318.1013,Africa,90.0,8.51,12687083.0,154.8885193889542,0.2553,0.0
Niger,NER,2012,1403.1897,Africa,31.0,8.51,17836770.0,164.8871562867215,0.08793666666666666,-65.55555555555556
Niger,NER,2013,1423.2617,Africa,90.0,8.51,12687083.0,167.24579318448883,0.2553,190.3225806451613
Niger,NER,2014,1462.8213,Africa,90.0,8.51,12687083.0,171.89439482961222,0.2553,0.0
Niger,NER,2015,1471.6614,Africa,90.0,2.44,19939496.0,603.1399180327869,0.0732,0.0
Niger,NER,2016,1500.0085,Africa,90.0,8.51,12687083.0,176.2642185663925,0.2553,0.0
Niger,NER,2017,1520.0016,Africa,90.0,8.51,12687083.0,178.61358401880142,0.2553,0.0
Niger,NER,2018,1574.3384,Africa,33.04745,8.51,22188074.0,184.99863689776734,0.09374459983333334,-63.28061111111112
Niger,NER,2019,1612.6373,Africa,90.0,8.51,12687083.0,189.4990951821387,0.2553,172.3356870197247
Niger,NER,2020,1615.6927,Africa,90.0,3.04,23717615.0,531.4778618421053,0.0912,0.0
Niger,NER,2021,1585.5992,Africa,90.0,8.51,12687083.0,186.32188014101058,0.2553,0.0
Niger,NER,2022,1717.5189,Africa,35.60971,8.51,25311978.0,201.82360752056405,0.10101287736666667,-60.43365555555555
Niger,NER,2023,1689.5642,Africa,90.0,8.51,12687083.0,198.53868390129261,0.2553,152.7400532045894
Nigeria,NGA,1990,5423.807,Africa,90.0,8.51,12687083.0,637.3451233842538,0.2553,0.0
Nigeria,NGA,1991,5301.3633,Africa,55.0,8.51,99720161.0,622.9569095182139,0.1560166666666667,-38.888888888888886
Nigeria,NGA,1992,5403.1533,Africa,90.0,8.51,12687083.0,634.9181316098708,0.2553,63.63636363636365
Nigeria,NGA,1993,5154.758,Africa,90.0,8.51,12687083.0,605.7294947121034,0.2553,0.0
Nigeria,NGA,1994,4929.268,Africa,90.0,8.51,12687083.0,579.2324324324325,0.2553,0.0
Nigeria,NGA,1995,4797.5117,Africa,90.0,8.51,12687083.0,563.7499059929495,0.2553,0.0
Nigeria,NGA,1996,4869.8213,Africa,90.0,8.51,12687083.0,572.2469212690952,0.2553,0.0
Nigeria,NGA,1997,4884.0474,Africa,90.0,8.51,12687083.0,573.9186133960047,0.2553,0.0
Nigeria,NGA,1998,4880.88,Africa,90.0,8.51,12687083.0,573.5464159811986,0.2553,0.0
Nigeria,NGA,1999,4781.6733,Africa,90.0,8.51,12687083.0,561.8887544065806,0.2553,0.0
Nigeria,NGA,2000,4889.0034,Africa,90.0,8.51,12687083.0,574.5009870740305,0.2553,0.0
Nigeria,NGA,2001,5039.549,Africa,90.0,8.51,12687083.0,592.1914218566393,0.2553,0.0
Nigeria,NGA,2002,5654.897,Africa,90.0,8.51,12687083.0,664.5002350176263,0.2553,0.0
Nigeria,NGA,2003,5905.315,Africa,55.0,8.51,137202646.0,693.9265569917743,0.1560166666666667,-38.888888888888886
Nigeria,NGA,2004,6275.299,Africa,90.0,8.51,12687083.0,737.4029377203291,0.2553,63.63636363636365
Nigeria,NGA,2005,6496.932,Africa,90.0,8.51,12687083.0,763.446768507638,0.2553,0.0
Nigeria,NGA,2006,6702.9453,Africa,70.0,8.51,149077335.0,787.6551468860165,0.19856666666666667,-22.22222222222222
Nigeria,NGA,2007,6949.4263,Africa,90.0,8.51,12687083.0,816.6188366627497,0.2553,28.57142857142858
Nigeria,NGA,2008,7215.7695,Africa,90.0,8.51,12687083.0,847.9165099882492,0.2553,0.0
Nigeria,NGA,2009,7581.406,Africa,90.0,8.51,12687083.0,890.8820211515864,0.2553,0.0
Nigeria,NGA,2010,7962.6396,Africa,90.0,8.51,12687083.0,935.6803290246769,0.2553,0.0
Nigeria,NGA,2011,8153.5317,Africa,90.0,8.51,12687083.0,958.1118331374853,0.2553,0.0
Nigeria,NGA,2012,8265.905,Africa,90.0,8.51,12687083.0,971.3166862514689,0.2553,0.0
Nigeria,NGA,2013,8581.208,Africa,90.0,8.51,12687083.0,1008.3675675675677,0.2553,0.0
Nigeria,NGA,2014,8884.774,Africa,90.0,8.51,12687083.0,1044.0392479435957,0.2553,0.0
Nigeria,NGA,2015,8892.058,Africa,90.0,8.51,12687083.0,1044.8951821386606,0.2553,0.0
Nigeria,NGA,2016,8534.692,Africa,58.22134,8.51,195443698.0,1002.901527614571,0.16515453446666667,-35.309622222222224
Nigeria,NGA,2017,8396.784,Africa,90.0,8.51,12687083.0,986.6961222091657,0.2553,54.58249500956178
Nigeria,NGA,2018,8362.623,Africa,90.0,8.51,12687083.0,982.6819036427731,0.2553,0.0
Nigeria,NGA,2019,8361.787,Africa,90.0,8.51,12687083.0,982.5836662749707,0.2553,0.0
Nigeria,NGA,2020,7664.211,Africa,90.0,8.51,12687083.0,900.612338425382,0.2553,0.0
Nigeria,NGA,2021,7588.479,Africa,63.15554,8.51,218529286.0,891.713160987074,0.17915121513333335,-29.82717777777778
Nigeria,NGA,2022,7752.262,Africa,90.0,8.51,12687083.0,910.9591069330199,0.2553,42.50531307308907
Nigeria,NGA,2023,7843.8345,Africa,90.0,8.51,12687083.0,921.7196827262045,0.2553,0.0
North America (Wb),WB_NA,1990,43996.17,Africa,90.0,8.51,12687083.0,5169.937720329024,0.2553,0.0
North America (Wb),WB_NA,1991,43289.633,Africa,90.0,8.51,12687083.0,5086.913396004701,0.2553,0.0
North America (Wb),WB_NA,1992,44104.367,Africa,90.0,8.51,12687083.0,5182.651821386604,0.2553,0.0
North America (Wb),WB_NA,1993,44730.617,Africa,90.0,8.51,12687083.0,5256.241715628672,0.2553,0.0
North America (Wb),WB_NA,1994,45989.266,Africa,90.0,8.51,12687083.0,5404.144065804936,0.2553,0.0
North America (Wb),WB_NA,1995,46672.28,Africa,90.0,8.51,12687083.0,5484.404230317274,0.2553,0.0
North America (Wb),WB_NA,1996,47793.414,Africa,90.0,8.51,12687083.0,5616.147356051703,0.2553,0.0
North America (Wb),WB_NA,1997,49324.945,Africa,90.0,8.51,12687083.0,5796.1157461809635,0.2553,0.0
North America (Wb),WB_NA,1998,50930.855,Africa,90.0,8.51,12687083.0,5984.824324324325,0.2553,0.0
North America (Wb),WB_NA,1999,52792.8,Africa,90.0,8.51,12687083.0,6203.619271445359,0.2553,0.0
North America (Wb),WB_NA,2000,54395.99,Africa,90.0,8.51,12687083.0,6392.008225616921,0.2553,0.0
North America (Wb),WB_NA,2001,54414.23,Africa,90.0,8.51,12687083.0,6394.151586368978,0.2553,0.0
North America (Wb),WB_NA,2002,54881.0,Africa,90.0,8.51,12687083.0,6449.001175088132,0.2553,0.0
North America (Wb),WB_NA,2003,55882.54,Africa,98.61992,8.51,12687083.0,6566.690951821387,0.27975183973333334,9.57768888888888
North America (Wb),WB_NA,2004,57460.652,Africa,98.63156,8.51,12687083.0,6752.133019976499,0.27978485853333335,0.011802889314860288
North America (Wb),WB_NA,2005,58901.375,Africa,98.64237,8.51,12687083.0,6921.430669800236,0.2798155229,0.010959980760727461
North America (Wb),WB_NA,2006,59950.812,Africa,98.65695,8.51,12687083.0,7044.748766157461,0.2798568815,0.014780666766212036
North America (Wb),WB_NA,2007,60574.895,Africa,98.66643,8.51,12687083.0,7118.08401880141,0.2798837731,0.009609054405190776
North America (Wb),WB_NA,2008,60110.46,Africa,98.68658,8.51,12687083.0,7063.508813160987,0.27994093193333336,0.020422346283321957
North America (Wb),WB_NA,2009,58016.86,Africa,90.0,8.51,12687083.0,6817.492361927145,0.2553,-8.802189720223364
North America (Wb),WB_NA,2010,59082.02,Africa,90.0,8.51,12687083.0,6942.658049353701,0.2553,0.0
North America (Wb),WB_NA,2011,59602.137,Africa,90.0,8.51,12687083.0,7003.7763807285555,0.2553,0.0
North America (Wb),WB_NA,2012,60435.074,Africa,90.0,8.51,12687083.0,7101.653819036428,0.2553,0.0
North America (Wb),WB_NA,2013,61242.504,Africa,90.0,8.51,12687083.0,7196.533960047003,0.2553,0.0
North America (Wb),WB_NA,2014,62295.5,Africa,90.0,8.51,12687083.0,7320.270270270271,0.2553,0.0
North America (Wb),WB_NA,2015,63496.156,Africa,90.0,8.51,12687083.0,7461.357931844889,0.2553,0.0
North America (Wb),WB_NA,2016,64079.96,Africa,90.0,8.51,12687083.0,7529.960047003526,0.2553,0.0
North America (Wb),WB_NA,2017,65200.664,Africa,98.75348,8.51,12687083.0,7661.652643948296,0.2801307049333333,9.726088888888885
North America (Wb),WB_NA,2018,66672.05,Africa,98.75979,8.51,12687083.0,7834.5534665099885,0.2801486043,0.006389648243287915
North America (Wb),WB_NA,2019,67938.39,Africa,98.76517,8.51,12687083.0,7983.359576968272,0.28016386556666667,0.005447561198734796
North America (Wb),WB_NA,2020,65982.81,Africa,98.77029,8.51,12687083.0,7753.561692126909,0.28017838930000005,0.0051840137570868805
North America (Wb),WB_NA,2021,69833.49,Africa,98.77717,8.51,12687083.0,8206.05052878966,0.2801979055666667,0.006965657385427093
North America (Wb),WB_NA,2022,71184.96,Africa,98.77941,8.51,12687083.0,8364.86016451234,0.2802042597,0.002267730488725306
North America (Wb),WB_NA,2023,72394.125,Africa,90.0,8.51,12687083.0,8506.947708578144,0.2553,-8.887894754584991
North Macedonia,MKD,1990,12904.54,Europe,90.0,8.51,12687083.0,1516.3971797884842,0.2553,0.0
North Macedonia,MKD,1991,12153.549,Europe,90.0,8.51,12687083.0,1428.1491186839014,0.2553,0.0
North Macedonia,MKD,1992,11486.776,Europe,90.0,8.51,12687083.0,1349.7974148061105,0.2553,0.0
North Macedonia,MKD,1993,10764.747,Europe,90.0,8.51,12687083.0,1264.952643948296,0.2553,0.0
North Macedonia,MKD,1994,10650.783,Europe,94.0,8.51,1992669.0,1251.5608695652174,0.26664666666666664,4.444444444444451
North Macedonia,MKD,1995,10501.133,Europe,90.0,8.51,12687083.0,1233.9756756756756,0.2553,-4.255319148936165
North Macedonia,MKD,1996,10551.566,Europe,90.0,8.51,12687083.0,1239.901997649824,0.2553,0.0
North Macedonia,MKD,1997,10787.575,Europe,90.0,8.51,12687083.0,1267.6351351351352,0.2553,0.0
North Macedonia,MKD,1998,11092.875,Europe,90.0,8.51,12687083.0,1303.5105757931844,0.2553,0.0
North Macedonia,MKD,1999,11519.005,Europe,90.0,8.51,12687083.0,1353.5846063454758,0.2553,0.0
North Macedonia,MKD,2000,11988.295,Europe,90.0,8.51,12687083.0,1408.7303172737957,0.2553,0.0
North Macedonia,MKD,2001,11571.859,Europe,90.0,8.51,12687083.0,1359.7954171562867,0.2553,0.0
North Macedonia,MKD,2002,11830.312,Europe,96.0,8.51,2074482.0,1390.1659224441833,0.27232,6.666666666666665
North Macedonia,MKD,2003,12077.899,Europe,90.0,8.51,12687083.0,1419.2595769682725,0.2553,-6.25
North Macedonia,MKD,2004,12683.434,Europe,90.0,8.51,12687083.0,1490.4152761457108,0.2553,0.0
North Macedonia,MKD,2005,13354.517,Europe,90.0,8.51,12687083.0,1569.2734430082257,0.2553,0.0
North Macedonia,MKD,2006,14118.288,Europe,90.0,8.51,12687083.0,1659.023266745006,0.2553,0.0
North Macedonia,MKD,2007,15118.307,Europe,90.0,8.51,12687083.0,1776.5343125734432,0.2553,0.0
North Macedonia,MKD,2008,16038.107,Europe,90.0,8.51,12687083.0,1884.618918918919,0.2553,0.0
North Macedonia,MKD,2009,16084.295,Europe,90.0,8.51,12687083.0,1890.0464159811986,0.2553,0.0
North Macedonia,MKD,2010,16731.16,Europe,90.0,8.51,12687083.0,1966.0587544065804,0.2553,0.0
North Macedonia,MKD,2011,17201.307,Europe,90.0,8.51,12687083.0,2021.3051703877793,0.2553,0.0
North Macedonia,MKD,2012,17190.066,Europe,90.0,8.51,12687083.0,2019.9842538190364,0.2553,0.0
North Macedonia,MKD,2013,17758.3,Europe,90.0,8.51,12687083.0,2086.7567567567567,0.2553,0.0
North Macedonia,MKD,2014,18452.283,Europe,90.0,8.51,12687083.0,2168.305875440658,0.2553,0.0
North Macedonia,MKD,2015,19215.154,Europe,90.0,8.51,12687083.0,2257.9499412455934,0.2553,0.0
North Macedonia,MKD,2016,19825.855,Europe,90.0,8.51,12687083.0,2329.7126909518215,0.2553,0.0
North Macedonia,MKD,2017,20121.135,Europe,90.0,8.51,12687083.0,2364.4106933019975,0.2553,0.0
North Macedonia,MKD,2018,20806.008,Europe,90.0,8.51,12687083.0,2444.8893066980027,0.2553,0.0
North Macedonia,MKD,2019,21766.975,Europe,90.0,8.51,12687083.0,2557.8113983548765,0.2553,0.0
North Macedonia,MKD,2020,20971.53,Europe,90.0,8.51,12687083.0,2464.3396004700353,0.2553,0.0
North Macedonia,MKD,2021,22144.285,Europe,90.0,8.51,12687083.0,2602.1486486486488,0.2553,0.0
North Macedonia,MKD,2022,22822.328,Europe,90.0,8.51,12687083.0,2681.824676850764,0.2553,0.0
North Macedonia,MKD,2023,23455.32,Europe,90.0,8.51,12687083.0,2756.2068155111633,0.2553,0.0
Norway,NOR,1990,57106.883,Europe,90.0,10.79,4241440.0,5292.5748841519935,0.3237,0.0
Norway,NOR,1991,58588.47,Europe,90.0,8.51,12687083.0,6884.661574618097,0.2553,0.0
Norway,NOR,1992,60333.45,Europe,90.0,8.51,12687083.0,7089.712103407755,0.2553,0.0
Norway,NOR,1993,61681.805,Europe,90.0,8.51,12687083.0,7248.155699177439,0.2553,0.0
Norway,NOR,1994,64432.074,Europe,90.0,8.51,12687083.0,7571.336545240893,0.2553,0.0
Norway,NOR,1995,66762.16,Europe,90.0,11.31,4358991.0,5902.931918656057,0.3393,0.0
Norway,NOR,1996,69764.38,Europe,90.0,8.51,12687083.0,8197.929494712103,0.2553,0.0
Norway,NOR,1997,73053.97,Europe,90.0,8.51,12687083.0,8584.485311398355,0.2553,0.0
Norway,NOR,1998,74558.3,Europe,90.0,8.51,12687083.0,8761.257344300822,0.2553,0.0
Norway,NOR,1999,75583.836,Europe,90.0,8.51,12687083.0,8881.766862514689,0.2553,0.0
Norway,NOR,2000,77587.21,Europe,90.0,11.56,4490864.0,6711.696366782007,0.34680000000000005,0.0
Norway,NOR,2001,78791.305,Europe,90.0,8.51,12687083.0,9258.672737955347,0.2553,0.0
Norway,NOR,2002,79447.09,Europe,90.0,8.51,12687083.0,9335.733254994124,0.2553,0.0
Norway,NOR,2003,79728.78,Europe,90.0,8.51,12687083.0,9368.834312573443,0.2553,0.0
Norway,NOR,2004,82440.95,Europe,90.0,8.51,12687083.0,9687.538190364277,0.2553,0.0
Norway,NOR,2005,84080.0,Europe,90.0,11.91,4623120.0,7059.613769941226,0.3573,0.0
Norway,NOR,2006,85458.55,Europe,90.0,8.51,12687083.0,10042.132784958872,0.2553,0.0
Norway,NOR,2007,87043.5,Europe,90.0,8.51,12687083.0,10228.378378378378,0.2553,0.0
Norway,NOR,2008,86379.664,Europe,90.0,8.51,12687083.0,10150.371797884842,0.2553,0.0
Norway,NOR,2009,83642.07,Europe,90.0,8.51,12687083.0,9828.680376028204,0.2553,0.0
Norway,NOR,2010,83256.79,Europe,90.0,11.65,4889160.0,7146.5055793991405,0.34950000000000003,0.0
Norway,NOR,2011,83092.44,Europe,90.0,8.51,12687083.0,9764.09400705053,0.2553,0.0
Norway,NOR,2012,84237.15,Europe,90.0,8.51,12687083.0,9898.607520564043,0.2553,0.0
Norway,NOR,2013,84070.46,Europe,90.0,8.51,12687083.0,9879.019976498239,0.2553,0.0
Norway,NOR,2014,84830.26,Europe,90.0,8.51,12687083.0,9968.303172737955,0.2553,0.0
Norway,NOR,2015,85550.3,Europe,90.0,12.11,5189777.0,7064.434351775393,0.3633,0.0
Norway,NOR,2016,85787.62,Europe,90.0,8.51,12687083.0,10080.801410105758,0.2553,0.0
Norway,NOR,2017,87194.11,Europe,90.0,8.51,12687083.0,10246.076380728555,0.2553,0.0
Norway,NOR,2018,87338.47,Europe,90.0,8.51,12687083.0,10263.039952996474,0.2553,0.0
Norway,NOR,2019,87725.73,Europe,90.0,8.51,12687083.0,10308.546415981198,0.2553,0.0
Norway,NOR,2020,86096.055,Europe,90.0,12.08,5379275.0,7127.156870860927,0.3624,0.0
Norway,NOR,2021,88984.14,Europe,90.0,8.51,12687083.0,10456.420681551117,0.2553,0.0
Norway,NOR,2022,91051.086,Europe,90.0,8.51,12687083.0,10699.305052878966,0.2553,0.0
Norway,NOR,2023,90085.44,Europe,90.0,8.51,12687083.0,10585.833137485311,0.2553,0.0
Oman,OMN,1990,35201.55,Asia,90.0,8.51,12687083.0,4136.492361927145,0.2553,0.0
Oman,OMN,1991,35574.676,Asia,90.0,8.51,12687083.0,4180.337955346651,0.2553,0.0
Oman,OMN,1992,36841.402,Asia,90.0,8.51,12687083.0,4329.189424206816,0.2553,0.0
Oman,OMN,1993,37455.34,Asia,90.0,8.51,12687083.0,4401.332549941245,0.2553,0.0
Oman,OMN,1994,37782.723,Asia,90.0,8.51,12687083.0,4439.802937720329,0.2553,0.0
Oman,OMN,1995,38946.773,Asia,90.0,8.51,12687083.0,4576.589071680376,0.2553,0.0
Oman,OMN,1996,39455.83,Asia,90.0,8.51,12687083.0,4636.407755581669,0.2553,0.0
Oman,OMN,1997,41191.03,Asia,90.0,8.51,12687083.0,4840.309048178613,0.2553,0.0
Oman,OMN,1998,40574.676,Asia,90.0,8.51,12687083.0,4767.882021151587,0.2553,0.0
Oman,OMN,1999,40145.93,Asia,90.0,8.51,12687083.0,4717.500587544066,0.2553,0.0
Oman,OMN,2000,42086.043,Asia,90.0,8.51,12687083.0,4945.480963572268,0.2553,0.0
Oman,OMN,2001,43492.285,Asia,90.0,8.51,12687083.0,5110.726792009401,0.2553,0.0
Oman,OMN,2002,42654.15,Asia,90.0,8.51,12687083.0,5012.238542890717,0.2553,0.0
Oman,OMN,2003,41247.586,Asia,66.0,8.51,2363801.0,4846.954876615747,0.18722000000000003,-26.66666666666667
Oman,OMN,2004,41351.77,Asia,90.0,8.51,12687083.0,4859.19741480611,0.2553,36.36363636363635
Oman,OMN,2005,41551.14,Asia,90.0,8.51,12687083.0,4882.625146886016,0.2553,0.0
Oman,OMN,2006,42540.44,Asia,90.0,8.51,12687083.0,4998.876615746181,0.2553,0.0
Oman,OMN,2007,43696.97,Asia,90.0,8.51,12687083.0,5134.779083431257,0.2553,0.0
Oman,OMN,2008,46586.395,Asia,87.0,8.51,2626536.0,5474.311985898942,0.24679,-3.3333333333333326
Oman,OMN,2009,48304.117,Asia,90.0,8.51,12687083.0,5676.159459459459,0.2553,3.4482758620689724
Oman,OMN,2010,48191.613,Asia,87.0,8.51,2757450.0,5662.939247943596,0.24679,-3.3333333333333326
Oman,OMN,2011,44440.31,Asia,90.0,8.51,12687083.0,5222.1280846063455,0.2553,3.4482758620689724
Oman,OMN,2012,41964.082,Asia,90.0,8.51,12687083.0,4931.149471210341,0.2553,0.0
Oman,OMN,2013,40854.484,Asia,90.0,8.51,12687083.0,4800.761927144536,0.2553,0.0
Oman,OMN,2014,39639.99,Asia,90.0,8.51,12687083.0,4658.048178613396,0.2553,0.0
Oman,OMN,2015,39813.79,Asia,93.0,8.51,4184898.0,4678.4712103407755,0.26381000000000004,3.3333333333333437
Oman,OMN,2016,39860.99,Asia,90.0,8.51,12687083.0,4684.017626321974,0.2553,-3.2258064516129004
Oman,OMN,2017,38691.11,Asia,96.0,8.51,4537397.0,4546.546415981199,0.27232,6.666666666666665
Oman,OMN,2018,38673.605,Asia,96.0,8.51,4597878.0,4544.489424206816,0.27232,0.0
Oman,OMN,2019,38292.387,Asia,90.0,8.51,12687083.0,4499.69294947121,0.2553,-6.25
Oman,OMN,2020,37560.6,Asia,97.0,8.51,4522502.0,4413.701527614571,0.27515666666666666,7.777777777777772
Oman,OMN,2021,38719.457,Asia,90.0,8.51,12687083.0,4549.8774383078735,0.2553,-7.216494845360821
Oman,OMN,2022,39780.21,Asia,97.0,8.51,4730229.0,4674.52526439483,0.27515666666666666,7.777777777777772
Oman,OMN,2023,37793.617,Asia,90.0,8.51,12687083.0,4441.083078730905,0.2553,-7.216494845360821
Pakistan,PAK,1990,3199.7297,Asia,90.0,3.05,116155584.0,1049.0917049180327,0.0915,0.0
Pakistan,PAK,1991,3252.351,Asia,90.0,8.51,12687083.0,382.1799059929495,0.2553,0.0
Pakistan,PAK,1992,3404.1213,Asia,90.0,8.51,12687083.0,400.0142538190364,0.2553,0.0
Pakistan,PAK,1993,3369.238,Asia,90.0,8.51,12687083.0,395.91515863689773,0.2553,0.0
Pakistan,PAK,1994,3395.5044,Asia,90.0,8.51,12687083.0,399.0016921269095,0.2553,0.0
Pakistan,PAK,1995,3462.4734,Asia,90.0,3.52,134582255.0,983.6572159090908,0.1056,0.0
Pakistan,PAK,1996,3526.1416,Asia,90.0,8.51,12687083.0,414.35271445358404,0.2553,0.0
Pakistan,PAK,1997,3462.5815,Asia,90.0,8.51,12687083.0,406.8838425381903,0.2553,0.0
Pakistan,PAK,1998,3454.1768,Asia,43.0,8.51,146522354.0,405.89621621621626,0.12197666666666666,-52.222222222222214
Pakistan,PAK,1999,3484.4568,Asia,90.0,8.51,12687083.0,409.4543830787309,0.2553,109.30232558139537
Pakistan,PAK,2000,3531.713,Asia,90.0,4.04,154879124.0,874.1863861386139,0.12119999999999999,0.0
Pakistan,PAK,2001,3559.7278,Asia,90.0,8.51,12687083.0,418.2993889541716,0.2553,0.0
Pakistan,PAK,2002,3563.6785,Asia,90.0,8.51,12687083.0,418.7636310223267,0.2553,0.0
Pakistan,PAK,2003,3668.7793,Asia,90.0,8.51,12687083.0,431.11390129259695,0.2553,0.0
Pakistan,PAK,2004,3859.646,Asia,90.0,8.51,12687083.0,453.54242068155116,0.2553,0.0
Pakistan,PAK,2005,4042.1545,Asia,50.0,5.05,175453212.0,800.4266336633664,0.08416666666666667,-44.44444444444444
Pakistan,PAK,2006,4185.8667,Asia,54.0,8.51,179682690.0,491.8762279670975,0.15318,8.000000000000007
Pakistan,PAK,2007,4257.926,Asia,52.0,8.51,184493231.0,500.3438307873091,0.14750666666666667,-3.703703703703709
Pakistan,PAK,2008,4233.348,Asia,56.0,8.51,189499112.0,497.4556991774383,0.15885333333333335,7.692307692307687
Pakistan,PAK,2009,4270.439,Asia,55.0,8.51,194376535.0,501.8142185663925,0.1560166666666667,-1.7857142857142905
Pakistan,PAK,2010,4228.7817,Asia,55.0,5.22,199239048.0,810.1114367816092,0.09570000000000001,0.0
Pakistan,PAK,2011,4246.067,Asia,55.0,8.51,203746069.0,498.9502937720329,0.1560166666666667,0.0
Pakistan,PAK,2012,4292.021,Asia,57.0,8.51,207667129.0,504.3502937720329,0.16169,3.6363636363636376
Pakistan,PAK,2013,4407.147,Asia,56.0,8.51,211073979.0,517.8786133960047,0.15885333333333335,-1.7543859649122862
Pakistan,PAK,2014,4520.235,Asia,57.0,8.51,214264649.0,531.1674500587544,0.16169,1.7857142857142794
Pakistan,PAK,2015,4645.286,Asia,90.0,5.89,217290884.0,788.6733446519526,0.1767,57.89473684210527
Pakistan,PAK,2016,4886.6123,Asia,90.0,8.51,12687083.0,574.2200117508813,0.2553,0.0
Pakistan,PAK,2017,5031.5605,Asia,59.0,8.51,223273974.0,591.2527027027027,0.16736333333333334,-34.44444444444444
Pakistan,PAK,2018,5255.0635,Asia,57.0,8.51,226928893.0,617.5162749706228,0.16169,-3.3898305084745783
Pakistan,PAK,2019,5295.953,Asia,58.0,8.51,230800908.0,622.3211515863691,0.16452666666666665,1.7543859649122862
Pakistan,PAK,2020,5135.0146,Asia,90.0,6.41,235001745.0,801.094321372855,0.1923,55.172413793103445
Pakistan,PAK,2021,5367.2734,Asia,58.8561,8.51,239477805.0,630.7019271445358,0.166955137,-34.60433333333334
Pakistan,PAK,2022,5526.2793,Asia,90.0,8.51,12687083.0,649.3865217391304,0.2553,52.915330781346384
Pakistan,PAK,2023,5418.7695,Asia,90.0,8.51,12687083.0,636.7531727379554,0.2553,0.0
Palau,PLW,1990,17851.184,Oceania,90.0,8.51,12687083.0,2097.6714453584023,0.2553,0.0
Palau,PLW,1991,18301.05,Oceania,90.0,8.51,12687083.0,2150.5346650998827,0.2553,0.0
Palau,PLW,1992,16728.021,Oceania,90.0,8.51,12687083.0,1965.6898942420682,0.2553,0.0
Palau,PLW,1993,14327.272,Oceania,90.0,8.51,12687083.0,1683.5807285546418,0.2553,0.0
Palau,PLW,1994,15008.319,Oceania,90.0,8.51,12687083.0,1763.6097532314923,0.2553,0.0
Palau,PLW,1995,16232.837,Oceania,90.0,8.51,12687083.0,1907.501410105758,0.2553,0.0
Palau,PLW,1996,17455.115,Oceania,90.0,8.51,12687083.0,2051.1298472385433,0.2553,0.0
Palau,PLW,1997,17408.885,Oceania,90.0,8.51,12687083.0,2045.6974148061104,0.2553,0.0
Palau,PLW,1998,17358.283,Oceania,90.0,8.51,12687083.0,2039.751233842538,0.2553,0.0
Palau,PLW,1999,16093.402,Oceania,90.0,8.51,12687083.0,1891.1165687426558,0.2553,0.0
Palau,PLW,2000,15447.952,Oceania,90.0,8.51,12687083.0,1815.2705052878966,0.2553,0.0
Palau,PLW,2001,16433.64,Oceania,90.0,8.51,12687083.0,1931.0975323149237,0.2553,0.0
Palau,PLW,2002,17075.248,Oceania,90.0,8.51,12687083.0,2006.4921269095182,0.2553,0.0
Palau,PLW,2003,16579.314,Oceania,90.0,8.51,12687083.0,1948.2155111633372,0.2553,0.0
Palau,PLW,2004,17015.68,Oceania,90.0,8.51,12687083.0,1999.4923619271447,0.2553,0.0
Palau,PLW,2005,17507.436,Oceania,90.0,8.51,12687083.0,2057.278025851939,0.2553,0.0
Palau,PLW,2006,17749.773,Oceania,90.0,8.51,12687083.0,2085.7547591069333,0.2553,0.0
Palau,PLW,2007,18255.67,Oceania,90.0,8.51,12687083.0,2145.202115158637,0.2553,0.0
Palau,PLW,2008,17574.074,Oceania,90.0,8.51,12687083.0,2065.108578143361,0.2553,0.0
Palau,PLW,2009,16688.723,Oceania,90.0,8.51,12687083.0,1961.072032902468,0.2553,0.0
Palau,PLW,2010,16524.043,Oceania,90.0,8.51,12687083.0,1941.7206815511165,0.2553,0.0
Palau,PLW,2011,17670.914,Oceania,90.0,8.51,12687083.0,2076.488131609871,0.2553,0.0
Palau,PLW,2012,18279.889,Oceania,90.0,8.51,12687083.0,2148.0480611045828,0.2553,0.0
Palau,PLW,2013,17931.432,Oceania,100.0,8.51,17670.0,2107.101292596945,0.2836666666666667,11.111111111111116
Palau,PLW,2014,18786.834,Oceania,90.0,8.51,12687083.0,2207.6185663924794,0.2553,-9.999999999999998
Palau,PLW,2015,20212.018,Oceania,97.0,8.51,17791.0,2375.0902467685078,0.27515666666666666,7.777777777777772
Palau,PLW,2016,20449.13,Oceania,90.0,8.51,12687083.0,2402.9529964747358,0.2553,-7.216494845360821
Palau,PLW,2017,19821.098,Oceania,90.0,8.51,12687083.0,2329.153701527615,0.2553,0.0
Palau,PLW,2018,19572.344,Oceania,90.0,8.51,12687083.0,2299.9229142185663,0.2553,0.0
Palau,PLW,2019,19519.018,Oceania,90.0,8.51,12687083.0,2293.6566392479435,0.2553,0.0
Palau,PLW,2020,18183.736,Oceania,90.0,8.51,12687083.0,2136.7492361927148,0.2553,0.0
Palau,PLW,2021,15780.55,Oceania,90.0,8.51,12687083.0,1854.3537015276145,0.2553,0.0
Palau,PLW,2022,16040.908,Oceania,90.0,8.51,12687083.0,1884.9480611045828,0.2553,0.0
Palau,PLW,2023,16425.973,Oceania,90.0,8.51,12687083.0,1930.1965922444185,0.2553,0.0
Palestine,PSE,1994,3966.6887,Asia,90.0,8.51,12687083.0,466.12088131609875,0.2553,0.0
Palestine,PSE,1995,4062.963,Asia,90.0,8.51,12687083.0,477.43396004700355,0.2553,0.0
Palestine,PSE,1996,3932.227,Asia,90.0,8.51,12687083.0,462.0713278495887,0.2553,0.0
Palestine,PSE,1997,4311.5386,Asia,86.0,8.51,2859581.0,506.64378378378376,0.24395333333333333,-4.444444444444439
Palestine,PSE,1998,4805.1914,Asia,90.0,8.51,12687083.0,564.6523384253819,0.2553,4.651162790697683
Palestine,PSE,1999,5071.8213,Asia,90.0,8.51,12687083.0,595.9837015276146,0.2553,0.0
Palestine,PSE,2000,4520.89,Asia,90.0,8.51,12687083.0,531.244418331375,0.2553,0.0
Palestine,PSE,2001,3996.5088,Asia,90.0,8.51,12687083.0,469.62500587544065,0.2553,0.0
Palestine,PSE,2002,3409.1729,Asia,90.0,8.51,12687083.0,400.6078613396005,0.2553,0.0
Palestine,PSE,2003,3788.9265,Asia,90.0,8.51,12687083.0,445.2322561692127,0.2553,0.0
Palestine,PSE,2004,4503.0806,Asia,92.0,8.51,3475178.0,529.1516568742657,0.26097333333333333,2.2222222222222143
Palestine,PSE,2005,4885.0728,Asia,90.0,8.51,12687083.0,574.03910693302,0.2553,-2.1739130434782594
Palestine,PSE,2006,4714.3735,Asia,93.0,8.51,3645096.0,553.9804347826087,0.26381000000000004,3.3333333333333437
Palestine,PSE,2007,4769.5234,Asia,94.0,8.51,3736694.0,560.4610340775558,0.26664666666666664,1.0752688172043001
Palestine,PSE,2008,4984.8057,Asia,94.0,8.51,3829039.0,585.7586016451233,0.26664666666666664,0.0
Palestine,PSE,2009,5270.663,Asia,94.0,8.51,3921245.0,619.3493537015275,0.26664666666666664,0.0
Palestine,PSE,2010,5432.2437,Asia,95.0,8.51,4016918.0,638.3365099882491,0.26948333333333335,1.0638297872340496
Palestine,PSE,2011,5805.3213,Asia,95.0,8.51,4115912.0,682.1764159811986,0.26948333333333335,0.0
Palestine,PSE,2012,6009.1094,Asia,96.0,8.51,4215318.0,706.1233137485312,0.27232,1.0526315789473717
Palestine,PSE,2013,6142.202,Asia,96.0,8.51,4315263.0,721.7628672150412,0.27232,0.0
Palestine,PSE,2014,5990.427,Asia,96.0,8.51,4415887.0,703.9279670975322,0.27232,0.0
Palestine,PSE,2015,6072.6504,Asia,96.0,8.51,4521564.0,713.5899412455935,0.27232,0.0
Palestine,PSE,2016,6464.1333,Asia,97.0,8.51,4632743.0,759.5926321974149,0.27515666666666666,1.041666666666674
Palestine,PSE,2017,6426.7954,Asia,97.0,8.51,4742747.0,755.2050998824913,0.27515666666666666,0.0
Palestine,PSE,2018,6342.9375,Asia,97.0,8.51,4850593.0,745.3510575793184,0.27515666666666666,0.0
Palestine,PSE,2019,6269.891,Asia,97.0,8.51,4957773.0,736.7674500587544,0.27515666666666666,0.0
Palestine,PSE,2020,5423.6826,Asia,98.0,8.51,5069692.0,637.3305052878966,0.2779933333333333,1.0309278350515427
Palestine,PSE,2021,5663.1216,Asia,90.0,8.51,12687083.0,665.4666980023502,0.2553,-8.163265306122447
Palestine,PSE,2022,5753.084,Asia,98.0,8.51,5305274.0,676.0380728554642,0.2779933333333333,8.888888888888879
Palestine,PSE,2023,5361.131,Asia,90.0,8.51,12687083.0,629.9801410105758,0.2553,-8.163265306122447
Panama,PAN,1990,10263.688,North America,89.0,8.08,2455588.0,1270.258415841584,0.23970666666666665,-1.1111111111111072
Panama,PAN,1991,10994.55,North America,90.0,8.51,12687083.0,1291.9565217391305,0.2553,1.1235955056179803
Panama,PAN,1992,11649.796,North America,90.0,8.51,12687083.0,1368.9537015276146,0.2553,0.0
Panama,PAN,1993,12032.808,North America,90.0,8.51,12687083.0,1413.9609870740308,0.2553,0.0
Panama,PAN,1994,12123.35,North America,90.0,8.51,12687083.0,1424.6004700352528,0.2553,0.0
Panama,PAN,1995,12086.644,North America,90.0,8.71,2724555.0,1387.6743972445463,0.26130000000000003,0.0
Panama,PAN,1996,12327.852,North America,90.0,8.51,12687083.0,1448.631257344301,0.2553,0.0
Panama,PAN,1997,13013.891,North America,90.0,8.51,12687083.0,1529.2468860164513,0.2553,0.0
Panama,PAN,1998,13826.532,North America,90.0,8.51,12687083.0,1624.739365452409,0.2553,0.0
Panama,PAN,1999,14261.741,North America,90.0,8.51,12687083.0,1675.880258519389,0.2553,0.0
Panama,PAN,2000,14572.976,North America,92.0,9.24,3010376.0,1577.1619047619047,0.28336,2.2222222222222143
Panama,PAN,2001,14427.83,North America,90.0,8.51,12687083.0,1695.3971797884842,0.2553,-2.1739130434782594
Panama,PAN,2002,14507.144,North America,90.0,8.51,12687083.0,1704.7172737955348,0.2553,0.0
Panama,PAN,2003,14957.554,North America,90.0,8.51,12687083.0,1757.644418331375,0.2553,0.0
Panama,PAN,2004,15875.112,North America,90.0,8.51,12687083.0,1865.4655699177438,0.2553,0.0
Panama,PAN,2005,16867.96,North America,90.0,9.51,3313024.0,1773.707676130389,0.2853,0.0
Panama,PAN,2006,18190.273,North America,90.0,8.51,12687083.0,2137.517391304348,0.2553,0.0
Panama,PAN,2007,20208.822,North America,90.0,8.51,12687083.0,2374.7146886016453,0.2553,0.0
Panama,PAN,2008,21867.818,North America,90.0,8.51,12687083.0,2569.66133960047,0.2553,0.0
Panama,PAN,2009,21822.988,North America,90.0,8.51,12687083.0,2564.393419506463,0.2553,0.0
Panama,PAN,2010,22739.111,North America,94.0,9.72,3628537.0,2339.4147119341565,0.30456,4.444444444444451
Panama,PAN,2011,24999.46,North America,90.0,8.51,12687083.0,2937.65687426557,0.2553,-4.255319148936165
Panama,PAN,2012,26926.885,North America,90.0,8.51,12687083.0,3164.1462984723853,0.2553,0.0
Panama,PAN,2013,28135.328,North America,90.0,8.51,12687083.0,3306.1490011750884,0.2553,0.0
Panama,PAN,2014,28931.805,North America,90.0,8.51,12687083.0,3399.7420681551116,0.2553,0.0
Panama,PAN,2015,29933.156,North America,90.0,10.06,3960034.0,2975.46282306163,0.30180000000000007,0.0
Panama,PAN,2016,30765.236,North America,90.0,8.51,12687083.0,3615.1863689776733,0.2553,0.0
Panama,PAN,2017,31979.812,North America,90.0,8.51,12687083.0,3757.9097532314927,0.2553,0.0
Panama,PAN,2018,32681.447,North America,95.0,8.51,4167860.0,3840.3580493537015,0.26948333333333335,5.555555555555558
Panama,PAN,2019,33163.727,North America,96.0,8.51,4234698.0,3897.030199764982,0.27232,1.0526315789473717
Panama,PAN,2020,26881.799,North America,90.0,10.44,4293258.0,2574.884961685824,0.3132,-6.25
Panama,PAN,2021,30932.764,North America,90.0,8.51,12687083.0,3634.8723854289074,0.2553,0.0
Panama,PAN,2022,33915.152,North America,90.0,8.51,12687083.0,3985.3292596944775,0.2553,0.0
Panama,PAN,2023,35872.95,North America,90.0,8.51,12687083.0,4215.387779083431,0.2553,0.0
Papua New Guinea,PNG,1990,3164.149,Oceania,90.0,8.51,12687083.0,371.8153936545241,0.2553,0.0
Papua New Guinea,PNG,1991,3358.1887,Oceania,90.0,8.51,12687083.0,394.6167685076381,0.2553,0.0
Papua New Guinea,PNG,1992,3690.345,Oceania,90.0,8.51,12687083.0,433.64806110458284,0.2553,0.0
Papua New Guinea,PNG,1993,4206.429,Oceania,90.0,8.51,12687083.0,494.2924794359577,0.2553,0.0
Papua New Guinea,PNG,1994,4297.891,Oceania,90.0,8.51,12687083.0,505.0400705052879,0.2553,0.0
Papua New Guinea,PNG,1995,4008.722,Oceania,90.0,8.51,12687083.0,471.0601645123385,0.2553,0.0
Papua New Guinea,PNG,1996,4167.036,Oceania,90.0,8.51,12687083.0,489.66345475910697,0.2553,0.0
Papua New Guinea,PNG,1997,3864.2302,Oceania,90.0,8.51,12687083.0,454.0811045828437,0.2553,0.0
Papua New Guinea,PNG,1998,3590.1,Oceania,90.0,8.51,12687083.0,421.8683901292597,0.2553,0.0
Papua New Guinea,PNG,1999,3531.6594,Oceania,90.0,8.51,12687083.0,415.0011045828437,0.2553,0.0
Papua New Guinea,PNG,2000,3326.7986,Oceania,57.0,8.51,5537068.0,390.9281551116334,0.16169,-36.66666666666667
Papua New Guinea,PNG,2001,3211.7593,Oceania,90.0,8.51,12687083.0,377.4100235017627,0.2553,57.89473684210527
Papua New Guinea,PNG,2002,3100.7952,Oceania,90.0,8.51,12687083.0,364.3707638072856,0.2553,0.0
Papua New Guinea,PNG,2003,3064.444,Oceania,90.0,8.51,12687083.0,360.0991774383079,0.2553,0.0
Papua New Guinea,PNG,2004,3046.333,Oceania,90.0,8.51,12687083.0,357.9709753231493,0.2553,0.0
Papua New Guinea,PNG,2005,3136.5857,Oceania,90.0,8.51,12687083.0,368.5764629847239,0.2553,0.0
Papua New Guinea,PNG,2006,3202.4873,Oceania,90.0,8.51,12687083.0,376.32048178613394,0.2553,0.0
Papua New Guinea,PNG,2007,3345.8503,Oceania,90.0,8.51,12687083.0,393.16689776733256,0.2553,0.0
Papua New Guinea,PNG,2008,3233.9182,Oceania,90.0,8.51,12687083.0,380.0138895417156,0.2553,0.0
Papua New Guinea,PNG,2009,3349.6436,Oceania,90.0,8.51,12687083.0,393.6126439482961,0.2553,0.0
Papua New Guinea,PNG,2010,3579.1714,Oceania,90.0,8.51,12687083.0,420.58418331374855,0.2553,0.0
Papua New Guinea,PNG,2011,3514.8328,Oceania,90.0,8.51,12687083.0,413.02383078730907,0.2553,0.0
Papua New Guinea,PNG,2012,3577.4517,Oceania,90.0,8.51,12687083.0,420.3821034077556,0.2553,0.0
Papua New Guinea,PNG,2013,3615.2832,Oceania,90.0,8.51,12687083.0,424.82763807285545,0.2553,0.0
Papua New Guinea,PNG,2014,3998.6182,Oceania,90.0,8.51,12687083.0,469.87287896592244,0.2553,0.0
Papua New Guinea,PNG,2015,4154.5234,Oceania,90.0,4.61,8743247.0,901.1981344902385,0.1383,0.0
Papua New Guinea,PNG,2016,4275.7485,Oceania,90.0,8.51,12687083.0,502.4381316098707,0.2553,0.0
Papua New Guinea,PNG,2017,4322.2227,Oceania,70.06368,8.51,9178717.0,507.8992596944771,0.19874730560000003,-22.151466666666664
Papua New Guinea,PNG,2018,4211.1455,Oceania,90.0,8.51,12687083.0,494.84670975323144,0.2553,28.454571612567303
Papua New Guinea,PNG,2019,4301.6113,Oceania,90.0,8.51,12687083.0,505.4772385428907,0.2553,0.0
Papua New Guinea,PNG,2020,4077.6313,Oceania,90.0,4.84,9815743.0,842.485805785124,0.1452,0.0
Papua New Guinea,PNG,2021,3976.9038,Oceania,90.0,8.51,12687083.0,467.3212455934195,0.2553,0.0
Papua New Guinea,PNG,2022,4125.493,Oceania,90.0,8.51,12687083.0,484.7817861339601,0.2553,0.0
Papua New Guinea,PNG,2023,4205.8477,Oceania,90.0,8.51,12687083.0,494.22417156286724,0.2553,0.0
Paraguay,PRY,1990,9962.48,South America,90.0,6.43,4035752.0,1549.3748055987558,0.1929,0.0
Paraguay,PRY,1991,10040.3125,South America,90.0,8.51,12687083.0,1179.825205640423,0.2553,0.0
Paraguay,PRY,1992,9948.421,South America,90.0,8.51,4253608.0,1169.0271445358403,0.2553,0.0
Paraguay,PRY,1993,10178.455,South America,90.0,8.51,12687083.0,1196.0581668625148,0.2553,0.0
Paraguay,PRY,1994,10459.09,South America,90.0,8.51,12687083.0,1229.0352526439483,0.2553,0.0
Paraguay,PRY,1995,10908.272,South America,90.0,6.4,4579803.0,1704.4175,0.192,0.0
Paraguay,PRY,1996,10825.287,South America,90.0,8.51,12687083.0,1272.0666274970624,0.2553,0.0
Paraguay,PRY,1997,11033.016,South America,90.0,8.51,12687083.0,1296.4766157461809,0.2553,0.0
Paraguay,PRY,1998,10802.56,South America,90.0,8.51,12687083.0,1269.3960047003525,0.2553,0.0
Paraguay,PRY,1999,10435.398,South America,90.0,8.51,12687083.0,1226.251233842538,0.2553,0.0
Paraguay,PRY,2000,9998.593,South America,90.0,6.55,5100875.0,1526.5027480916033,0.1965,0.0
Paraguay,PRY,2001,9749.259,South America,90.0,8.51,12687083.0,1145.6238542890717,0.2553,0.0
Paraguay,PRY,2002,9610.748,South America,90.0,8.51,12687083.0,1129.3475910693303,0.2553,0.0
Paraguay,PRY,2003,9903.45,South America,90.0,8.51,12687083.0,1163.7426556991775,0.2553,0.0
Paraguay,PRY,2004,10187.194,South America,90.0,8.51,12687083.0,1197.0850763807284,0.2553,0.0
Paraguay,PRY,2005,10290.101,South America,90.0,8.03,5448100.0,1281.4571606475718,0.2409,0.0
Paraguay,PRY,2006,10672.993,South America,90.0,8.51,12687083.0,1254.170740305523,0.2553,0.0
Paraguay,PRY,2007,11141.87,South America,95.0,8.51,5559385.0,1309.2679200940072,0.26948333333333335,5.555555555555558
Paraguay,PRY,2008,11751.14,South America,93.0,8.51,5613577.0,1380.8625146886016,0.26381000000000004,-2.1052631578947323
Paraguay,PRY,2009,11601.285,South America,94.0,8.51,5671243.0,1363.253231492362,0.26664666666666664,1.0752688172043001
Paraguay,PRY,2010,12738.576,South America,94.0,7.99,5737973.0,1594.3148936170212,0.25035333333333337,0.0
Paraguay,PRY,2011,13109.467,South America,90.0,8.51,12687083.0,1540.4779083431258,0.2553,-4.255319148936165
Paraguay,PRY,2012,12834.802,South America,94.0,8.51,5897011.0,1508.2023501762633,0.26664666666666664,4.444444444444451
Paraguay,PRY,2013,13700.703,South America,95.0,8.51,5982447.0,1609.9533490011752,0.26948333333333335,1.0638297872340496
Paraguay,PRY,2014,14219.3545,South America,95.0,8.51,6069819.0,1670.8994712103408,0.26948333333333335,0.0
Paraguay,PRY,2015,14427.601,South America,96.0,8.4,6159106.0,1717.5715476190476,0.26880000000000004,1.0526315789473717
Paraguay,PRY,2016,14826.664,South America,95.0,8.51,6249129.0,1742.2636897767334,0.26948333333333335,-1.041666666666663
Paraguay,PRY,2017,15320.337,South America,90.0,8.51,12687083.0,1800.2746180963572,0.2553,-5.263157894736848
Paraguay,PRY,2018,15592.984,South America,94.0,8.51,6427382.0,1832.3130434782609,0.26664666666666664,4.444444444444451
Paraguay,PRY,2019,15321.324,South America,93.0,8.51,6515059.0,1800.3905992949472,0.26381000000000004,-1.0638297872340385
Paraguay,PRY,2020,14991.66,South America,95.0,8.83,6603741.0,1697.8097395243487,0.2796166666666667,2.1505376344086002
Paraguay,PRY,2021,15406.167,South America,90.0,8.51,12687083.0,1810.3603995299648,0.2553,-5.263157894736848
Paraguay,PRY,2022,15259.1455,South America,90.0,8.51,12687083.0,1793.0840775558167,0.2553,0.0
Paraguay,PRY,2023,15826.088,South America,90.0,8.51,12687083.0,1859.7048178613395,0.2553,0.0
Peru,PER,1990,6317.079,South America,90.0,7.39,22014772.0,854.8144790257104,0.22169999999999998,0.0
Peru,PER,1991,6322.5747,South America,90.0,8.51,12687083.0,742.958249118684,0.2553,0.0
Peru,PER,1992,6161.6357,South America,90.0,8.51,12687083.0,724.0464982373678,0.2553,0.0
Peru,PER,1993,6355.262,South America,87.0,8.51,23413783.0,746.799294947121,0.24679,-3.3333333333333326
Peru,PER,1994,6997.706,South America,90.0,8.51,12687083.0,822.2921269095183,0.2553,3.4482758620689724
Peru,PER,1995,7372.0425,South America,90.0,8.09,24348922.0,911.2537082818294,0.2427,0.0
Peru,PER,1996,7437.1924,South America,90.0,8.51,12687083.0,873.935652173913,0.2553,0.0
Peru,PER,1997,7773.827,South America,90.0,8.51,12687083.0,913.4931844888367,0.2553,0.0
Peru,PER,1998,7603.809,South America,90.0,8.51,12687083.0,893.514571092832,0.2553,0.0
Peru,PER,1999,7585.328,South America,90.0,8.51,12687083.0,891.3428907168038,0.2553,0.0
Peru,PER,2000,7669.095,South America,90.0,9.05,26598328.0,847.4138121546961,0.2715,0.0
Peru,PER,2001,7611.6665,South America,90.0,8.51,12687083.0,894.4378965922444,0.2553,0.0
Peru,PER,2002,7931.5796,South America,90.0,8.51,12687083.0,932.0305052878966,0.2553,0.0
Peru,PER,2003,8174.3794,South America,90.0,8.51,12687083.0,960.5616216216216,0.2553,0.0
Peru,PER,2004,8495.986,South America,88.0,8.51,27852190.0,998.353231492362,0.2496266666666667,-2.2222222222222254
Peru,PER,2005,8949.954,South America,88.0,9.88,28101175.0,905.8657894736841,0.28981333333333337,0.0
Peru,PER,2006,9547.913,South America,89.0,8.51,28324488.0,1121.9639247943596,0.2524633333333334,1.1363636363636465
Peru,PER,2007,10286.3545,South America,90.0,8.51,28530704.0,1208.7373090481785,0.2553,1.1235955056179803
Peru,PER,2008,11151.53,South America,90.0,8.51,12687083.0,1310.4030552291422,0.2553,0.0
Peru,PER,2009,11204.377,South America,90.0,8.51,12687083.0,1316.613043478261,0.2553,0.0
Peru,PER,2010,12059.018,South America,90.0,9.28,29086021.0,1299.4631465517243,0.2784,0.0
Peru,PER,2011,12726.6,South America,90.0,8.51,12687083.0,1495.4876615746182,0.2553,0.0
Peru,PER,2012,13395.399,South America,94.0,8.51,29550367.0,1574.077438307873,0.26664666666666664,4.444444444444451
Peru,PER,2013,14052.138,South America,90.0,8.51,12687083.0,1651.2500587544066,0.2553,-4.255319148936165
Peru,PER,2014,14244.566,South America,94.0,8.51,30115825.0,1673.8620446533491,0.26664666666666664,4.444444444444451
Peru,PER,2015,14542.793,South America,94.0,9.61,30457598.0,1513.2979188345473,0.3011133333333333,0.0
Peru,PER,2016,14917.449,South America,94.0,8.51,30866497.0,1752.9317273795536,0.26664666666666664,0.0
Peru,PER,2017,15069.522,South America,94.0,8.51,31324639.0,1770.8016451233843,0.26664666666666664,0.0
Peru,PER,2018,15386.26,South America,94.0,8.51,31897590.0,1808.0211515863691,0.26664666666666664,0.0
Peru,PER,2019,15463.543,South America,90.0,8.51,12687083.0,1817.1025851938896,0.2553,-4.255319148936165
Peru,PER,2020,13609.6,South America,94.0,9.96,32838577.0,1366.425702811245,0.31208,4.444444444444451
Peru,PER,2021,15280.551,South America,90.0,8.51,12687083.0,1795.5994124559343,0.2553,-4.255319148936165
Peru,PER,2022,15559.821,South America,90.0,8.51,12687083.0,1828.416098707403,0.2553,0.0
Peru,PER,2023,15327.582,South America,90.0,8.51,12687083.0,1801.1259694477087,0.2553,0.0
Philippines,PHL,1990,4504.4624,Asia,94.0,7.15,62854668.0,629.9947412587413,0.22403333333333333,4.444444444444451
Philippines,PHL,1991,4378.3955,Asia,90.0,8.51,12687083.0,514.5000587544065,0.2553,-4.255319148936165
Philippines,PHL,1992,4293.7183,Asia,90.0,8.51,12687083.0,504.5497414806111,0.2553,0.0
Philippines,PHL,1993,4283.1597,Asia,90.0,8.51,12687083.0,503.30901292596945,0.2553,0.0
Philippines,PHL,1994,4374.0674,Asia,94.0,8.51,69019297.0,513.9914688601646,0.26664666666666664,4.444444444444451
Philippines,PHL,1995,4477.323,Asia,90.0,7.59,70546245.0,589.897628458498,0.2277,-4.255319148936165
Philippines,PHL,1996,4631.772,Asia,90.0,8.51,12687083.0,544.2740305522914,0.2553,0.0
Philippines,PHL,1997,4758.7085,Asia,90.0,8.51,12687083.0,559.1901880141011,0.2553,0.0
Philippines,PHL,1998,4616.673,Asia,90.0,8.51,12687083.0,542.4997649823737,0.2553,0.0
Philippines,PHL,1999,4650.7593,Asia,90.0,8.51,12687083.0,546.505205640423,0.2553,0.0
Philippines,PHL,2000,4740.439,Asia,93.0,7.96,79625401.0,595.5325376884423,0.24675999999999998,3.3333333333333437
Philippines,PHL,2001,4778.401,Asia,90.0,8.51,12687083.0,561.5042303172738,0.2553,-3.2258064516129004
Philippines,PHL,2002,4856.4995,Asia,90.0,8.51,12687083.0,570.6814923619271,0.2553,0.0
Philippines,PHL,2003,5003.3833,Asia,93.0,8.51,84731836.0,587.941633372503,0.26381000000000004,3.3333333333333437
Philippines,PHL,2004,5229.4507,Asia,90.0,8.51,12687083.0,614.5065452408932,0.2553,-3.2258064516129004
Philippines,PHL,2005,5386.8164,Asia,90.0,8.27,88015959.0,651.3683675937123,0.24810000000000001,0.0
Philippines,PHL,2006,5578.5723,Asia,90.0,8.51,12687083.0,655.5314101057579,0.2553,0.0
Philippines,PHL,2007,5840.068,Asia,90.0,8.51,12687083.0,686.2594594594595,0.2553,0.0
Philippines,PHL,2008,5987.0376,Asia,95.0,8.51,92699091.0,703.5296827262044,0.26948333333333335,5.555555555555558
Philippines,PHL,2009,5965.307,Asia,90.0,8.51,12687083.0,700.9761457109283,0.2553,-5.263157894736848
Philippines,PHL,2010,6273.039,Asia,90.0,8.65,96337127.0,725.2068208092485,0.2595,0.0
Philippines,PHL,2011,6388.313,Asia,90.0,8.51,12687083.0,750.6830787309049,0.2553,0.0
Philippines,PHL,2012,6697.556,Asia,90.0,8.51,12687083.0,787.0218566392479,0.2553,0.0
Philippines,PHL,2013,7016.5386,Asia,96.0,8.51,102076334.0,824.5051233842538,0.27232,6.666666666666665
Philippines,PHL,2014,7340.362,Asia,90.0,8.51,12687083.0,862.5572267920095,0.2553,-6.25
Philippines,PHL,2015,7691.763,Asia,98.0,9.14,105312988.0,841.5495623632385,0.29857333333333336,8.888888888888879
Philippines,PHL,2016,8131.825,Asia,90.0,8.51,12687083.0,955.5611045828438,0.2553,-8.163265306122447
Philippines,PHL,2017,8584.136,Asia,90.0,8.51,12687083.0,1008.711633372503,0.2553,0.0
Philippines,PHL,2018,9016.286,Asia,90.0,8.51,12687083.0,1059.4930669800235,0.2553,0.0
Philippines,PHL,2019,9452.294,Asia,96.0,8.51,110804685.0,1110.7278495887192,0.27232,6.666666666666665
Philippines,PHL,2020,8455.185,Asia,98.0,9.44,112081270.0,895.676377118644,0.30837333333333333,2.083333333333326
Philippines,PHL,2021,8857.79,Asia,90.0,8.51,12687083.0,1040.8683901292598,0.2553,-8.163265306122447
Philippines,PHL,2022,9457.104,Asia,90.0,8.51,12687083.0,1111.2930669800235,0.2553,0.0
Philippines,PHL,2023,9898.533,Asia,90.0,8.51,12687083.0,1163.1648648648647,0.2553,0.0
Poland,POL,1990,12821.464,Europe,90.0,9.75,38055448.0,1315.0219487179488,0.29250000000000004,0.0
Poland,POL,1991,11879.754,Europe,90.0,8.51,12687083.0,1395.975793184489,0.2553,0.0
Poland,POL,1992,12141.235,Europe,90.0,8.51,12687083.0,1426.702115158637,0.2553,0.0
Poland,POL,1993,12563.1045,Europe,90.0,8.51,12687083.0,1476.275499412456,0.2553,0.0
Poland,POL,1994,13200.161,Europe,90.0,8.51,12687083.0,1551.1352526439484,0.2553,0.0
Poland,POL,1995,14227.566,Europe,90.0,10.32,38364668.0,1378.6401162790698,0.30960000000000004,0.0
Poland,POL,1996,15083.098,Europe,90.0,8.51,12687083.0,1772.3969447708578,0.2553,0.0
Poland,POL,1997,16031.721,Europe,90.0,8.51,12687083.0,1883.8685076380727,0.2553,0.0
Poland,POL,1998,16766.648,Europe,90.0,8.51,12687083.0,1970.2289071680377,0.2553,0.0
Poland,POL,1999,17556.002,Europe,90.0,8.51,12687083.0,2062.9849588719153,0.2553,0.0
Poland,POL,2000,18566.355,Europe,90.0,10.74,38258077.0,1728.7108938547485,0.3222,0.0
Poland,POL,2001,18800.602,Europe,90.0,8.51,12687083.0,2209.23642773208,0.2553,0.0
Poland,POL,2002,19166.914,Europe,90.0,8.51,12687083.0,2252.2813160987075,0.2553,0.0
Poland,POL,2003,19855.63,Europe,90.0,8.51,12687083.0,2333.21151586369,0.2553,0.0
Poland,POL,2004,20878.654,Europe,90.0,8.51,12687083.0,2453.4258519388954,0.2553,0.0
Poland,POL,2005,21568.947,Europe,90.0,11.36,38124377.0,1898.674911971831,0.3408,0.0
Poland,POL,2006,22921.197,Europe,90.0,8.51,12687083.0,2693.4426556991775,0.2553,0.0
Poland,POL,2007,24484.066,Europe,90.0,8.51,12687083.0,2877.093537015276,0.2553,0.0
Poland,POL,2008,25553.906,Europe,90.0,8.51,12687083.0,3002.8091656874267,0.2553,0.0
Poland,POL,2009,26204.41,Europe,90.0,8.51,12687083.0,3079.2491186839015,0.2553,0.0
Poland,POL,2010,27112.133,Europe,90.0,11.62,38095356.0,2333.230034423408,0.34859999999999997,0.0
Poland,POL,2011,28521.662,Europe,90.0,8.51,12687083.0,3351.546650998825,0.2553,0.0
Poland,POL,2012,28952.916,Europe,90.0,8.51,12687083.0,3402.2227967097533,0.2553,0.0
Poland,POL,2013,29168.625,Europe,90.0,8.51,12687083.0,3427.5705052878966,0.2553,0.0
Poland,POL,2014,30334.879,Europe,90.0,8.51,12687083.0,3564.6156286721507,0.2553,0.0
Poland,POL,2015,31700.37,Europe,90.0,11.84,38266314.0,2677.396114864865,0.3552,0.0
Poland,POL,2016,32675.305,Europe,90.0,8.51,12687083.0,3839.6363102232667,0.2553,0.0
Poland,POL,2017,34354.598,Europe,90.0,8.51,12687083.0,4036.96803760282,0.2553,0.0
Poland,POL,2018,36500.41,Europe,90.0,8.51,12687083.0,4289.119858989425,0.2553,0.0
Poland,POL,2019,38181.62,Europe,90.0,8.51,12687083.0,4486.676850763808,0.2553,0.0
Poland,POL,2020,37852.8,Europe,90.0,12.01,38171005.0,3151.773522064946,0.3603,0.0
Poland,POL,2021,41059.586,Europe,90.0,8.51,12687083.0,4824.863219741481,0.2553,0.0
Poland,POL,2022,43405.023,Europe,90.0,8.51,12687083.0,5100.472737955347,0.2553,0.0
Poland,POL,2023,43672.766,Europe,90.0,8.51,12687083.0,5131.93490011751,0.2553,0.0
Portugal,PRT,1990,27190.572,Europe,90.0,6.73,9989526.0,4040.2038632986623,0.20190000000000002,0.0
Portugal,PRT,1991,28443.795,Europe,88.0,8.51,9969181.0,3342.396592244418,0.2496266666666667,-2.2222222222222254
Portugal,PRT,1992,28776.047,Europe,90.0,8.51,12687083.0,3381.4391304347823,0.2553,2.2727272727272707
Portugal,PRT,1993,28153.615,Europe,90.0,8.51,12687083.0,3308.297884841363,0.2553,0.0
Portugal,PRT,1994,28348.865,Europe,90.0,8.51,12687083.0,3331.241480611046,0.2553,0.0
Portugal,PRT,1995,29460.814,Europe,90.0,7.49,10031756.0,3933.35300400534,0.2247,0.0
Portugal,PRT,1996,30378.756,Europe,90.0,8.51,12687083.0,3569.7715628672154,0.2553,0.0
Portugal,PRT,1997,31574.402,Europe,90.0,8.51,12687083.0,3710.2705052878964,0.2553,0.0
Portugal,PRT,1998,32925.664,Europe,90.0,8.51,12687083.0,3869.055699177438,0.2553,0.0
Portugal,PRT,1999,34018.965,Europe,90.0,8.51,12687083.0,3997.5282021151584,0.2553,0.0
Portugal,PRT,2000,35069.83,Europe,90.0,8.41,10283196.0,4170.015457788348,0.2523,0.0
Portugal,PRT,2001,35500.227,Europe,90.0,8.51,12687083.0,4171.589541715629,0.2553,0.0
Portugal,PRT,2002,35578.52,Europe,90.0,8.51,12687083.0,4180.7896592244415,0.2553,0.0
Portugal,PRT,2003,35115.38,Europe,90.0,8.51,12687083.0,4126.366627497062,0.2553,0.0
Portugal,PRT,2004,35658.13,Europe,90.0,8.51,12687083.0,4190.144535840188,0.2553,0.0
Portugal,PRT,2005,35870.31,Europe,90.0,8.12,10502993.0,4417.525862068966,0.2436,0.0
Portugal,PRT,2006,36387.535,Europe,90.0,8.51,12687083.0,4275.856051703879,0.2553,0.0
Portugal,PRT,2007,37226.47,Europe,90.0,8.51,12687083.0,4374.438307873091,0.2553,0.0
Portugal,PRT,2008,37291.504,Europe,90.0,8.51,12687083.0,4382.080376028202,0.2553,0.0
Portugal,PRT,2009,36092.812,Europe,90.0,8.51,12687083.0,4241.223501762632,0.2553,0.0
Portugal,PRT,2010,36703.113,Europe,90.0,8.71,10578659.0,4213.905051664752,0.26130000000000003,0.0
Portugal,PRT,2011,36127.297,Europe,94.0,8.51,10557050.0,4245.275793184489,0.26664666666666664,4.444444444444451
Portugal,PRT,2012,34804.633,Europe,90.0,8.51,12687083.0,4089.8511163337253,0.2553,-4.255319148936165
Portugal,PRT,2013,34651.773,Europe,90.0,8.51,12687083.0,4071.8887191539366,0.2553,0.0
Portugal,PRT,2014,35097.41,Europe,90.0,8.51,12687083.0,4124.25499412456,0.2553,0.0
Portugal,PRT,2015,35803.36,Europe,90.0,9.14,10370264.0,3917.2166301969364,0.27420000000000005,0.0
Portugal,PRT,2016,36636.297,Europe,90.0,8.51,12687083.0,4305.087779083431,0.2553,0.0
Portugal,PRT,2017,37943.113,Europe,90.0,8.51,12687083.0,4458.65017626322,0.2553,0.0
Portugal,PRT,2018,39123.613,Europe,90.0,8.51,12687083.0,4597.369330199765,0.2553,0.0
Portugal,PRT,2019,40188.285,Europe,90.0,8.51,12687083.0,4722.4776733255,0.2553,0.0
Portugal,PRT,2020,36852.23,Europe,90.0,9.56,10370519.0,3854.8357740585775,0.28680000000000005,0.0
Portugal,PRT,2021,38657.668,Europe,90.0,8.51,12687083.0,4542.616686251468,0.2553,0.0
Portugal,PRT,2022,41070.86,Europe,90.0,8.51,12687083.0,4826.188014101058,0.2553,0.0
Portugal,PRT,2023,41768.254,Europe,90.0,8.51,12687083.0,4908.137955346651,0.2553,0.0
Puerto Rico,PRI,1990,26738.814,North America,90.0,8.51,3541046.0,3142.0462984723854,0.2553,0.0
Puerto Rico,PRI,1991,27162.15,North America,90.0,8.51,12687083.0,3191.7920094007054,0.2553,0.0
Puerto Rico,PRI,1992,28219.115,North America,90.0,8.51,12687083.0,3315.994712103408,0.2553,0.0
Puerto Rico,PRI,1993,29282.111,North America,90.0,8.51,12687083.0,3440.9061104582847,0.2553,0.0
Puerto Rico,PRI,1994,30225.781,North America,90.0,8.51,12687083.0,3551.795652173913,0.2553,0.0
Puerto Rico,PRI,1995,31310.18,North America,90.0,8.51,12687083.0,3679.2220916568745,0.2553,0.0
Puerto Rico,PRI,1996,31677.23,North America,90.0,8.51,12687083.0,3722.3537015276147,0.2553,0.0
Puerto Rico,PRI,1997,32915.79,North America,90.0,8.51,12687083.0,3867.895417156287,0.2553,0.0
Puerto Rico,PRI,1998,34537.184,North America,90.0,8.51,12687083.0,4058.4235017626324,0.2553,0.0
Puerto Rico,PRI,1999,36216.84,North America,90.0,8.51,12687083.0,4255.797884841363,0.2553,0.0
Puerto Rico,PRI,2000,37298.547,North America,90.0,8.51,12687083.0,4382.907990599295,0.2553,0.0
Puerto Rico,PRI,2001,39568.555,North America,90.0,8.51,12687083.0,4649.653936545241,0.2553,0.0
Puerto Rico,PRI,2002,39879.73,North America,90.0,8.51,12687083.0,4686.219741480611,0.2553,0.0
Puerto Rico,PRI,2003,39876.066,North America,90.0,8.51,12687083.0,4685.7891891891895,0.2553,0.0
Puerto Rico,PRI,2004,43355.824,North America,90.0,8.51,12687083.0,5094.69142185664,0.2553,0.0
Puerto Rico,PRI,2005,42555.707,North America,90.0,8.51,12687083.0,5000.67062279671,0.2553,0.0
Puerto Rico,PRI,2006,42133.97,North America,90.0,8.51,12687083.0,4951.112808460634,0.2553,0.0
Puerto Rico,PRI,2007,41888.625,North America,90.0,8.51,12687083.0,4922.282608695652,0.2553,0.0
Puerto Rico,PRI,2008,41358.07,North America,90.0,8.51,12687083.0,4859.937720329025,0.2553,0.0
Puerto Rico,PRI,2009,40772.35,North America,90.0,8.51,12687083.0,4791.110458284371,0.2553,0.0
Puerto Rico,PRI,2010,40777.688,North America,92.0,8.51,3714834.0,4791.737720329025,0.26097333333333333,2.2222222222222143
Puerto Rico,PRI,2011,40972.535,North America,90.0,8.51,12687083.0,4814.633960047004,0.2553,-2.1739130434782594
Puerto Rico,PRI,2012,41347.453,North America,90.0,8.51,12687083.0,4858.690129259695,0.2553,0.0
Puerto Rico,PRI,2013,41556.785,North America,90.0,8.51,12687083.0,4883.288484136311,0.2553,0.0
Puerto Rico,PRI,2014,41593.68,North America,90.0,8.51,12687083.0,4887.623971797885,0.2553,0.0
Puerto Rico,PRI,2015,41737.605,North America,90.0,8.51,12687083.0,4904.5364277320805,0.2553,0.0
Puerto Rico,PRI,2016,41858.26,North America,90.0,8.51,12687083.0,4918.714453584019,0.2553,0.0
Puerto Rico,PRI,2017,41479.996,North America,92.0,8.51,3371878.0,4874.265099882491,0.26097333333333333,2.2222222222222143
Puerto Rico,PRI,2018,41119.31,North America,90.0,8.51,12687083.0,4831.881316098707,0.2553,-2.1739130434782594
Puerto Rico,PRI,2019,41656.33,North America,90.0,8.51,12687083.0,4894.985898942421,0.2553,0.0
Puerto Rico,PRI,2020,40171.387,North America,90.0,8.51,12687083.0,4720.492009400706,0.2553,0.0
Puerto Rico,PRI,2021,40559.477,North America,90.0,8.51,12687083.0,4766.096004700353,0.2553,0.0
Puerto Rico,PRI,2022,42310.957,North America,90.0,8.51,12687083.0,4971.910340775558,0.2553,0.0
Puerto Rico,PRI,2023,42837.9,North America,90.0,8.51,12687083.0,5033.830787309049,0.2553,0.0
Qatar,QAT,1990,71584.375,Asia,90.0,8.51,12687083.0,8411.794947121034,0.2553,0.0
Qatar,QAT,1991,68122.87,Asia,90.0,8.51,12687083.0,8005.037602820211,0.2553,0.0
Qatar,QAT,1992,73450.95,Asia,90.0,8.51,12687083.0,8631.133960047004,0.2553,0.0
Qatar,QAT,1993,70250.695,Asia,90.0,8.51,12687083.0,8255.07579318449,0.2553,0.0
Qatar,QAT,1994,69119.88,Asia,90.0,8.51,12687083.0,8122.195064629848,0.2553,0.0
Qatar,QAT,1995,68732.47,Asia,90.0,8.51,12687083.0,8076.67097532315,0.2553,0.0
Qatar,QAT,1996,69746.15,Asia,90.0,8.51,12687083.0,8195.787309048179,0.2553,0.0
Qatar,QAT,1997,87140.04,Asia,83.0,8.51,550511.0,10239.722679200939,0.23544333333333334,-7.777777777777772
Qatar,QAT,1998,91901.07,Asia,90.0,8.51,12687083.0,10799.185663924796,0.2553,8.43373493975903
Qatar,QAT,1999,90837.375,Asia,90.0,8.51,12687083.0,10674.192126909518,0.2553,0.0
Qatar,QAT,2000,93186.97,Asia,90.0,8.51,12687083.0,10950.290246768509,0.2553,0.0
Qatar,QAT,2001,92115.734,Asia,90.0,8.51,12687083.0,10824.410575793185,0.2553,0.0
Qatar,QAT,2002,94111.59,Asia,90.0,8.51,12687083.0,11058.94124559342,0.2553,0.0
Qatar,QAT,2003,93224.36,Asia,90.0,8.51,12687083.0,10954.683901292598,0.2553,0.0
Qatar,QAT,2004,107023.58,Asia,89.0,8.51,773341.0,12576.213866039954,0.2524633333333334,-1.1111111111111072
Qatar,QAT,2005,107784.414,Asia,90.0,8.51,12687083.0,12665.61856639248,0.2553,1.1235955056179803
Qatar,QAT,2006,115383.63,Asia,90.0,8.51,12687083.0,13558.593419506464,0.2553,0.0
Qatar,QAT,2007,109579.68,Asia,93.0,8.51,1208601.0,12876.578143360752,0.26381000000000004,3.3333333333333437
Qatar,QAT,2008,109206.3,Asia,94.0,8.51,1426942.0,12832.702702702703,0.26664666666666664,1.0752688172043001
Qatar,QAT,2009,108435.75,Asia,95.0,8.51,1586052.0,12742.156286721505,0.26948333333333335,1.0638297872340496
Qatar,QAT,2010,129044.71,Asia,96.0,8.51,1709238.0,15163.890716803762,0.27232,1.0526315789473717
Qatar,QAT,2011,145590.77,Asia,96.0,8.51,1810960.0,17108.19858989424,0.27232,0.0
Qatar,QAT,2012,143830.56,Asia,97.0,8.51,1907122.0,16901.35840188014,0.27515666666666666,1.041666666666674
Qatar,QAT,2013,136453.94,Asia,97.0,8.51,2032650.0,16034.540540540542,0.27515666666666666,0.0
Qatar,QAT,2014,128013.945,Asia,98.0,8.51,2218378.0,15042.766745005876,0.2779933333333333,1.0309278350515427
Qatar,QAT,2015,123070.82,Asia,90.0,8.46,2427340.0,14547.378250591017,0.2538,-8.163265306122447
Qatar,QAT,2016,120054.24,Asia,90.0,8.51,12687083.0,14107.431257344302,0.2553,0.0
Qatar,QAT,2017,115064.836,Asia,90.0,8.51,12687083.0,13521.13231492362,0.2553,0.0
Qatar,QAT,2018,114909.79,Asia,90.0,8.51,12687083.0,13502.91304347826,0.2553,0.0
Qatar,QAT,2019,113160.836,Asia,90.0,8.51,12687083.0,13297.3955346651,0.2553,0.0
Qatar,QAT,2020,103061.9,Asia,90.0,8.52,2803375.0,12096.467136150235,0.2556,0.0
Qatar,QAT,2021,116832.66,Asia,90.0,8.51,12687083.0,13728.86721504113,0.2553,0.0
Qatar,QAT,2022,114740.164,Asia,90.0,8.51,12687083.0,13482.980493537016,0.2553,0.0
Qatar,QAT,2023,116563.99,Asia,90.0,8.51,12687083.0,13697.296122209167,0.2553,0.0
Romania,ROU,1990,16316.912,Europe,90.0,9.84,22939530.0,1658.2227642276423,0.2952,0.0
Romania,ROU,1991,14333.03,Europe,90.0,8.51,12687083.0,1684.2573443008228,0.2553,0.0
Romania,ROU,1992,13195.097,Europe,97.0,8.51,22912389.0,1550.540188014101,0.27515666666666666,7.777777777777772
Romania,ROU,1993,13415.074,Europe,90.0,8.51,12687083.0,1576.3894242068156,0.2553,-7.216494845360821
Romania,ROU,1994,13962.832,Europe,90.0,8.51,12687083.0,1640.7558166862516,0.2553,0.0
Romania,ROU,1995,14863.247,Europe,90.0,10.37,22657722.0,1433.2928640308583,0.3111,0.0
Romania,ROU,1996,15488.622,Europe,90.0,8.51,12687083.0,1820.049588719154,0.2553,0.0
Romania,ROU,1997,14780.059,Europe,90.0,8.51,12687083.0,1736.7871915393655,0.2553,0.0
Romania,ROU,1998,14510.054,Europe,90.0,8.51,12687083.0,1705.0592244418333,0.2553,0.0
Romania,ROU,1999,14478.109,Europe,90.0,8.51,12687083.0,1701.3054054054055,0.2553,0.0
Romania,ROU,2000,14853.668,Europe,90.0,10.7,22046264.0,1388.1932710280375,0.32099999999999995,0.0
Romania,ROU,2001,15848.37,Europe,90.0,8.51,12687083.0,1862.3231492361929,0.2553,0.0
Romania,ROU,2002,17061.7,Europe,97.0,8.51,21770020.0,2004.9001175088133,0.27515666666666666,7.777777777777772
Romania,ROU,2003,17587.535,Europe,90.0,8.51,12687083.0,2066.690364277321,0.2553,-7.216494845360821
Romania,ROU,2004,19532.56,Europe,90.0,8.51,12687083.0,2295.24794359577,0.2553,0.0
Romania,ROU,2005,20571.012,Europe,90.0,10.89,21213395.0,1888.981818181818,0.32670000000000005,0.0
Romania,ROU,2006,22354.656,Europe,90.0,8.51,12687083.0,2626.8690951821386,0.2553,0.0
Romania,ROU,2007,24328.494,Europe,90.0,8.51,12687083.0,2858.812455934195,0.2553,0.0
Romania,ROU,2008,27039.713,Europe,90.0,8.51,12687083.0,3177.4045828437133,0.2553,0.0
Romania,ROU,2009,25761.738,Europe,90.0,8.51,12687083.0,3027.231257344301,0.2553,0.0
Romania,ROU,2010,24903.008,Europe,90.0,11.24,20432575.0,2215.570106761566,0.3372,0.0
Romania,ROU,2011,26150.855,Europe,99.0,8.51,20282009.0,3072.955934195065,0.28083,10.000000000000009
Romania,ROU,2012,26767.566,Europe,90.0,8.51,12687083.0,3145.42491186839,0.2553,-9.090909090909093
Romania,ROU,2013,26942.043,Europe,90.0,8.51,12687083.0,3165.92749706228,0.2553,0.0
Romania,ROU,2014,28156.248,Europe,90.0,8.51,12687083.0,3308.607285546416,0.2553,0.0
Romania,ROU,2015,29182.0,Europe,90.0,11.07,19871018.0,2636.13369467028,0.3321,0.0
Romania,ROU,2016,30189.273,Europe,90.0,8.51,12687083.0,3547.5056404230318,0.2553,0.0
Romania,ROU,2017,32852.773,Europe,90.0,8.51,12687083.0,3860.490364277321,0.2553,0.0
Romania,ROU,2018,34829.04,Europe,90.0,8.51,12687083.0,4092.7191539365454,0.2553,0.0
Romania,ROU,2019,36399.625,Europe,90.0,8.51,12687083.0,4277.276733254994,0.2553,0.0
Romania,ROU,2020,35283.754,Europe,90.0,11.28,19392467.0,3127.992375886525,0.33840000000000003,0.0
Romania,ROU,2021,37534.156,Europe,99.0,8.51,19248159.0,4410.594124559342,0.28083,10.000000000000009
Romania,ROU,2022,39256.99,Europe,90.0,8.51,12687083.0,4613.042303172738,0.2553,-9.090909090909093
Romania,ROU,2023,40116.855,Europe,90.0,8.51,12687083.0,4714.084018801411,0.2553,0.0
Russia,RUS,1990,29643.596,Europe,90.0,10.21,148979537.0,2903.388442703232,0.30630000000000007,0.0
Russia,RUS,1991,28066.922,Europe,90.0,8.51,12687083.0,3298.110693301998,0.2553,0.0
Russia,RUS,1992,23965.244,Europe,90.0,8.51,12687083.0,2816.1273795534667,0.2553,0.0
Russia,RUS,1993,21899.518,Europe,90.0,8.51,12687083.0,2573.3863689776736,0.2553,0.0
Russia,RUS,1994,19153.363,Europe,90.0,8.51,12687083.0,2250.688954171563,0.2553,0.0
Russia,RUS,1995,18363.713,Europe,90.0,10.73,148291406.0,1711.436439888164,0.3219,0.0
Russia,RUS,1996,17699.87,Europe,90.0,8.51,12687083.0,2079.8907168037604,0.2553,0.0
Russia,RUS,1997,17977.352,Europe,90.0,8.51,12687083.0,2112.4972972972973,0.2553,0.0
Russia,RUS,1998,17052.756,Europe,90.0,8.51,12687083.0,2003.8491186839015,0.2553,0.0
Russia,RUS,1999,18200.32,Europe,90.0,8.51,12687083.0,2138.6980023501765,0.2553,0.0
Russia,RUS,2000,20104.75,Europe,90.0,11.54,146717784.0,1742.179376083189,0.3462,0.0
Russia,RUS,2001,21219.904,Europe,90.0,8.51,12687083.0,2493.525734430082,0.2553,0.0
Russia,RUS,2002,22319.678,Europe,99.0,8.51,145939502.0,2622.7588719153937,0.28083,10.000000000000009
Russia,RUS,2003,24057.928,Europe,90.0,8.51,12687083.0,2827.0185663924794,0.2553,-9.090909090909093
Russia,RUS,2004,25894.146,Europe,90.0,8.51,12687083.0,3042.790364277321,0.2553,0.0
Russia,RUS,2005,27656.658,Europe,90.0,11.76,144597886.0,2351.7566326530614,0.3528,0.0
Russia,RUS,2006,30022.672,Europe,90.0,8.51,12687083.0,3527.928554641598,0.2553,0.0
Russia,RUS,2007,32630.37,Europe,90.0,8.51,12687083.0,3834.3560517038777,0.2553,0.0
Russia,RUS,2008,34342.227,Europe,90.0,8.51,12687083.0,4035.5143360752054,0.2553,0.0
Russia,RUS,2009,31654.004,Europe,90.0,8.51,12687083.0,3719.6244418331376,0.2553,0.0
Russia,RUS,2010,33063.586,Europe,100.0,12.02,143934468.0,2750.7143094841936,0.40066666666666667,11.111111111111116
Russia,RUS,2011,34444.645,Europe,90.0,8.51,12687083.0,4047.5493537015273,0.2553,-9.999999999999998
Russia,RUS,2012,35740.7,Europe,90.0,8.51,12687083.0,4199.84723854289,0.2553,0.0
Russia,RUS,2013,36260.066,Europe,90.0,8.51,12687083.0,4260.87732079906,0.2553,0.0
Russia,RUS,2014,35853.246,Europe,90.0,8.51,12687083.0,4213.072385428907,0.2553,0.0
Russia,RUS,2015,35037.152,Europe,90.0,11.56,145307612.0,3030.8955017301037,0.34680000000000005,0.0
Russia,RUS,2016,35005.45,Europe,90.0,8.51,12687083.0,4113.448883666275,0.2553,0.0
Russia,RUS,2017,35570.39,Europe,90.0,8.51,12687083.0,4179.834312573443,0.2553,0.0
Russia,RUS,2018,36536.695,Europe,90.0,8.51,12687083.0,4293.383666274971,0.2553,0.0
Russia,RUS,2019,37319.32,Europe,90.0,8.51,12687083.0,4385.349001175088,0.2553,0.0
Russia,RUS,2020,36376.336,Europe,90.0,11.6,146371295.0,3135.891034482759,0.348,0.0
Russia,RUS,2021,38638.43,Europe,100.0,8.51,145836172.0,4540.356051703878,0.2836666666666667,11.111111111111116
Russia,RUS,2022,38214.496,Europe,90.0,8.51,12687083.0,4490.540070505288,0.2553,-9.999999999999998
Russia,RUS,2023,39887.34,Europe,90.0,8.51,12687083.0,4687.113983548766,0.2553,0.0
Rwanda,RWA,1990,1122.9913,Africa,90.0,8.51,12687083.0,131.96137485311397,0.2553,0.0
Rwanda,RWA,1991,1072.6971,Africa,58.0,8.51,7526964.0,126.05136310223268,0.16452666666666665,-35.55555555555555
Rwanda,RWA,1992,1112.5903,Africa,90.0,8.51,12687083.0,130.73916568742658,0.2553,55.172413793103445
Rwanda,RWA,1993,984.2175,Africa,90.0,8.51,12687083.0,115.6542303172738,0.2553,0.0
Rwanda,RWA,1994,575.36755,Africa,90.0,8.51,12687083.0,67.6107579318449,0.2553,0.0
Rwanda,RWA,1995,931.3678,Africa,90.0,8.51,12687083.0,109.44392479435957,0.2553,0.0
Rwanda,RWA,1996,888.131,Africa,90.0,8.51,12687083.0,104.3632197414806,0.2553,0.0
Rwanda,RWA,1997,874.6947,Africa,90.0,8.51,12687083.0,102.78433607520564,0.2553,0.0
Rwanda,RWA,1998,913.7196,Africa,90.0,8.51,12687083.0,107.37010575793185,0.2553,0.0
Rwanda,RWA,1999,945.7332,Africa,90.0,8.51,12687083.0,111.13198589894242,0.2553,0.0
Rwanda,RWA,2000,1016.662,Africa,65.0,8.51,8213936.0,119.46674500587545,0.18438333333333334,-27.77777777777778
Rwanda,RWA,2001,1093.1841,Africa,90.0,8.51,12687083.0,128.4587661574618,0.2553,38.46153846153846
Rwanda,RWA,2002,1220.7395,Africa,90.0,8.51,12687083.0,143.44764982373678,0.2553,0.0
Rwanda,RWA,2003,1220.4991,Africa,90.0,8.51,12687083.0,143.41940070505288,0.2553,0.0
Rwanda,RWA,2004,1277.1927,Africa,90.0,8.51,12687083.0,150.08139835487663,0.2553,0.0
Rwanda,RWA,2005,1360.2959,Africa,90.0,8.51,12687083.0,159.84675675675678,0.2553,0.0
Rwanda,RWA,2006,1446.7109,Africa,90.0,8.51,12687083.0,170.00128084606345,0.2553,0.0
Rwanda,RWA,2007,1516.2675,Africa,90.0,8.51,12687083.0,178.17479435957696,0.2553,0.0
Rwanda,RWA,2008,1641.7777,Africa,90.0,8.51,12687083.0,192.9233490011751,0.2553,0.0
Rwanda,RWA,2009,1699.9446,Africa,90.0,8.51,12687083.0,199.75847238542892,0.2553,0.0
Rwanda,RWA,2010,1779.1586,Africa,90.0,8.51,12687083.0,209.06681551116333,0.2553,0.0
Rwanda,RWA,2011,1874.215,Africa,90.0,8.51,12687083.0,220.2367802585194,0.2553,0.0
Rwanda,RWA,2012,1988.0122,Africa,68.0,8.51,10829904.0,233.60895417156286,0.19289333333333336,-24.444444444444446
Rwanda,RWA,2013,2032.4048,Africa,90.0,8.51,12687083.0,238.8254759106933,0.2553,32.35294117647059
Rwanda,RWA,2014,2106.2146,Africa,71.0,8.51,11364758.0,247.4987779083431,0.20140333333333332,-21.111111111111114
Rwanda,RWA,2015,2238.5393,Africa,90.0,4.62,11640026.0,484.53231601731596,0.1386,26.7605633802817
Rwanda,RWA,2016,2316.6372,Africa,90.0,8.51,12687083.0,272.22528789659225,0.2553,0.0
Rwanda,RWA,2017,2351.597,Africa,90.0,8.51,12687083.0,276.3333725029378,0.2553,0.0
Rwanda,RWA,2018,2493.44,Africa,73.0,8.51,12488000.0,293.0011750881316,0.20707666666666666,-18.88888888888889
Rwanda,RWA,2019,2667.4646,Africa,90.0,8.51,12687083.0,313.4505992949471,0.2553,23.28767123287672
Rwanda,RWA,2020,2520.3174,Africa,80.05086,5.24,13065838.0,480.9766030534351,0.1398221688,-11.054600000000004
Rwanda,RWA,2021,2733.4355,Africa,90.0,8.51,12687083.0,321.2027614571093,0.2553,12.428523566142836
Rwanda,RWA,2022,2892.4597,Africa,79.0,8.51,13651025.0,339.88950646298474,0.2240966666666667,-12.222222222222223
Rwanda,RWA,2023,3062.999,Africa,90.0,8.51,12687083.0,359.92937720329024,0.2553,13.924050632911399
Saint Kitts And Nevis,KNA,1990,14326.041,North America,90.0,8.51,12687083.0,1683.4360752056405,0.2553,0.0
Saint Kitts And Nevis,KNA,1991,14084.684,North America,90.0,8.51,12687083.0,1655.074500587544,0.2553,0.0
Saint Kitts And Nevis,KNA,1992,14557.185,North America,90.0,8.51,12687083.0,1710.5975323149237,0.2553,0.0
Saint Kitts And Nevis,KNA,1993,15348.688,North America,90.0,8.51,12687083.0,1803.6061104582843,0.2553,0.0
Saint Kitts And Nevis,KNA,1994,15955.838,North America,90.0,8.51,12687083.0,1874.9515863689776,0.2553,0.0
Saint Kitts And Nevis,KNA,1995,16596.266,North America,90.0,8.51,12687083.0,1950.2075205640424,0.2553,0.0
Saint Kitts And Nevis,KNA,1996,17340.223,North America,90.0,8.51,12687083.0,2037.629024676851,0.2553,0.0
Saint Kitts And Nevis,KNA,1997,18288.494,North America,90.0,8.51,12687083.0,2149.059224441833,0.2553,0.0
Saint Kitts And Nevis,KNA,1998,17963.7,North America,90.0,8.51,12687083.0,2110.893066980024,0.2553,0.0
Saint Kitts And Nevis,KNA,1999,18291.424,North America,90.0,8.51,12687083.0,2149.403525264395,0.2553,0.0
Saint Kitts And Nevis,KNA,2000,19840.58,North America,90.0,8.51,12687083.0,2331.443008225617,0.2553,0.0
Saint Kitts And Nevis,KNA,2001,20648.79,North America,90.0,8.51,12687083.0,2426.4148061104584,0.2553,0.0
Saint Kitts And Nevis,KNA,2002,20813.404,North America,90.0,8.51,12687083.0,2445.758401880141,0.2553,0.0
Saint Kitts And Nevis,KNA,2003,19927.182,North America,90.0,8.51,12687083.0,2341.6195064629846,0.2553,0.0
Saint Kitts And Nevis,KNA,2004,20661.346,North America,90.0,8.51,12687083.0,2427.890246768508,0.2553,0.0
Saint Kitts And Nevis,KNA,2005,22612.713,North America,90.0,8.51,12687083.0,2657.1930669800236,0.2553,0.0
Saint Kitts And Nevis,KNA,2006,23258.984,North America,90.0,8.51,12687083.0,2733.135605170388,0.2553,0.0
Saint Kitts And Nevis,KNA,2007,23330.045,North America,90.0,8.51,12687083.0,2741.4858989424206,0.2553,0.0
Saint Kitts And Nevis,KNA,2008,25898.783,North America,90.0,8.51,12687083.0,3043.3352526439485,0.2553,0.0
Saint Kitts And Nevis,KNA,2009,24973.805,North America,90.0,8.51,12687083.0,2934.642185663925,0.2553,0.0
Saint Kitts And Nevis,KNA,2010,24997.566,North America,90.0,8.51,12687083.0,2937.434312573443,0.2553,0.0
Saint Kitts And Nevis,KNA,2011,25380.008,North America,90.0,8.51,12687083.0,2982.3746180963576,0.2553,0.0
Saint Kitts And Nevis,KNA,2012,25114.057,North America,90.0,8.51,12687083.0,2951.12303172738,0.2553,0.0
Saint Kitts And Nevis,KNA,2013,26532.102,North America,90.0,8.51,12687083.0,3117.7558166862514,0.2553,0.0
Saint Kitts And Nevis,KNA,2014,28530.307,North America,90.0,8.51,12687083.0,3352.562514688602,0.2553,0.0
Saint Kitts And Nevis,KNA,2015,28729.566,North America,90.0,8.51,12687083.0,3375.9772032902465,0.2553,0.0
Saint Kitts And Nevis,KNA,2016,29867.027,North America,90.0,8.51,12687083.0,3509.638895417156,0.2553,0.0
Saint Kitts And Nevis,KNA,2017,29948.92,North America,90.0,8.51,12687083.0,3519.2620446533488,0.2553,0.0
Saint Kitts And Nevis,KNA,2018,30576.248,North America,90.0,8.51,12687083.0,3592.9786133960047,0.2553,0.0
Saint Kitts And Nevis,KNA,2019,31512.193,North America,90.0,8.51,12687083.0,3702.960399529965,0.2553,0.0
Saint Kitts And Nevis,KNA,2020,26736.928,North America,90.0,8.51,12687083.0,3141.824676850764,0.2553,0.0
Saint Kitts And Nevis,KNA,2021,26896.617,North America,90.0,8.51,12687083.0,3160.5895417156285,0.2553,0.0
Saint Kitts And Nevis,KNA,2022,29749.87,North America,90.0,8.51,12687083.0,3495.8719153936545,0.2553,0.0
Saint Kitts And Nevis,KNA,2023,30616.578,North America,90.0,8.51,12687083.0,3597.7177438307876,0.2553,0.0
Saint Lucia,LCA,1990,17222.148,North America,90.0,8.51,12687083.0,2023.7541715628674,0.2553,0.0
Saint Lucia,LCA,1991,17080.799,North America,90.0,8.51,12687083.0,2007.1444183313747,0.2553,0.0
Saint Lucia,LCA,1992,18166.207,North America,90.0,8.51,12687083.0,2134.6894242068156,0.2553,0.0
Saint Lucia,LCA,1993,18004.031,North America,90.0,8.51,12687083.0,2115.632314923619,0.2553,0.0
Saint Lucia,LCA,1994,18020.514,North America,90.0,8.51,12687083.0,2117.5692126909516,0.2553,0.0
Saint Lucia,LCA,1995,18048.781,North America,90.0,8.51,12687083.0,2120.8908343125736,0.2553,0.0
Saint Lucia,LCA,1996,18301.152,North America,90.0,8.51,12687083.0,2150.5466509988246,0.2553,0.0
Saint Lucia,LCA,1997,17920.033,North America,90.0,8.51,12687083.0,2105.761809635723,0.2553,0.0
Saint Lucia,LCA,1998,18786.998,North America,90.0,8.51,12687083.0,2207.6378378378377,0.2553,0.0
Saint Lucia,LCA,1999,19039.463,North America,90.0,8.51,12687083.0,2237.3047003525267,0.2553,0.0
Saint Lucia,LCA,2000,18818.885,North America,90.0,8.51,12687083.0,2211.384841363102,0.2553,0.0
Saint Lucia,LCA,2001,17993.637,North America,90.0,8.51,12687083.0,2114.410928319624,0.2553,0.0
Saint Lucia,LCA,2002,17911.629,North America,90.0,8.51,12687083.0,2104.774265569918,0.2553,0.0
Saint Lucia,LCA,2003,18522.514,North America,90.0,8.51,12687083.0,2176.5586368977674,0.2553,0.0
Saint Lucia,LCA,2004,19715.83,North America,90.0,8.51,12687083.0,2316.783783783784,0.2553,0.0
Saint Lucia,LCA,2005,19491.219,North America,90.0,8.51,12687083.0,2290.3900117508815,0.2553,0.0
Saint Lucia,LCA,2006,20551.06,North America,90.0,8.51,12687083.0,2414.930669800235,0.2553,0.0
Saint Lucia,LCA,2007,20759.305,North America,90.0,8.51,12687083.0,2439.401292596945,0.2553,0.0
Saint Lucia,LCA,2008,21651.234,North America,90.0,8.51,12687083.0,2544.210810810811,0.2553,0.0
Saint Lucia,LCA,2009,20907.334,North America,90.0,8.51,12687083.0,2456.7960047003526,0.2553,0.0
Saint Lucia,LCA,2010,20849.055,North America,90.0,8.51,12687083.0,2449.9477085781436,0.2553,0.0
Saint Lucia,LCA,2011,21637.87,North America,90.0,8.51,12687083.0,2542.6404230317276,0.2553,0.0
Saint Lucia,LCA,2012,21515.9,North America,90.0,8.51,12687083.0,2528.307873090482,0.2553,0.0
Saint Lucia,LCA,2013,21029.29,North America,90.0,8.51,12687083.0,2471.1269095182142,0.2553,0.0
Saint Lucia,LCA,2014,21214.477,North America,90.0,8.51,12687083.0,2492.8880141010577,0.2553,0.0
Saint Lucia,LCA,2015,21142.973,North America,90.0,8.51,12687083.0,2484.4856639247946,0.2553,0.0
Saint Lucia,LCA,2016,21775.475,North America,90.0,8.51,12687083.0,2558.8102232667447,0.2553,0.0
Saint Lucia,LCA,2017,22422.598,North America,90.0,8.51,12687083.0,2634.8528789659226,0.2553,0.0
Saint Lucia,LCA,2018,22981.918,North America,90.0,8.51,12687083.0,2700.577908343126,0.2553,0.0
Saint Lucia,LCA,2019,22738.248,North America,90.0,8.51,12687083.0,2671.944535840188,0.2553,0.0
Saint Lucia,LCA,2020,17142.045,North America,90.0,8.51,12687083.0,2014.3413631022324,0.2553,0.0
Saint Lucia,LCA,2021,19101.166,North America,90.0,8.51,12687083.0,2244.555346650999,0.2553,0.0
Saint Lucia,LCA,2022,22962.281,North America,90.0,8.51,12687083.0,2698.270387779083,0.2553,0.0
Saint Lucia,LCA,2023,23403.744,North America,90.0,8.51,12687083.0,2750.146180963572,0.2553,0.0
Saint Vincent And The Grenadines,VCT,1990,7467.379,North America,90.0,8.51,12687083.0,877.4828437132785,0.2553,0.0
Saint Vincent And The Grenadines,VCT,1991,7524.585,North America,90.0,8.51,12687083.0,884.205052878966,0.2553,0.0
Saint Vincent And The Grenadines,VCT,1992,7984.0796,North America,90.0,8.51,12687083.0,938.1997179788484,0.2553,0.0
Saint Vincent And The Grenadines,VCT,1993,8306.775,North America,90.0,8.51,12687083.0,976.1192714453584,0.2553,0.0
Saint Vincent And The Grenadines,VCT,1994,8189.8438,North America,90.0,8.51,12687083.0,962.3788249118684,0.2553,0.0
Saint Vincent And The Grenadines,VCT,1995,8815.849,North America,90.0,8.51,12687083.0,1035.9399529964749,0.2553,0.0
Saint Vincent And The Grenadines,VCT,1996,8923.705,North America,90.0,8.51,12687083.0,1048.613983548766,0.2553,0.0
Saint Vincent And The Grenadines,VCT,1997,9234.699,North America,90.0,8.51,12687083.0,1085.1585193889543,0.2553,0.0
Saint Vincent And The Grenadines,VCT,1998,9609.104,North America,90.0,8.51,12687083.0,1129.1544065804935,0.2553,0.0
Saint Vincent And The Grenadines,VCT,1999,9853.348,North America,90.0,8.51,12687083.0,1157.8552291421856,0.2553,0.0
Saint Vincent And The Grenadines,VCT,2000,9999.059,North America,90.0,8.51,12687083.0,1174.9775558166862,0.2553,0.0
Saint Vincent And The Grenadines,VCT,2001,10177.81,North America,90.0,8.51,12687083.0,1195.9823736780259,0.2553,0.0
Saint Vincent And The Grenadines,VCT,2002,10736.088,North America,90.0,8.51,12687083.0,1261.5849588719154,0.2553,0.0
Saint Vincent And The Grenadines,VCT,2003,11475.331,North America,90.0,8.51,12687083.0,1348.452526439483,0.2553,0.0
Saint Vincent And The Grenadines,VCT,2004,11979.907,North America,90.0,8.51,12687083.0,1407.744653349001,0.2553,0.0
Saint Vincent And The Grenadines,VCT,2005,12320.071,North America,90.0,8.51,12687083.0,1447.716921269095,0.2553,0.0
Saint Vincent And The Grenadines,VCT,2006,13233.407,North America,90.0,8.51,12687083.0,1555.0419506462983,0.2553,0.0
Saint Vincent And The Grenadines,VCT,2007,13732.362,North America,90.0,8.51,12687083.0,1613.6735605170388,0.2553,0.0
Saint Vincent And The Grenadines,VCT,2008,13850.394,North America,90.0,8.51,12687083.0,1627.5433607520565,0.2553,0.0
Saint Vincent And The Grenadines,VCT,2009,13723.784,North America,90.0,8.51,12687083.0,1612.6655699177438,0.2553,0.0
Saint Vincent And The Grenadines,VCT,2010,13175.723,North America,90.0,8.51,12687083.0,1548.2635722679202,0.2553,0.0
Saint Vincent And The Grenadines,VCT,2011,13168.896,North America,90.0,8.51,12687083.0,1547.4613396004702,0.2553,0.0
Saint Vincent And The Grenadines,VCT,2012,13397.963,North America,90.0,8.51,12687083.0,1574.3787309048178,0.2553,0.0
Saint Vincent And The Grenadines,VCT,2013,13804.184,North America,90.0,8.51,12687083.0,1622.1132784958872,0.2553,0.0
Saint Vincent And The Grenadines,VCT,2014,14040.246,North America,90.0,8.51,12687083.0,1649.852643948296,0.2553,0.0
Saint Vincent And The Grenadines,VCT,2015,14508.861,North America,90.0,8.51,12687083.0,1704.9190364277322,0.2553,0.0
Saint Vincent And The Grenadines,VCT,2016,15197.748,North America,90.0,8.51,12687083.0,1785.869330199765,0.2553,0.0
Saint Vincent And The Grenadines,VCT,2017,15533.222,North America,90.0,8.51,12687083.0,1825.290481786134,0.2553,0.0
Saint Vincent And The Grenadines,VCT,2018,16139.066,North America,90.0,8.51,12687083.0,1896.482491186839,0.2553,0.0
Saint Vincent And The Grenadines,VCT,2019,16365.325,North America,90.0,8.51,12687083.0,1923.069917743831,0.2553,0.0
Saint Vincent And The Grenadines,VCT,2020,15763.705,North America,90.0,8.51,12687083.0,1852.3742655699177,0.2553,0.0
Saint Vincent And The Grenadines,VCT,2021,16200.899,North America,90.0,8.51,12687083.0,1903.7484136310222,0.2553,0.0
Saint Vincent And The Grenadines,VCT,2022,16835.023,North America,90.0,8.51,12687083.0,1978.2635722679202,0.2553,0.0
Saint Vincent And The Grenadines,VCT,2023,17858.244,North America,90.0,8.51,12687083.0,2098.5010575793185,0.2553,0.0
Samoa,WSM,1990,3990.9268,Oceania,90.0,8.51,12687083.0,468.9690716803761,0.2553,0.0
Samoa,WSM,1991,3891.63,Oceania,98.0,8.51,169378.0,457.30082256169214,0.2779933333333333,8.888888888888879
Samoa,WSM,1992,3861.889,Oceania,90.0,8.51,12687083.0,453.80599294947126,0.2553,-8.163265306122447
Samoa,WSM,1993,3986.4539,Oceania,90.0,8.51,12687083.0,468.44346650998824,0.2553,0.0
Samoa,WSM,1994,3854.0393,Oceania,90.0,8.51,12687083.0,452.8835840188014,0.2553,0.0
Samoa,WSM,1995,4077.991,Oceania,90.0,8.51,12687083.0,479.1998824911868,0.2553,0.0
Samoa,WSM,1996,4333.5127,Oceania,90.0,8.51,12687083.0,509.22593419506467,0.2553,0.0
Samoa,WSM,1997,4325.138,Oceania,90.0,8.51,12687083.0,508.2418331374853,0.2553,0.0
Samoa,WSM,1998,4386.519,Oceania,90.0,8.51,12687083.0,515.4546415981199,0.2553,0.0
Samoa,WSM,1999,4448.32,Oceania,90.0,8.51,12687083.0,522.716803760282,0.2553,0.0
Samoa,WSM,2000,4638.594,Oceania,90.0,8.51,12687083.0,545.0756756756757,0.2553,0.0
Samoa,WSM,2001,4941.115,Oceania,90.0,8.51,12687083.0,580.6245593419507,0.2553,0.0
Samoa,WSM,2002,5183.4546,Oceania,90.0,8.51,12687083.0,609.101598119859,0.2553,0.0
Samoa,WSM,2003,5425.444,Oceania,90.0,8.51,12687083.0,637.5374853113984,0.2553,0.0
Samoa,WSM,2004,5568.347,Oceania,90.0,8.51,12687083.0,654.3298472385429,0.2553,0.0
Samoa,WSM,2005,5914.8896,Oceania,90.0,8.51,12687083.0,695.0516568742656,0.2553,0.0
Samoa,WSM,2006,6017.477,Oceania,90.0,8.51,12687083.0,707.106580493537,0.2553,0.0
Samoa,WSM,2007,6013.2764,Oceania,90.0,8.51,12687083.0,706.612972972973,0.2553,0.0
Samoa,WSM,2008,6182.763,Oceania,90.0,8.51,12687083.0,726.5291421856639,0.2553,0.0
Samoa,WSM,2009,6104.1274,Oceania,90.0,8.51,12687083.0,717.2887661574619,0.2553,0.0
Samoa,WSM,2010,6427.3115,Oceania,90.0,8.51,12687083.0,755.2657461809636,0.2553,0.0
Samoa,WSM,2011,6616.771,Oceania,99.0,8.51,194726.0,777.5289071680376,0.28083,10.000000000000009
Samoa,WSM,2012,6311.961,Oceania,90.0,8.51,12687083.0,741.7110458284371,0.2553,-9.090909090909093
Samoa,WSM,2013,6262.3237,Oceania,90.0,8.51,12687083.0,735.8782256169213,0.2553,0.0
Samoa,WSM,2014,6247.905,Oceania,90.0,8.51,12687083.0,734.1839012925969,0.2553,0.0
Samoa,WSM,2015,6432.36,Oceania,90.0,8.51,12687083.0,755.8589894242068,0.2553,0.0
Samoa,WSM,2016,6887.305,Oceania,99.0,8.51,203509.0,809.3190364277322,0.28083,10.000000000000009
Samoa,WSM,2017,6919.0156,Oceania,90.0,8.51,12687083.0,813.0453113983549,0.2553,-9.090909090909093
Samoa,WSM,2018,6805.0454,Oceania,90.0,8.51,12687083.0,799.6528084606346,0.2553,0.0
Samoa,WSM,2019,7033.521,Oceania,97.99026,8.51,209794.0,826.500705052879,0.27796570420000005,8.878066666666683
Samoa,WSM,2020,6745.2925,Oceania,90.0,8.51,12687083.0,792.6313160987073,0.2553,-8.154136951978707
Samoa,WSM,2021,6350.1143,Oceania,90.0,8.51,12687083.0,746.1943948296123,0.2553,0.0
Samoa,WSM,2022,6449.365,Oceania,90.0,8.51,12687083.0,757.8572267920094,0.2553,0.0
Samoa,WSM,2023,7383.7456,Oceania,90.0,8.51,12687083.0,867.6551821386604,0.2553,0.0
San Marino,SMR,1997,66923.03,Europe,90.0,8.51,12687083.0,7864.0458284371325,0.2553,0.0
San Marino,SMR,1998,71024.56,Europe,90.0,8.51,12687083.0,8346.011750881316,0.2553,0.0
San Marino,SMR,1999,76474.13,Europe,90.0,8.51,12687083.0,8986.384253819037,0.2553,0.0
San Marino,SMR,2000,77149.414,Europe,90.0,8.51,12687083.0,9065.736075205641,0.2553,0.0
San Marino,SMR,2001,80420.77,Europe,90.0,8.51,12687083.0,9450.149236192716,0.2553,0.0
San Marino,SMR,2002,79649.53,Europe,90.0,8.51,12687083.0,9359.521739130434,0.2553,0.0
San Marino,SMR,2003,81688.375,Europe,90.0,8.51,12687083.0,9599.103995299647,0.2553,0.0
San Marino,SMR,2004,80724.81,Europe,90.0,8.51,12687083.0,9485.876615746181,0.2553,0.0
San Marino,SMR,2005,81632.17,Europe,90.0,8.51,12687083.0,9592.499412455934,0.2553,0.0
San Marino,SMR,2006,83781.55,Europe,90.0,8.51,12687083.0,9845.070505287897,0.2553,0.0
San Marino,SMR,2007,86785.016,Europe,90.0,8.51,12687083.0,10198.004230317274,0.2553,0.0
San Marino,SMR,2008,85120.29,Europe,90.0,8.51,12687083.0,10002.384253819037,0.2553,0.0
San Marino,SMR,2009,73093.83,Europe,90.0,8.51,12687083.0,8589.169212690953,0.2553,0.0
San Marino,SMR,2010,68669.25,Europe,90.0,8.51,12687083.0,8069.242068155112,0.2553,0.0
San Marino,SMR,2011,64214.117,Europe,90.0,8.51,12687083.0,7545.724676850764,0.2553,0.0
San Marino,SMR,2012,58176.38,Europe,90.0,8.51,12687083.0,6836.237367802585,0.2553,0.0
San Marino,SMR,2013,58467.977,Europe,90.0,8.51,12687083.0,6870.50258519389,0.2553,0.0
San Marino,SMR,2014,58743.586,Europe,90.0,8.51,12687083.0,6902.889071680376,0.2553,0.0
San Marino,SMR,2015,59647.66,Europe,90.0,8.51,12687083.0,7009.125734430083,0.2553,0.0
San Marino,SMR,2016,60669.82,Europe,90.0,8.51,12687083.0,7129.238542890717,0.2553,0.0
San Marino,SMR,2017,59524.56,Europe,90.0,8.51,12687083.0,6994.660399529965,0.2553,0.0
San Marino,SMR,2018,59194.043,Europe,90.0,8.51,12687083.0,6955.821739130434,0.2553,0.0
San Marino,SMR,2019,60171.047,Europe,90.0,8.51,12687083.0,7070.628319623972,0.2553,0.0
San Marino,SMR,2020,55998.07,Europe,90.0,8.51,12687083.0,6580.266745005875,0.2553,0.0
San Marino,SMR,2021,64745.133,Europe,90.0,8.51,12687083.0,7608.123736780259,0.2553,0.0
San Marino,SMR,2022,70887.57,Europe,100.0,8.51,34113.0,8329.914218566393,0.2836666666666667,11.111111111111116
San Marino,SMR,2023,70951.79,Europe,90.0,8.51,12687083.0,8337.460634547591,0.2553,-9.999999999999998
Sao Tome And Principe,STP,1990,3883.2043,Africa,90.0,8.51,12687083.0,456.31072855464157,0.2553,0.0
Sao Tome And Principe,STP,1991,3844.8965,Africa,73.0,8.51,125711.0,451.8092244418331,0.20707666666666666,-18.88888888888889
Sao Tome And Principe,STP,1992,3798.8835,Africa,90.0,8.51,12687083.0,446.40229142185666,0.2553,23.28767123287672
Sao Tome And Principe,STP,1993,3771.2861,Africa,90.0,8.51,12687083.0,443.1593537015276,0.2553,0.0
Sao Tome And Principe,STP,1994,3788.4836,Africa,90.0,8.51,12687083.0,445.18021151586373,0.2553,0.0
Sao Tome And Principe,STP,1995,3802.2913,Africa,90.0,8.51,12687083.0,446.80273795534663,0.2553,0.0
Sao Tome And Principe,STP,1996,3801.0815,Africa,90.0,8.51,12687083.0,446.6605757931845,0.2553,0.0
Sao Tome And Principe,STP,1997,3784.7903,Africa,90.0,8.51,12687083.0,444.7462162162162,0.2553,0.0
Sao Tome And Principe,STP,1998,3828.9983,Africa,90.0,8.51,12687083.0,449.94104582843715,0.2553,0.0
Sao Tome And Principe,STP,1999,3878.131,Africa,90.0,8.51,12687083.0,455.71457109283193,0.2553,0.0
Sao Tome And Principe,STP,2000,3852.8904,Africa,90.0,8.51,12687083.0,452.7485781433608,0.2553,0.0
Sao Tome And Principe,STP,2001,3907.0193,Africa,85.0,8.51,146386.0,459.10920094007054,0.24111666666666667,-5.555555555555558
Sao Tome And Principe,STP,2002,3942.7605,Africa,90.0,8.51,12687083.0,463.30910693301996,0.2553,5.882352941176472
Sao Tome And Principe,STP,2003,4161.638,Africa,90.0,8.51,12687083.0,489.02914218566394,0.2553,0.0
Sao Tome And Principe,STP,2004,4202.562,Africa,90.0,8.51,12687083.0,493.83807285546413,0.2553,0.0
Sao Tome And Principe,STP,2005,4371.497,Africa,90.0,8.51,12687083.0,513.6894242068156,0.2553,0.0
Sao Tome And Principe,STP,2006,4644.1807,Africa,90.0,8.51,12687083.0,545.7321621621621,0.2553,0.0
Sao Tome And Principe,STP,2007,4698.084,Africa,90.0,8.51,12687083.0,552.0662749706228,0.2553,0.0
Sao Tome And Principe,STP,2008,4873.181,Africa,90.0,8.51,12687083.0,572.6417156286722,0.2553,0.0
Sao Tome And Principe,STP,2009,4919.1953,Africa,90.0,8.51,12687083.0,578.0488014101059,0.2553,0.0
Sao Tome And Principe,STP,2010,4882.048,Africa,90.0,8.51,12687083.0,573.6836662749706,0.2553,0.0
Sao Tome And Principe,STP,2011,4876.473,Africa,90.0,8.51,12687083.0,573.0285546415981,0.2553,0.0
Sao Tome And Principe,STP,2012,4919.5527,Africa,90.0,8.51,189452.0,578.0907990599295,0.2553,0.0
Sao Tome And Principe,STP,2013,5072.112,Africa,90.0,8.51,12687083.0,596.0178613396005,0.2553,0.0
Sao Tome And Principe,STP,2014,5223.0957,Africa,90.0,8.51,12687083.0,613.759776733255,0.2553,0.0
Sao Tome And Principe,STP,2015,5210.2036,Africa,90.0,8.51,12687083.0,612.2448413631022,0.2553,0.0
Sao Tome And Principe,STP,2016,5388.5093,Africa,90.0,8.51,12687083.0,633.1973325499413,0.2553,0.0
Sao Tome And Principe,STP,2017,5521.2026,Africa,90.0,8.51,12687083.0,648.7899647473561,0.2553,0.0
Sao Tome And Principe,STP,2018,5674.7236,Africa,90.0,8.51,12687083.0,666.830035252644,0.2553,0.0
Sao Tome And Principe,STP,2019,5702.0835,Africa,87.43846,8.51,213405.0,670.0450646298473,0.2480337648666667,-2.8461555555555518
Sao Tome And Principe,STP,2020,5742.9473,Africa,90.0,8.51,12687083.0,674.8469212690952,0.2553,2.9295346692976842
Sao Tome And Principe,STP,2021,5732.6943,Africa,90.0,8.51,12687083.0,673.6421034077556,0.2553,0.0
Sao Tome And Principe,STP,2022,5632.1387,Africa,90.0,8.51,12687083.0,661.8259341950647,0.2553,0.0
Sao Tome And Principe,STP,2023,5541.302,Africa,90.0,8.51,12687083.0,651.151821386604,0.2553,0.0
Saudi Arabia,SAU,1990,65196.574,Asia,90.0,8.51,12687083.0,7661.172032902468,0.2553,0.0
Saudi Arabia,SAU,1991,67268.555,Asia,90.0,8.51,12687083.0,7904.648061104583,0.2553,0.0
Saudi Arabia,SAU,1992,67183.91,Asia,71.0,8.51,11686682.0,7894.701527614572,0.20140333333333332,-21.111111111111114
Saudi Arabia,SAU,1993,64517.664,Asia,90.0,8.51,12687083.0,7581.394124559341,0.2553,26.7605633802817
Saudi Arabia,SAU,1994,62403.695,Asia,90.0,8.51,12687083.0,7332.984136310223,0.2553,0.0
Saudi Arabia,SAU,1995,60058.316,Asia,90.0,8.51,12687083.0,7057.38143360752,0.2553,0.0
Saudi Arabia,SAU,1996,59612.812,Asia,90.0,8.51,12687083.0,7005.030787309048,0.2553,0.0
Saudi Arabia,SAU,1997,58875.547,Asia,90.0,8.51,12687083.0,6918.395652173913,0.2553,0.0
Saudi Arabia,SAU,1998,58306.62,Asia,90.0,8.51,12687083.0,6851.541715628673,0.2553,0.0
Saudi Arabia,SAU,1999,55878.17,Asia,90.0,8.51,12687083.0,6566.177438307873,0.2553,0.0
Saudi Arabia,SAU,2000,55962.266,Asia,79.0,8.51,16177733.0,6576.05945945946,0.2240966666666667,-12.222222222222223
Saudi Arabia,SAU,2001,53309.113,Asia,90.0,8.51,12687083.0,6264.290599294947,0.2553,13.924050632911399
Saudi Arabia,SAU,2002,50371.977,Asia,90.0,8.51,12687083.0,5919.151233842538,0.2553,0.0
Saudi Arabia,SAU,2003,52234.65,Asia,90.0,8.51,12687083.0,6138.031727379554,0.2553,0.0
Saudi Arabia,SAU,2004,54196.55,Asia,83.0,8.51,19669486.0,6368.572267920094,0.23544333333333334,-7.777777777777772
Saudi Arabia,SAU,2005,54931.793,Asia,90.0,8.51,12687083.0,6454.969800235018,0.2553,8.43373493975903
Saudi Arabia,SAU,2006,54373.74,Asia,90.0,8.51,12687083.0,6389.3936545240895,0.2553,0.0
Saudi Arabia,SAU,2007,53318.418,Asia,90.0,8.51,12687083.0,6265.38401880141,0.2553,0.0
Saudi Arabia,SAU,2008,54407.707,Asia,90.0,8.51,12687083.0,6393.385076380729,0.2553,0.0
Saudi Arabia,SAU,2009,51760.766,Asia,90.0,8.51,12687083.0,6082.346180963573,0.2553,0.0
Saudi Arabia,SAU,2010,54911.547,Asia,90.0,8.51,12687083.0,6452.59071680376,0.2553,0.0
Saudi Arabia,SAU,2011,58645.445,Asia,90.0,8.51,12687083.0,6891.356639247943,0.2553,0.0
Saudi Arabia,SAU,2012,59471.7,Asia,90.0,8.51,12687083.0,6988.448883666275,0.2553,0.0
Saudi Arabia,SAU,2013,57998.465,Asia,94.0,8.51,28026825.0,6815.330787309048,0.26664666666666664,4.444444444444451
Saudi Arabia,SAU,2014,58872.266,Asia,90.0,8.51,12687083.0,6918.010105757932,0.2553,-4.255319148936165
Saudi Arabia,SAU,2015,58498.54,Asia,90.0,9.34,29974944.0,6263.226980728052,0.2802,0.0
Saudi Arabia,SAU,2016,57308.45,Asia,90.0,8.51,12687083.0,6734.247943595769,0.2553,0.0
Saudi Arabia,SAU,2017,57942.547,Asia,95.0,8.51,30782400.0,6808.759929494712,0.26948333333333335,5.555555555555558
Saudi Arabia,SAU,2018,61359.465,Asia,90.0,8.51,12687083.0,7210.277908343125,0.2553,-5.263157894736848
Saudi Arabia,SAU,2019,62647.73,Asia,90.0,8.51,12687083.0,7361.660399529966,0.2553,0.0
Saudi Arabia,SAU,2020,57420.734,Asia,98.0,9.86,30991206.0,5823.603853955376,0.32209333333333334,8.888888888888879
Saudi Arabia,SAU,2021,62690.496,Asia,90.0,8.51,12687083.0,7366.685781433607,0.2553,-8.163265306122447
Saudi Arabia,SAU,2022,67178.59,Asia,90.0,8.51,12687083.0,7894.076380728555,0.2553,0.0
Saudi Arabia,SAU,2023,64481.844,Asia,90.0,8.51,12687083.0,7577.184958871915,0.2553,0.0
Senegal,SEN,1990,2923.3442,Africa,90.0,2.37,7720524.0,1233.4785654008438,0.0711,0.0
Senegal,SEN,1991,2917.0142,Africa,90.0,8.51,12687083.0,342.7748766157462,0.2553,0.0
Senegal,SEN,1992,2874.003,Africa,90.0,8.51,12687083.0,337.72068155111634,0.2553,0.0
Senegal,SEN,1993,2834.028,Africa,90.0,8.51,12687083.0,333.02326674500586,0.2553,0.0
Senegal,SEN,1994,2757.8608,Africa,90.0,8.51,12687083.0,324.07294947121034,0.2553,0.0
Senegal,SEN,1995,2835.0327,Africa,90.0,2.26,8848112.0,1254.4392477876108,0.06779999999999999,0.0
Senegal,SEN,1996,2822.4683,Africa,90.0,8.51,12687083.0,331.6649001175088,0.2553,0.0
Senegal,SEN,1997,2840.6082,Africa,90.0,8.51,12687083.0,333.7964982373678,0.2553,0.0
Senegal,SEN,1998,2938.6917,Africa,90.0,8.51,12687083.0,345.32217391304346,0.2553,0.0
Senegal,SEN,1999,3050.178,Africa,90.0,8.51,12687083.0,358.42279670975324,0.2553,0.0
Senegal,SEN,2000,3093.2878,Africa,90.0,1.98,9968262.0,1562.2665656565657,0.0594,0.0
Senegal,SEN,2001,3149.331,Africa,90.0,8.51,12687083.0,370.0741480611046,0.2553,0.0
Senegal,SEN,2002,3075.2317,Africa,39.0,8.51,10466216.0,361.36682726204464,0.11063,-56.666666666666664
Senegal,SEN,2003,3170.035,Africa,90.0,8.51,12687083.0,372.50705052878965,0.2553,130.76923076923075
Senegal,SEN,2004,3240.302,Africa,90.0,8.51,12687083.0,380.76404230317274,0.2553,0.0
Senegal,SEN,2005,3301.8208,Africa,90.0,1.67,11235473.0,1977.1382035928145,0.0501,0.0
Senegal,SEN,2006,3301.0315,Africa,42.0,8.51,11500094.0,387.9002937720329,0.11914,-53.333333333333336
Senegal,SEN,2007,3316.4204,Africa,90.0,8.51,12687083.0,389.70862514688605,0.2553,114.28571428571428
Senegal,SEN,2008,3359.7056,Africa,90.0,8.51,12687083.0,394.79501762632196,0.2553,0.0
Senegal,SEN,2009,3371.4617,Africa,48.0,8.51,12337390.0,396.17646298472386,0.13616,-46.666666666666664
Senegal,SEN,2010,3403.5671,Africa,90.0,3.11,12635418.0,1094.3945659163987,0.0933,87.5
Senegal,SEN,2011,3362.8794,Africa,52.0,8.51,12958902.0,395.1679670975323,0.14750666666666667,-42.22222222222223
Senegal,SEN,2012,3405.1086,Africa,90.0,8.51,12687083.0,400.1302702702703,0.2553,73.07692307692308
Senegal,SEN,2013,3385.426,Africa,44.0,8.51,13710857.0,397.81739130434784,0.12481333333333335,-51.11111111111111
Senegal,SEN,2014,3484.0122,Africa,90.0,8.51,12687083.0,409.40213866039954,0.2553,104.54545454545455
Senegal,SEN,2015,3593.7947,Africa,43.59273,3.73,14593335.0,963.4838337801608,0.05420029430000001,-51.563633333333335
Senegal,SEN,2016,3710.0554,Africa,46.09964,8.51,15034517.0,435.9642068155112,0.13076931213333334,5.750752476387677
Senegal,SEN,2017,3871.4514,Africa,52.0,8.51,15475001.0,454.9296592244418,0.14750666666666667,12.799145503088516
Senegal,SEN,2018,3998.2864,Africa,46.60591,8.51,15914495.0,469.8338895417156,0.13220543136666668,-10.37325
Senegal,SEN,2019,4070.6123,Africa,46.83367,8.51,16352926.0,478.33282021151587,0.13285151056666666,0.4886933867400023
Senegal,SEN,2020,4018.0413,Africa,90.0,4.4,16789217.0,913.1912045454544,0.132,92.16943707379757
Senegal,SEN,2021,4173.6772,Africa,90.0,8.51,12687083.0,490.4438542890717,0.2553,0.0
Senegal,SEN,2022,4228.734,Africa,90.0,8.51,12687083.0,496.9135135135136,0.2553,0.0
Senegal,SEN,2023,4304.7617,Africa,50.35582,8.51,18077573.0,505.8474383078731,0.1428426760666667,-44.04908888888889
Serbia,SRB,1995,9444.791,Europe,90.0,8.88,7823281.0,1063.60259009009,0.2664,78.7280993537589
Serbia,SRB,1996,10035.056,Europe,90.0,8.51,12687083.0,1179.2075205640424,0.2553,0.0
Serbia,SRB,1997,10965.528,Europe,90.0,8.51,12687083.0,1288.5461809635724,0.2553,0.0
Serbia,SRB,1998,11598.379,Europe,90.0,8.51,12687083.0,1362.9117508813163,0.2553,0.0
Serbia,SRB,1999,10438.504,Europe,90.0,8.51,12687083.0,1226.6162162162163,0.2553,0.0
Serbia,SRB,2000,11105.995,Europe,90.0,9.52,7694608.0,1166.5961134453783,0.28559999999999997,0.0
Serbia,SRB,2001,11879.226,Europe,90.0,8.51,12687083.0,1395.9137485311398,0.2553,0.0
Serbia,SRB,2002,12661.992,Europe,90.0,8.51,12687083.0,1487.895652173913,0.2553,0.0
Serbia,SRB,2003,13273.745,Europe,96.0,8.51,7590946.0,1559.7820211515866,0.27232,6.666666666666665
Serbia,SRB,2004,14194.424,Europe,90.0,8.51,12687083.0,1667.9699177438308,0.2553,-6.25
Serbia,SRB,2005,15077.621,Europe,90.0,10.6,7539139.0,1422.4170754716981,0.318,0.0
Serbia,SRB,2006,15727.469,Europe,90.0,8.51,12687083.0,1848.1162162162161,0.2553,0.0
Serbia,SRB,2007,17028.158,Europe,90.0,8.51,12687083.0,2000.9586368977673,0.2553,0.0
Serbia,SRB,2008,17983.355,Europe,90.0,8.51,12687083.0,2113.2027027027025,0.2553,0.0
Serbia,SRB,2009,17488.195,Europe,90.0,8.51,12687083.0,2055.0170387779085,0.2553,0.0
Serbia,SRB,2010,17841.506,Europe,90.0,11.52,7395872.0,1548.741840277778,0.3456,0.0
Serbia,SRB,2011,17986.658,Europe,98.0,8.51,7364858.0,2113.5908343125734,0.2779933333333333,8.888888888888879
Serbia,SRB,2012,17993.889,Europe,90.0,8.51,12687083.0,2114.4405405405405,0.2553,-8.163265306122447
Serbia,SRB,2013,18163.28,Europe,90.0,8.51,12687083.0,2134.345475910693,0.2553,0.0
Serbia,SRB,2014,17922.51,Europe,90.0,8.51,12687083.0,2106.0528789659224,0.2553,0.0
Serbia,SRB,2015,18247.885,Europe,90.0,11.49,7177257.0,1588.1536118363792,0.3447,0.0
Serbia,SRB,2016,18889.46,Europe,99.0,8.51,7126083.0,2219.678025851939,0.28083,10.000000000000009
Serbia,SRB,2017,19439.072,Europe,90.0,8.51,12687083.0,2284.262279670975,0.2553,-9.090909090909093
Serbia,SRB,2018,20454.31,Europe,90.0,8.51,12687083.0,2403.5616921269097,0.2553,0.0
Serbia,SRB,2019,21541.215,Europe,99.0,8.51,6966155.0,2531.2826086956525,0.28083,10.000000000000009
Serbia,SRB,2020,21479.168,Europe,90.0,11.72,6907814.0,1832.6935153583618,0.3516,-9.090909090909093
Serbia,SRB,2021,23406.404,Europe,90.0,8.51,12687083.0,2750.4587544065803,0.2553,0.0
Serbia,SRB,2022,24651.95,Europe,90.0,8.51,12687083.0,2896.8213866039955,0.2553,0.0
Serbia,SRB,2023,25735.24,Europe,90.0,8.51,12687083.0,3024.1175088131613,0.2553,0.0
Seychelles,SYC,1990,15478.848,Africa,90.0,8.51,12687083.0,1818.9010575793184,0.2553,0.0
Seychelles,SYC,1991,15695.671,Africa,90.0,8.51,12687083.0,1844.3796709753233,0.2553,0.0
Seychelles,SYC,1992,16744.508,Africa,90.0,8.51,12687083.0,1967.6272620446537,0.2553,0.0
Seychelles,SYC,1993,17596.898,Africa,90.0,8.51,12687083.0,2067.7905992949472,0.2553,0.0
Seychelles,SYC,1994,16716.521,Africa,88.0,8.51,77279.0,1964.338542890717,0.2496266666666667,-2.2222222222222254
Seychelles,SYC,1995,16552.455,Africa,90.0,8.51,12687083.0,1945.0593419506465,0.2553,2.2727272727272707
Seychelles,SYC,1996,17942.174,Africa,90.0,8.51,12687083.0,2108.36357226792,0.2553,0.0
Seychelles,SYC,1997,19895.143,Africa,90.0,8.51,12687083.0,2337.85464159812,0.2553,0.0
Seychelles,SYC,1998,19991.229,Africa,90.0,8.51,12687083.0,2349.1455934195064,0.2553,0.0
Seychelles,SYC,1999,19969.352,Africa,90.0,8.51,12687083.0,2346.5748531139834,0.2553,0.0
Seychelles,SYC,2000,20633.674,Africa,90.0,8.51,12687083.0,2424.638542890717,0.2553,0.0
Seychelles,SYC,2001,20147.418,Africa,90.0,8.51,12687083.0,2367.499177438308,0.2553,0.0
Seychelles,SYC,2002,19777.752,Africa,92.0,8.51,85878.0,2324.0601645123384,0.26097333333333333,2.2222222222222143
Seychelles,SYC,2003,18825.22,Africa,90.0,8.51,12687083.0,2212.1292596944772,0.2553,-2.1739130434782594
Seychelles,SYC,2004,18356.47,Africa,90.0,8.51,12687083.0,2157.0470035252647,0.2553,0.0
Seychelles,SYC,2005,19917.12,Africa,90.0,8.51,12687083.0,2340.437132784959,0.2553,0.0
Seychelles,SYC,2006,21341.86,Africa,90.0,8.51,12687083.0,2507.856639247944,0.2553,0.0
Seychelles,SYC,2007,23117.855,Africa,90.0,8.51,12687083.0,2716.5517038777907,0.2553,0.0
Seychelles,SYC,2008,21990.37,Africa,90.0,8.51,12687083.0,2584.0622796709754,0.2553,0.0
Seychelles,SYC,2009,21361.13,Africa,90.0,8.51,12687083.0,2510.121034077556,0.2553,0.0
Seychelles,SYC,2010,21708.756,Africa,94.0,8.51,94993.0,2550.9701527614575,0.26664666666666664,4.444444444444451
Seychelles,SYC,2011,24406.412,Africa,90.0,8.51,12687083.0,2867.968507638073,0.2553,-4.255319148936165
Seychelles,SYC,2012,24919.955,Africa,90.0,8.51,12687083.0,2928.314336075206,0.2553,0.0
Seychelles,SYC,2013,24770.652,Africa,90.0,8.51,12687083.0,2910.769917743831,0.2553,0.0
Seychelles,SYC,2014,25379.418,Africa,90.0,8.51,12687083.0,2982.3052878965923,0.2553,0.0
Seychelles,SYC,2015,27032.209,Africa,90.0,8.51,12687083.0,3176.522796709753,0.2553,0.0
Seychelles,SYC,2016,29905.135,Africa,90.0,8.51,12687083.0,3514.116921269095,0.2553,0.0
Seychelles,SYC,2017,31595.668,Africa,90.0,8.51,12687083.0,3712.7694477085784,0.2553,0.0
Seychelles,SYC,2018,32841.426,Africa,90.0,8.51,12687083.0,3859.156991774383,0.2553,0.0
Seychelles,SYC,2019,34346.07,Africa,90.0,8.51,12687083.0,4035.9659224441834,0.2553,0.0
Seychelles,SYC,2020,30056.2,Africa,90.0,8.51,12687083.0,3531.8683901292598,0.2553,0.0
Seychelles,SYC,2021,29979.828,Africa,90.0,8.51,12687083.0,3522.894007050529,0.2553,0.0
Seychelles,SYC,2022,27978.178,Africa,90.0,8.51,12687083.0,3287.682491186839,0.2553,0.0
Seychelles,SYC,2023,28635.355,Africa,90.0,8.51,12687083.0,3364.906580493537,0.2553,0.0
Sierra Leone,SLE,1990,2703.599,Africa,90.0,2.17,4196834.0,1245.8981566820278,0.0651,0.0
Sierra Leone,SLE,1991,2734.9685,Africa,90.0,8.51,12687083.0,321.3829024676851,0.2553,0.0
Sierra Leone,SLE,1992,2257.4495,Africa,90.0,8.51,12687083.0,265.2702115158637,0.2553,0.0
Sierra Leone,SLE,1993,2293.5635,Africa,90.0,8.51,12687083.0,269.5139247943596,0.2553,0.0
Sierra Leone,SLE,1994,2240.29,Africa,90.0,8.51,12687083.0,263.2538190364277,0.2553,0.0
Sierra Leone,SLE,1995,2058.077,Africa,90.0,2.55,4179178.0,807.0890196078433,0.0765,0.0
Sierra Leone,SLE,1996,2084.1821,Africa,90.0,8.51,12687083.0,244.90976498237367,0.2553,0.0
Sierra Leone,SLE,1997,1936.5565,Africa,90.0,8.51,12687083.0,227.56245593419507,0.2553,0.0
Sierra Leone,SLE,1998,1951.8209,Africa,90.0,8.51,12687083.0,229.35615746180963,0.2553,0.0
Sierra Leone,SLE,1999,1903.3269,Africa,90.0,8.51,12687083.0,223.65768507638074,0.2553,0.0
Sierra Leone,SLE,2000,1981.5061,Africa,90.0,2.9,4423615.0,683.2779655172415,0.087,0.0
Sierra Leone,SLE,2001,1749.3508,Africa,90.0,8.51,12687083.0,205.56413631022326,0.2553,0.0
Sierra Leone,SLE,2002,2089.2615,Africa,90.0,8.51,12687083.0,245.5066392479436,0.2553,0.0
Sierra Leone,SLE,2003,2196.2812,Africa,90.0,8.51,12687083.0,258.0823971797885,0.2553,0.0
Sierra Leone,SLE,2004,2260.8381,Africa,35.0,8.51,5355715.0,265.668401880141,0.09928333333333333,-61.111111111111114
Sierra Leone,SLE,2005,2296.6577,Africa,90.0,3.36,5501707.0,683.5290773809525,0.1008,157.14285714285717
Sierra Leone,SLE,2006,2342.7546,Africa,90.0,8.51,12687083.0,275.29431257344305,0.2553,0.0
Sierra Leone,SLE,2007,2377.8054,Africa,90.0,8.51,12687083.0,279.4130904817862,0.2553,0.0
Sierra Leone,SLE,2008,2404.652,Africa,90.0,8.51,12687083.0,282.5678025851939,0.2553,0.0
Sierra Leone,SLE,2009,2376.5825,Africa,90.0,8.51,12687083.0,279.2693889541716,0.2553,0.0
Sierra Leone,SLE,2010,2459.768,Africa,90.0,4.28,6222715.0,574.7121495327102,0.12840000000000001,0.0
Sierra Leone,SLE,2011,2590.5283,Africa,90.0,8.51,12687083.0,304.40990599294946,0.2553,0.0
Sierra Leone,SLE,2012,2792.9263,Africa,90.0,8.51,12687083.0,328.19345475910694,0.2553,0.0
Sierra Leone,SLE,2013,3124.7283,Africa,90.0,8.51,12687083.0,367.1831139835488,0.2553,0.0
Sierra Leone,SLE,2014,2812.5283,Africa,90.0,8.51,12687083.0,330.4968625146886,0.2553,0.0
Sierra Leone,SLE,2015,2628.1707,Africa,90.0,4.23,7037660.0,621.3169503546098,0.1269,0.0
Sierra Leone,SLE,2016,2732.261,Africa,90.0,8.51,12687083.0,321.0647473560517,0.2553,0.0
Sierra Leone,SLE,2017,2753.4272,Africa,44.83318,8.51,7379300.0,323.5519623971798,0.12717678726666667,-50.18535555555555
Sierra Leone,SLE,2018,2767.3801,Africa,90.0,8.51,12687083.0,325.1915511163337,0.2553,100.74418098381601
Sierra Leone,SLE,2019,2852.6626,Africa,43.57778,8.51,7731994.0,335.21299647473563,0.12361563593333334,-51.580244444444446
Sierra Leone,SLE,2020,2752.6262,Africa,90.0,4.99,7912557.0,551.6284969939879,0.1497,106.52727146724779
Sierra Leone,SLE,2021,2849.3887,Africa,90.0,8.51,12687083.0,334.82828437132787,0.2553,0.0
Sierra Leone,SLE,2022,2934.7332,Africa,90.0,8.51,12687083.0,344.8570152761457,0.2553,0.0
Sierra Leone,SLE,2023,3034.946,Africa,90.0,8.51,12687083.0,356.6329024676851,0.2553,0.0
Singapore,SGP,1990,45567.79,Asia,89.0,8.51,3039593.0,5354.616921269096,0.2524633333333334,-1.1111111111111072
Singapore,SGP,1991,47251.695,Asia,90.0,8.51,12687083.0,5552.490599294947,0.2553,1.1235955056179803
Singapore,SGP,1992,48897.81,Asia,90.0,8.51,12687083.0,5745.923619271445,0.2553,0.0
Singapore,SGP,1993,53139.844,Asia,90.0,8.51,12687083.0,6244.4,0.2553,0.0
Singapore,SGP,1994,57213.098,Asia,90.0,8.51,12687083.0,6723.0432432432435,0.2553,0.0
Singapore,SGP,1995,59483.637,Asia,90.0,8.51,12687083.0,6989.851586368978,0.2553,0.0
Singapore,SGP,1996,61381.754,Asia,90.0,8.51,12687083.0,7212.897062279671,0.2553,0.0
Singapore,SGP,1997,64291.203,Asia,90.0,8.51,12687083.0,7554.782961222092,0.2553,0.0
Singapore,SGP,1998,60782.195,Asia,90.0,8.51,12687083.0,7142.443595769683,0.2553,0.0
Singapore,SGP,1999,63746.48,Asia,90.0,8.51,12687083.0,7490.7732079906,0.2553,0.0
Singapore,SGP,2000,68314.55,Asia,93.0,8.51,4035251.0,8027.56169212691,0.26381000000000004,3.3333333333333437
Singapore,SGP,2001,65784.4,Asia,90.0,8.51,12687083.0,7730.246768507637,0.2553,-3.2258064516129004
Singapore,SGP,2002,67744.27,Asia,90.0,8.51,12687083.0,7960.5487661574625,0.2553,0.0
Singapore,SGP,2003,71877.53,Asia,90.0,8.51,12687083.0,8446.243243243243,0.2553,0.0
Singapore,SGP,2004,78039.02,Asia,90.0,8.51,12687083.0,9170.272620446534,0.2553,0.0
Singapore,SGP,2005,81841.16,Asia,90.0,8.51,12687083.0,9617.057579318449,0.2553,0.0
Singapore,SGP,2006,86463.83,Asia,90.0,8.51,12687083.0,10160.26204465335,0.2553,0.0
Singapore,SGP,2007,90417.805,Asia,90.0,8.51,12687083.0,10624.888954171562,0.2553,0.0
Singapore,SGP,2008,87329.59,Asia,90.0,8.51,12687083.0,10261.996474735604,0.2553,0.0
Singapore,SGP,2009,84843.516,Asia,90.0,8.51,12687083.0,9969.860869565218,0.2553,0.0
Singapore,SGP,2010,95456.19,Asia,96.0,8.51,5077020.0,11216.943595769684,0.27232,6.666666666666665
Singapore,SGP,2011,99296.76,Asia,96.0,8.51,5182242.0,11668.244418331375,0.27232,0.0
Singapore,SGP,2012,101187.83,Asia,96.0,8.51,5293345.0,11890.461809635723,0.27232,0.0
Singapore,SGP,2013,104359.03,Asia,97.0,8.51,5385589.0,12263.105757931846,0.27515666666666666,1.041666666666674
Singapore,SGP,2014,107066.86,Asia,97.0,8.51,5457899.0,12581.299647473561,0.27515666666666666,0.0
Singapore,SGP,2015,108953.73,Asia,97.0,12.54,5525343.0,8688.495215311004,0.40546,0.0
Singapore,SGP,2016,111579.74,Asia,97.0,8.51,5577936.0,13111.602820211518,0.27515666666666666,0.0
Singapore,SGP,2017,116471.82,Asia,97.0,8.51,5604087.0,13686.465334900118,0.27515666666666666,0.0
Singapore,SGP,2018,119927.766,Asia,97.0,8.51,5634366.0,14092.569447708578,0.27515666666666666,0.0
Singapore,SGP,2019,120114.13,Asia,97.0,8.51,5669562.0,14114.468860164514,0.27515666666666666,0.0
Singapore,SGP,2020,115893.04,Asia,97.0,13.06,5620151.0,8873.89280245023,0.42227333333333333,0.0
Singapore,SGP,2021,132617.36,Asia,98.0,8.51,5546291.0,15583.70857814336,0.2779933333333333,1.0309278350515427
Singapore,SGP,2022,133571.97,Asia,90.0,8.51,12687083.0,15695.88366627497,0.2553,-8.163265306122447
Singapore,SGP,2023,129555.24,Asia,90.0,8.51,12687083.0,15223.88249118684,0.2553,0.0
Sint Maarten (Dutch Part),SXM,2009,50980.94,North America,90.0,8.51,12687083.0,5990.709753231493,0.2553,0.0
Sint Maarten (Dutch Part),SXM,2010,52140.6,North America,90.0,8.51,12687083.0,6126.980023501763,0.2553,0.0
Sint Maarten (Dutch Part),SXM,2011,53786.246,North America,90.0,8.51,12687083.0,6320.357931844888,0.2553,0.0
Sint Maarten (Dutch Part),SXM,2012,53357.004,North America,90.0,8.51,12687083.0,6269.91821386604,0.2553,0.0
Sint Maarten (Dutch Part),SXM,2013,52801.402,North America,90.0,8.51,12687083.0,6204.63008225617,0.2553,0.0
Sint Maarten (Dutch Part),SXM,2014,52439.473,North America,90.0,8.51,12687083.0,6162.100235017626,0.2553,0.0
Sint Maarten (Dutch Part),SXM,2015,51375.6,North America,90.0,8.51,12687083.0,6037.085781433608,0.2553,0.0
Sint Maarten (Dutch Part),SXM,2016,50817.68,North America,90.0,8.51,12687083.0,5971.52526439483,0.2553,0.0
Sint Maarten (Dutch Part),SXM,2017,46088.36,North America,90.0,8.51,12687083.0,5415.78848413631,0.2553,0.0
Sint Maarten (Dutch Part),SXM,2018,42154.1,North America,90.0,8.51,12687083.0,4953.478260869565,0.2553,0.0
Sint Maarten (Dutch Part),SXM,2019,45996.793,North America,90.0,8.51,12687083.0,5405.028554641598,0.2553,0.0
Sint Maarten (Dutch Part),SXM,2020,39265.76,North America,90.0,8.51,12687083.0,4614.07285546416,0.2553,0.0
Sint Maarten (Dutch Part),SXM,2021,40507.066,North America,90.0,8.51,12687083.0,4759.937250293772,0.2553,0.0
Sint Maarten (Dutch Part),SXM,2022,45515.652,North America,90.0,8.51,12687083.0,5348.490246768508,0.2553,0.0
Sint Maarten (Dutch Part),SXM,2023,46571.09,North America,90.0,8.51,12687083.0,5472.513513513513,0.2553,0.0
Slovakia,SVK,1990,17528.242,Europe,90.0,8.51,12687083.0,2059.722914218566,0.2553,0.0
Slovakia,SVK,1991,14962.115,Europe,90.0,8.51,12687083.0,1758.180376028202,0.2553,0.0
Slovakia,SVK,1992,13951.908,Europe,90.0,8.51,12687083.0,1639.4721504112808,0.2553,0.0
Slovakia,SVK,1993,14163.014,Europe,90.0,8.51,12687083.0,1664.278965922444,0.2553,0.0
Slovakia,SVK,1994,14982.747,Europe,90.0,8.51,12687083.0,1760.6048178613396,0.2553,0.0
Slovakia,SVK,1995,15811.925,Europe,90.0,8.51,12687083.0,1858.0405405405404,0.2553,0.0
Slovakia,SVK,1996,16744.068,Europe,90.0,8.51,12687083.0,1967.5755581668625,0.2553,0.0
Slovakia,SVK,1997,17630.04,Europe,90.0,8.51,12687083.0,2071.685076380729,0.2553,0.0
Slovakia,SVK,1998,18280.05,Europe,90.0,8.51,12687083.0,2148.066980023502,0.2553,0.0
Slovakia,SVK,1999,18174.98,Europe,90.0,8.51,12687083.0,2135.7203290246766,0.2553,0.0
Slovakia,SVK,2000,18343.236,Europe,90.0,8.51,12687083.0,2155.491891891892,0.2553,0.0
Slovakia,SVK,2001,18914.39,Europe,90.0,8.51,12687083.0,2222.6075205640423,0.2553,0.0
Slovakia,SVK,2002,19757.068,Europe,90.0,8.51,12687083.0,2321.6296122209164,0.2553,0.0
Slovakia,SVK,2003,20730.25,Europe,90.0,8.51,12687083.0,2435.9870740305523,0.2553,0.0
Slovakia,SVK,2004,21851.955,Europe,90.0,8.51,12687083.0,2567.7972972972975,0.2553,0.0
Slovakia,SVK,2005,23266.758,Europe,90.0,8.51,12687083.0,2734.0491186839017,0.2553,0.0
Slovakia,SVK,2006,25342.31,Europe,90.0,8.51,12687083.0,2977.9447708578145,0.2553,0.0
Slovakia,SVK,2007,28075.807,Europe,90.0,8.51,12687083.0,3299.1547591069334,0.2553,0.0
Slovakia,SVK,2008,29556.262,Europe,90.0,8.51,12687083.0,3473.121269095182,0.2553,0.0
Slovakia,SVK,2009,27891.896,Europe,90.0,8.51,12687083.0,3277.5435957696827,0.2553,0.0
Slovakia,SVK,2010,29758.174,Europe,90.0,8.51,12687083.0,3496.8477085781433,0.2553,0.0
Slovakia,SVK,2011,30481.377,Europe,90.0,8.51,12687083.0,3581.830434782609,0.2553,0.0
Slovakia,SVK,2012,30907.04,Europe,90.0,8.51,12687083.0,3631.8495887191543,0.2553,0.0
Slovakia,SVK,2013,31090.988,Europe,90.0,8.51,12687083.0,3653.4650998824914,0.2553,0.0
Slovakia,SVK,2014,31901.943,Europe,90.0,8.51,12687083.0,3748.7594594594593,0.2553,0.0
Slovakia,SVK,2015,33521.594,Europe,90.0,13.03,5420278.0,2572.6472755180353,0.39089999999999997,0.0
Slovakia,SVK,2016,34130.504,Europe,90.0,8.51,12687083.0,4010.635017626322,0.2553,0.0
Slovakia,SVK,2017,35057.223,Europe,90.0,8.51,12687083.0,4119.532667450058,0.2553,0.0
Slovakia,SVK,2018,36430.793,Europe,90.0,8.51,12687083.0,4280.939247943596,0.2553,0.0
Slovakia,SVK,2019,37209.535,Europe,90.0,8.51,12687083.0,4372.448296122209,0.2553,0.0
Slovakia,SVK,2020,36216.4,Europe,90.0,13.14,5455028.0,2756.194824961948,0.3942,0.0
Slovakia,SVK,2021,38346.094,Europe,90.0,8.51,12687083.0,4506.003995299648,0.2553,0.0
Slovakia,SVK,2022,38664.906,Europe,90.0,8.51,12687083.0,4543.467215041129,0.2553,0.0
Slovakia,SVK,2023,39518.223,Europe,90.0,8.51,12687083.0,4643.739482961222,0.2553,0.0
Slovenia,SVN,1990,25345.049,Europe,90.0,8.51,12687083.0,2978.266627497062,0.2553,0.0
Slovenia,SVN,1991,23074.668,Europe,100.0,8.51,1999191.0,2711.4768507638073,0.2836666666666667,11.111111111111116
Slovenia,SVN,1992,21845.963,Europe,90.0,8.51,12687083.0,2567.093184488837,0.2553,-9.999999999999998
Slovenia,SVN,1993,22520.738,Europe,90.0,8.51,12687083.0,2646.385193889542,0.2553,0.0
Slovenia,SVN,1994,23747.986,Europe,90.0,8.51,12687083.0,2790.597649823737,0.2553,0.0
Slovenia,SVN,1995,24718.023,Europe,90.0,8.51,12687083.0,2904.5855464159813,0.2553,0.0
Slovenia,SVN,1996,25454.125,Europe,90.0,8.51,12687083.0,2991.0840188014104,0.2553,0.0
Slovenia,SVN,1997,26806.463,Europe,90.0,8.51,12687083.0,3149.995652173913,0.2553,0.0
Slovenia,SVN,1998,27688.094,Europe,90.0,8.51,12687083.0,3253.5950646298475,0.2553,0.0
Slovenia,SVN,1999,29125.89,Europe,90.0,8.51,12687083.0,3422.5487661574616,0.2553,0.0
Slovenia,SVN,2000,30055.572,Europe,90.0,8.51,12687083.0,3531.794594594595,0.2553,0.0
Slovenia,SVN,2001,30857.111,Europe,90.0,8.51,12687083.0,3625.982491186839,0.2553,0.0
Slovenia,SVN,2002,31830.555,Europe,90.0,8.51,12687083.0,3740.370740305523,0.2553,0.0
Slovenia,SVN,2003,32827.75,Europe,90.0,8.51,12687083.0,3857.5499412455933,0.2553,0.0
Slovenia,SVN,2004,34298.13,Europe,90.0,8.51,12687083.0,4030.3325499412454,0.2553,0.0
Slovenia,SVN,2005,35558.38,Europe,90.0,8.51,12687083.0,4178.42303172738,0.2553,0.0
Slovenia,SVN,2006,37539.46,Europe,90.0,8.51,12687083.0,4411.217391304348,0.2553,0.0
Slovenia,SVN,2007,39995.207,Europe,90.0,8.51,12687083.0,4699.789306698002,0.2553,0.0
Slovenia,SVN,2008,41278.61,Europe,90.0,8.51,12687083.0,4850.600470035253,0.2553,0.0
Slovenia,SVN,2009,37802.09,Europe,90.0,8.51,12687083.0,4442.078730904817,0.2553,0.0
Slovenia,SVN,2010,38056.18,Europe,90.0,8.51,12687083.0,4471.936545240893,0.2553,0.0
Slovenia,SVN,2011,38226.125,Europe,90.0,8.51,12687083.0,4491.906580493537,0.2553,0.0
Slovenia,SVN,2012,37033.766,Europe,90.0,8.51,12687083.0,4351.793889541716,0.2553,0.0
Slovenia,SVN,2013,36678.875,Europe,90.0,8.51,12687083.0,4310.0910693302,0.2553,0.0
Slovenia,SVN,2014,37655.2,Europe,90.0,8.51,12687083.0,4424.8178613396,0.2553,0.0
Slovenia,SVN,2015,38527.42,Europe,90.0,11.95,2059946.0,3224.051882845188,0.3585,0.0
Slovenia,SVN,2016,39667.457,Europe,90.0,8.51,12687083.0,4661.275793184489,0.2553,0.0
Slovenia,SVN,2017,41692.836,Europe,90.0,8.51,12687083.0,4899.275675675676,0.2553,0.0
Slovenia,SVN,2018,43361.094,Europe,90.0,8.51,12687083.0,5095.310693301997,0.2553,0.0
Slovenia,SVN,2019,44569.586,Europe,90.0,8.51,12687083.0,5237.319153936546,0.2553,0.0
Slovenia,SVN,2020,42463.562,Europe,90.0,12.06,2102421.0,3521.0250414593697,0.3618,0.0
Slovenia,SVN,2021,45914.06,Europe,90.0,8.51,12687083.0,5395.3066980023505,0.2553,0.0
Slovenia,SVN,2022,47050.066,Europe,90.0,8.51,12687083.0,5528.79741480611,0.2553,0.0
Slovenia,SVN,2023,47977.426,Europe,90.0,8.51,12687083.0,5637.770387779084,0.2553,0.0
Solomon Islands,SLB,1990,2352.3992,Oceania,90.0,8.51,12687083.0,276.4276380728555,0.2553,0.0
Solomon Islands,SLB,1991,2418.3657,Oceania,90.0,8.51,12687083.0,284.1792831962397,0.2553,0.0
Solomon Islands,SLB,1992,2644.5005,Oceania,90.0,8.51,12687083.0,310.7521151586369,0.2553,0.0
Solomon Islands,SLB,1993,2669.676,Oceania,90.0,8.51,12687083.0,313.7104582843713,0.2553,0.0
Solomon Islands,SLB,1994,2802.2324,Oceania,90.0,8.51,12687083.0,329.28700352526437,0.2553,0.0
Solomon Islands,SLB,1995,2996.2717,Oceania,90.0,8.51,12687083.0,352.0883313748531,0.2553,0.0
Solomon Islands,SLB,1996,2957.819,Oceania,90.0,8.51,12687083.0,347.5698002350176,0.2553,0.0
Solomon Islands,SLB,1997,2848.3196,Oceania,90.0,8.51,12687083.0,334.7026556991774,0.2553,0.0
Solomon Islands,SLB,1998,2805.266,Oceania,90.0,8.51,12687083.0,329.6434782608696,0.2553,0.0
Solomon Islands,SLB,1999,2717.527,Oceania,77.0,8.51,430511.0,319.3333725029377,0.21842333333333336,-14.444444444444448
Solomon Islands,SLB,2000,2276.822,Oceania,90.0,8.51,12687083.0,267.54665099882493,0.2553,16.883116883116877
Solomon Islands,SLB,2001,2055.2744,Oceania,90.0,8.51,12687083.0,241.5128554641598,0.2553,0.0
Solomon Islands,SLB,2002,1960.4238,Oceania,90.0,8.51,12687083.0,230.3670740305523,0.2553,0.0
Solomon Islands,SLB,2003,2050.3086,Oceania,90.0,8.51,12687083.0,240.92933019976496,0.2553,0.0
Solomon Islands,SLB,2004,2168.5059,Oceania,90.0,8.51,12687083.0,254.81855464159813,0.2553,0.0
Solomon Islands,SLB,2005,2287.2737,Oceania,90.0,8.51,12687083.0,268.7748178613396,0.2553,0.0
Solomon Islands,SLB,2006,2340.6516,Oceania,90.0,8.51,12687083.0,275.0471915393655,0.2553,0.0
Solomon Islands,SLB,2007,2384.3179,Oceania,90.0,8.51,12687083.0,280.1783666274971,0.2553,0.0
Solomon Islands,SLB,2008,2489.783,Oceania,90.0,8.51,12687083.0,292.5714453584019,0.2553,0.0
Solomon Islands,SLB,2009,2514.891,Oceania,90.0,8.51,12687083.0,295.52185663924797,0.2553,0.0
Solomon Islands,SLB,2010,2682.2854,Oceania,90.0,8.51,12687083.0,315.1921739130435,0.2553,0.0
Solomon Islands,SLB,2011,2777.4785,Oceania,90.0,8.51,12687083.0,326.3782021151587,0.2553,0.0
Solomon Islands,SLB,2012,2743.4585,Oceania,90.0,8.51,12687083.0,322.3805522914219,0.2553,0.0
Solomon Islands,SLB,2013,2783.5918,Oceania,90.0,8.51,12687083.0,327.09656874265573,0.2553,0.0
Solomon Islands,SLB,2014,2716.422,Oceania,90.0,8.51,12687083.0,319.20352526439484,0.2553,0.0
Solomon Islands,SLB,2015,2664.7249,Oceania,90.0,8.51,12687083.0,313.12866039953,0.2553,0.0
Solomon Islands,SLB,2016,2715.2336,Oceania,90.0,8.51,12687083.0,319.06387779083434,0.2553,0.0
Solomon Islands,SLB,2017,2703.6636,Oceania,90.0,8.51,12687083.0,317.70430082256166,0.2553,0.0
Solomon Islands,SLB,2018,2686.119,Oceania,90.0,8.51,12687083.0,315.64265569917745,0.2553,0.0
Solomon Islands,SLB,2019,2661.6167,Oceania,90.0,8.51,12687083.0,312.763419506463,0.2553,0.0
Solomon Islands,SLB,2020,2515.1414,Oceania,90.0,8.51,12687083.0,295.55128084606343,0.2553,0.0
Solomon Islands,SLB,2021,2449.87,Oceania,90.0,8.51,12687083.0,287.8813160987074,0.2553,0.0
Solomon Islands,SLB,2022,2330.103,Oceania,90.0,8.51,12687083.0,273.80763807285547,0.2553,0.0
Solomon Islands,SLB,2023,2339.575,Oceania,90.0,8.51,12687083.0,274.92068155111633,0.2553,0.0
Somalia,SOM,1991,837.267,Africa,90.0,8.51,12687083.0,98.38625146886017,0.2553,0.0
Somalia,SOM,1992,803.78705,Africa,90.0,8.51,12687083.0,94.45206227967098,0.2553,0.0
Somalia,SOM,1993,812.5573,Africa,90.0,8.51,12687083.0,95.48264394829613,0.2553,0.0
Somalia,SOM,1994,634.7277,Africa,90.0,8.51,12687083.0,74.58609870740305,0.2553,0.0
Somalia,SOM,1995,636.66205,Africa,90.0,8.51,12687083.0,74.81340188014101,0.2553,0.0
Somalia,SOM,1996,663.35114,Africa,90.0,8.51,12687083.0,77.94960517038778,0.2553,0.0
Somalia,SOM,1997,648.01715,Africa,90.0,8.51,12687083.0,76.14772620446534,0.2553,0.0
Somalia,SOM,1998,662.67487,Africa,90.0,8.51,12687083.0,77.8701374853114,0.2553,0.0
Somalia,SOM,1999,682.9791,Africa,90.0,8.51,12687083.0,80.25606345475911,0.2553,0.0
Somalia,SOM,2000,702.8501,Africa,90.0,8.51,12687083.0,82.59108108108109,0.2553,0.0
Somalia,SOM,2001,723.37976,Africa,90.0,8.51,12687083.0,85.00349706227968,0.2553,0.0
Somalia,SOM,2002,749.9136,Africa,90.0,8.51,12687083.0,88.1214571092832,0.2553,0.0
Somalia,SOM,2003,777.8846,Africa,90.0,8.51,12687083.0,91.40829612220917,0.2553,0.0
Somalia,SOM,2004,803.05975,Africa,90.0,8.51,12687083.0,94.36659811985899,0.2553,0.0
Somalia,SOM,2005,830.80725,Africa,90.0,8.51,12687083.0,97.62717391304348,0.2553,0.0
Somalia,SOM,2006,857.99365,Africa,90.0,8.51,12687083.0,100.82181551116334,0.2553,0.0
Somalia,SOM,2007,887.3693,Africa,90.0,8.51,12687083.0,104.27371327849589,0.2553,0.0
Somalia,SOM,2008,919.1321,Africa,90.0,8.51,12687083.0,108.0061222091657,0.2553,0.0
Somalia,SOM,2009,956.22034,Africa,90.0,8.51,12687083.0,112.36431727379554,0.2553,0.0
Somalia,SOM,2010,995.2256,Africa,90.0,8.51,12687083.0,116.94777908343126,0.2553,0.0
Somalia,SOM,2011,1054.3622,Africa,90.0,8.51,12687083.0,123.8968507638073,0.2553,0.0
Somalia,SOM,2012,1114.8042,Africa,90.0,8.51,12687083.0,130.99931844888368,0.2553,0.0
Somalia,SOM,2013,1197.7217,Africa,90.0,8.51,12687083.0,140.74285546415982,0.2553,0.0
Somalia,SOM,2014,1259.2743,Africa,90.0,8.51,12687083.0,147.9758284371328,0.2553,0.0
Somalia,SOM,2015,1343.9252,Africa,90.0,8.51,12687083.0,157.92305522914216,0.2553,0.0
Somalia,SOM,2016,1384.1552,Africa,90.0,8.51,12687083.0,162.6504347826087,0.2553,0.0
Somalia,SOM,2017,1527.6603,Africa,90.0,8.51,12687083.0,179.51354876615747,0.2553,0.0
Somalia,SOM,2018,1504.9791,Africa,90.0,8.51,12687083.0,176.84830787309048,0.2553,0.0
Somalia,SOM,2019,1491.2949,Africa,90.0,8.51,12687083.0,175.2402937720329,0.2553,0.0
Somalia,SOM,2020,1396.0554,Africa,90.0,8.51,12687083.0,164.04881316098707,0.2553,0.0
Somalia,SOM,2021,1392.3179,Africa,90.0,8.51,12687083.0,163.6096239717979,0.2553,0.0
Somalia,SOM,2022,1387.5475,Africa,54.0,8.51,17801895.0,163.04905992949472,0.15318,-40.0
Somalia,SOM,2023,1401.6473,Africa,90.0,8.51,12687083.0,164.705910693302,0.2553,66.66666666666667
South Africa,ZAF,1990,10811.151,Africa,90.0,6.89,40746274.0,1569.1075471698114,0.2067,0.0
South Africa,ZAF,1991,10459.356,Africa,90.0,8.51,12687083.0,1229.0665099882492,0.2553,0.0
South Africa,ZAF,1992,10053.61,Africa,90.0,8.51,12687083.0,1181.3877790834313,0.2553,0.0
South Africa,ZAF,1993,9976.965,Africa,90.0,8.51,12687083.0,1172.3813160987074,0.2553,0.0
South Africa,ZAF,1994,10130.806,Africa,90.0,8.51,12687083.0,1190.458989424207,0.2553,0.0
South Africa,ZAF,1995,10318.839,Africa,90.0,8.37,44541557.0,1232.836200716846,0.2511,0.0
South Africa,ZAF,1996,10623.86,Africa,82.0,8.51,45123023.0,1248.3971797884842,0.23260666666666666,-8.888888888888891
South Africa,ZAF,1997,10770.278,Africa,90.0,8.51,12687083.0,1265.6025851938896,0.2553,9.756097560975618
South Africa,ZAF,1998,10693.688,Africa,90.0,8.51,12687083.0,1256.6025851938896,0.2553,0.0
South Africa,ZAF,1999,10831.659,Africa,90.0,8.51,12687083.0,1272.815393654524,0.2553,0.0
South Africa,ZAF,2000,11183.825,Africa,90.0,7.92,47159715.0,1412.0991161616162,0.2376,0.0
South Africa,ZAF,2001,11387.492,Africa,90.0,8.51,12687083.0,1338.1306698002352,0.2553,0.0
South Africa,ZAF,2002,11697.565,Africa,90.0,8.51,12687083.0,1374.5669800235019,0.2553,0.0
South Africa,ZAF,2003,11923.121,Africa,90.0,8.51,12687083.0,1401.0717978848413,0.2553,0.0
South Africa,ZAF,2004,12341.21,Africa,90.0,8.51,12687083.0,1450.200940070505,0.2553,0.0
South Africa,ZAF,2005,12861.563,Africa,90.0,8.86,49490041.0,1451.6436794582394,0.26580000000000004,0.0
South Africa,ZAF,2006,13444.233,Africa,90.0,8.51,12687083.0,1579.8158636897767,0.2553,0.0
South Africa,ZAF,2007,14016.244,Africa,89.0,8.51,50528575.0,1647.0321974148062,0.2524633333333334,-1.1111111111111072
South Africa,ZAF,2008,14297.688,Africa,90.0,8.51,12687083.0,1680.104347826087,0.2553,1.1235955056179803
South Africa,ZAF,2009,13910.702,Africa,93.0,8.51,51728518.0,1634.630082256169,0.26381000000000004,3.3333333333333437
South Africa,ZAF,2010,14164.996,Africa,93.0,9.89,52344047.0,1432.254398382204,0.30659000000000003,0.0
South Africa,ZAF,2011,14434.261,Africa,93.0,8.51,52995212.0,1696.1528789659226,0.26381000000000004,0.0
South Africa,ZAF,2012,14563.763,Africa,94.0,8.51,53782570.0,1711.3705052878968,0.26664666666666664,1.0752688172043001
South Africa,ZAF,2013,14681.097,Africa,90.0,8.51,12687083.0,1725.158284371328,0.2553,-4.255319148936165
South Africa,ZAF,2014,14643.339,Africa,94.0,8.51,55594840.0,1720.7213866039954,0.26664666666666664,4.444444444444451
South Africa,ZAF,2015,14541.675,Africa,94.0,10.15,56723536.0,1432.6773399014778,0.3180333333333333,0.0
South Africa,ZAF,2016,14501.281,Africa,91.73724,8.51,57259550.0,1704.028319623972,0.2602279708,-2.407191489361704
South Africa,ZAF,2017,14573.598,Africa,87.0,8.51,57635158.0,1712.526204465335,0.24679,-5.163922524811082
South Africa,ZAF,2018,14553.562,Africa,90.0,8.51,12687083.0,1710.1717978848415,0.2553,3.4482758620689724
South Africa,ZAF,2019,14352.67,Africa,95.0,8.51,59587880.0,1686.5652173913045,0.26948333333333335,5.555555555555558
South Africa,ZAF,2020,13250.566,Africa,90.0,10.47,60562374.0,1265.574594078319,0.31410000000000005,-5.263157894736848
South Africa,ZAF,2021,13681.955,Africa,90.0,8.51,61502602.0,1607.750293772033,0.2553,0.0
South Africa,ZAF,2022,13767.497,Africa,90.0,8.51,12687083.0,1617.80223266745,0.2553,0.0
South Africa,ZAF,2023,13695.376,Africa,90.0,8.51,12687083.0,1609.3273795534665,0.2553,0.0
South Asia (Wb),WB_SA,1990,2221.104,Africa,45.35921,8.51,12687083.0,260.99929494712103,0.12866895903333334,-49.60087777777778
South Asia (Wb),WB_SA,1991,2207.1523,Africa,46.08564,8.51,12687083.0,259.3598472385429,0.1307295988,1.6015049644824142
South Asia (Wb),WB_SA,1992,2278.2957,Africa,47.08633,8.51,12687083.0,267.71982373678026,0.13356822276666666,2.1713705180181897
South Asia (Wb),WB_SA,1993,2338.6492,Africa,48.08146,8.51,12687083.0,274.8118918918919,0.13639107486666666,2.113415931970075
South Asia (Wb),WB_SA,1994,2437.5273,Africa,48.84938,8.51,12687083.0,286.4309400705053,0.13856940793333333,1.597122882707791
South Asia (Wb),WB_SA,1995,2561.1387,Africa,49.64049,8.51,12687083.0,300.9563689776733,0.1408135233,1.6194883128506588
South Asia (Wb),WB_SA,1996,2688.7488,Africa,50.4492,8.51,12687083.0,315.9516803760282,0.143107564,1.6291337978331821
South Asia (Wb),WB_SA,1997,2747.1846,Africa,51.26017,8.51,12687083.0,322.81840188014104,0.1454080155666667,1.6074982358491363
South Asia (Wb),WB_SA,1998,2855.9998,Africa,56.07956,8.51,12687083.0,335.6051468860165,0.15907901853333337,9.40182211646976
South Asia (Wb),WB_SA,1999,3032.5386,Africa,56.87631,8.51,12687083.0,356.3500117508813,0.1613391327,1.420749378204822
South Asia (Wb),WB_SA,2000,3097.8066,Africa,57.65058,8.51,12687083.0,364.01957696827264,0.1635354786,1.361322490857786
South Asia (Wb),WB_SA,2001,3182.3164,Africa,58.41306,8.51,12687083.0,373.950223266745,0.16569838020000002,1.3225886018839672
South Asia (Wb),WB_SA,2002,3244.373,Africa,59.20313,8.51,12687083.0,381.24242068155115,0.16793954543333334,1.3525571165078576
South Asia (Wb),WB_SA,2003,3427.977,Africa,60.09578,8.51,12687083.0,402.817508813161,0.17047169593333333,1.5077750112198363
South Asia (Wb),WB_SA,2004,3626.66,Africa,60.87617,8.51,12687083.0,426.16451233842537,0.17268540223333337,1.2985770381880535
South Asia (Wb),WB_SA,2005,3844.0063,Africa,60.67367,8.51,12687083.0,451.70461809635725,0.17211097723333335,-0.3326424773437586
South Asia (Wb),WB_SA,2006,4085.0732,Africa,60.84876,8.51,12687083.0,480.0321034077556,0.17260764920000002,0.2885765769566895
South Asia (Wb),WB_SA,2007,4330.3027,Africa,61.68392,8.51,12687083.0,508.8487309048179,0.17497671973333334,1.3725176979777487
South Asia (Wb),WB_SA,2008,4419.832,Africa,62.5963,8.51,12687083.0,519.3692126909518,0.1775648376666667,1.479121300980868
South Asia (Wb),WB_SA,2009,4683.4233,Africa,63.45801,8.51,12687083.0,550.3435135135136,0.1800092217,1.3766149117439896
South Asia (Wb),WB_SA,2010,4997.842,Africa,66.02896,8.51,12687083.0,587.2904817861339,0.18730214986666668,4.051419198301365
South Asia (Wb),WB_SA,2011,5199.3984,Africa,66.62986,8.51,12687083.0,610.9751351351351,0.18900670286666665,0.9100552242531146
South Asia (Wb),WB_SA,2012,5421.17,Africa,66.67659,8.51,12687083.0,637.0352526439483,0.1891392603,0.0701337208272923
South Asia (Wb),WB_SA,2013,5690.3267,Africa,67.70576,8.51,12687083.0,668.6635370152761,0.1920586725333333,1.5435252462670856
South Asia (Wb),WB_SA,2014,6029.549,Africa,68.45516,8.51,12687083.0,708.5251468860165,0.19418447053333335,1.1068482208899333
South Asia (Wb),WB_SA,2015,6420.3975,Africa,69.78215,8.51,12687083.0,754.4532902467686,0.19794869883333333,1.9384806054065118
South Asia (Wb),WB_SA,2016,6853.8364,Africa,71.10578,8.51,12687083.0,805.3861809635723,0.20170339593333333,1.8968031222884374
South Asia (Wb),WB_SA,2017,7237.9014,Africa,71.66783,8.51,12687083.0,850.5172032902468,0.20329774443333334,0.7904420709540005
South Asia (Wb),WB_SA,2018,7622.251,Africa,72.19206,8.51,12687083.0,895.6816686251469,0.20478481020000003,0.7314718472709592
South Asia (Wb),WB_SA,2019,7857.6147,Africa,71.96603,8.51,12687083.0,923.3389776733255,0.20414363843333336,-0.31309537364634377
South Asia (Wb),WB_SA,2020,7399.215,Africa,72.68319,8.51,12687083.0,869.472972972973,0.2061779823,0.9965257219274104
South Asia (Wb),WB_SA,2021,8015.357,Africa,73.47901,8.51,12687083.0,941.8750881316099,0.2084354583666667,1.09491616974986
South Asia (Wb),WB_SA,2022,8522.025,Africa,74.26527,8.51,12687083.0,1001.4130434782609,0.21066581590000003,1.0700470787507799
South Asia (Wb),WB_SA,2023,9169.174,Africa,75.00885,8.51,12687083.0,1077.4587544065807,0.21277510449999998,1.001248632099494
South Korea,KOR,1990,14377.884,Asia,90.0,10.46,44081425.0,1374.5586998087954,0.3138,19.98584167068287
South Korea,KOR,1991,15784.467,Asia,90.0,8.51,12687083.0,1854.8139835487664,0.2553,0.0
South Korea,KOR,1992,16613.49,Asia,90.0,8.51,12687083.0,1952.2314923619274,0.2553,0.0
South Korea,KOR,1993,17595.904,Asia,90.0,8.51,12687083.0,2067.673795534665,0.2553,0.0
South Korea,KOR,1994,19052.299,Asia,90.0,8.51,12687083.0,2238.8130434782606,0.2553,0.0
South Korea,KOR,1995,20697.896,Asia,90.0,11.17,45368425.0,1852.989794091316,0.3351,0.0
South Korea,KOR,1996,22139.797,Asia,90.0,8.51,12687083.0,2601.621269095182,0.2553,0.0
South Korea,KOR,1997,23311.043,Asia,90.0,8.51,12687083.0,2739.252996474736,0.2553,0.0
South Korea,KOR,1998,22000.338,Asia,90.0,8.51,12687083.0,2585.233607520564,0.2553,0.0
South Korea,KOR,1999,24382.25,Asia,90.0,8.51,12687083.0,2865.1292596944772,0.2553,0.0
South Korea,KOR,2000,26404.158,Asia,90.0,11.8,46766660.0,2237.640508474576,0.35400000000000004,0.0
South Korea,KOR,2001,27440.656,Asia,90.0,8.51,12687083.0,3224.518918918919,0.2553,0.0
South Korea,KOR,2002,29395.277,Asia,90.0,8.51,12687083.0,3454.2041128084606,0.2553,0.0
South Korea,KOR,2003,30142.46,Asia,90.0,8.51,12687083.0,3542.0047003525265,0.2553,0.0
South Korea,KOR,2004,31579.527,Asia,90.0,8.51,12687083.0,3710.8727379553466,0.2553,0.0
South Korea,KOR,2005,32886.047,Asia,90.0,12.27,47851646.0,2680.1994295028526,0.3681,0.0
South Korea,KOR,2006,34429.62,Asia,90.0,8.51,12687083.0,4045.783783783784,0.2553,0.0
South Korea,KOR,2007,36257.34,Asia,90.0,8.51,12687083.0,4260.556991774382,0.2553,0.0
South Korea,KOR,2008,37064.152,Asia,98.0,8.51,48356485.0,4355.364512338426,0.2779933333333333,8.888888888888879
South Korea,KOR,2009,37176.195,Asia,90.0,8.51,12687083.0,4368.530552291422,0.2553,-8.163265306122447
South Korea,KOR,2010,39574.05,Asia,90.0,12.96,48769329.0,3053.553240740741,0.38880000000000003,0.0
South Korea,KOR,2011,40719.227,Asia,90.0,8.51,12687083.0,4784.868037602821,0.2553,0.0
South Korea,KOR,2012,41537.67,Asia,90.0,8.51,12687083.0,4881.042303172738,0.2553,0.0
South Korea,KOR,2013,42709.977,Asia,90.0,8.51,12687083.0,5018.798707403055,0.2553,0.0
South Korea,KOR,2014,43806.926,Asia,90.0,8.51,12687083.0,5147.699882491187,0.2553,0.0
South Korea,KOR,2015,44849.105,Asia,90.0,13.33,50983909.0,3364.5240060015008,0.39990000000000003,0.0
South Korea,KOR,2016,46088.242,Asia,90.0,8.51,12687083.0,5415.774618096357,0.2553,0.0
South Korea,KOR,2017,47536.79,Asia,90.0,8.51,12687083.0,5585.991774383079,0.2553,0.0
South Korea,KOR,2018,48834.445,Asia,90.0,8.51,12687083.0,5738.477673325499,0.2553,0.0
South Korea,KOR,2019,49790.867,Asia,90.0,8.51,12687083.0,5850.865687426557,0.2553,0.0
South Korea,KOR,2020,49374.094,Asia,90.0,13.68,51858481.0,3609.2173976608187,0.41040000000000004,0.0
South Korea,KOR,2021,51718.25,Asia,90.0,8.51,12687083.0,6077.3501762632195,0.2553,0.0
South Korea,KOR,2022,53228.605,Asia,90.0,8.51,12687083.0,6254.830199764983,0.2553,0.0
South Korea,KOR,2023,54029.344,Asia,90.0,8.51,12687083.0,6348.924089306698,0.2553,0.0
Spain,ESP,1990,31773.227,Europe,90.0,7.51,39084975.0,4230.789214380826,0.22530000000000003,0.0
Spain,ESP,1991,32499.348,Europe,96.0,8.51,39201750.0,3818.9598119858993,0.27232,6.666666666666665
Spain,ESP,1992,32641.082,Europe,90.0,8.51,12687083.0,3835.614806110458,0.2553,-6.25
Spain,ESP,1993,32137.314,Europe,90.0,8.51,12687083.0,3776.4176263219742,0.2553,0.0
Spain,ESP,1994,32746.93,Europe,90.0,8.51,12687083.0,3848.0528789659224,0.2553,0.0
Spain,ESP,1995,33501.73,Europe,90.0,8.72,40052733.0,3841.941513761468,0.2616,0.0
Spain,ESP,1996,34232.38,Europe,90.0,8.51,12687083.0,4022.6063454759105,0.2553,0.0
Spain,ESP,1997,35312.086,Europe,90.0,8.51,12687083.0,4149.481316098708,0.2553,0.0
Spain,ESP,1998,36679.094,Europe,90.0,8.51,12687083.0,4310.116803760282,0.2553,0.0
Spain,ESP,1999,38141.316,Europe,90.0,8.51,12687083.0,4481.940775558167,0.2553,0.0
Spain,ESP,2000,39945.9,Europe,90.0,9.65,41019772.0,4139.4715025906735,0.2895,0.0
Spain,ESP,2001,41224.293,Europe,90.0,8.51,12687083.0,4844.217743830787,0.2553,0.0
Spain,ESP,2002,41766.04,Europe,90.0,8.51,12687083.0,4907.877790834313,0.2553,0.0
Spain,ESP,2003,42223.13,Europe,90.0,8.51,12687083.0,4961.589894242068,0.2553,0.0
Spain,ESP,2004,42793.39,Europe,97.0,8.51,43234562.0,5028.600470035252,0.27515666666666666,7.777777777777772
Spain,ESP,2005,43570.766,Europe,98.0,10.64,43958883.0,4094.9968045112782,0.34757333333333335,1.0309278350515427
Spain,ESP,2006,44572.68,Europe,98.0,8.51,44695446.0,5237.682726204465,0.2779933333333333,0.0
Spain,ESP,2007,45301.285,Europe,98.0,8.51,45516501.0,5323.300235017627,0.2779933333333333,0.0
Spain,ESP,2008,44926.348,Europe,98.0,8.51,46235055.0,5279.241833137486,0.2779933333333333,0.0
Spain,ESP,2009,42852.223,Europe,98.0,8.51,46635182.0,5035.5138660399525,0.2779933333333333,0.0
Spain,ESP,2010,42695.527,Europe,98.0,10.75,46840469.0,3971.6769302325583,0.3511666666666667,0.0
Spain,ESP,2011,42271.836,Europe,98.0,8.51,46998040.0,4967.313278495888,0.2779933333333333,0.0
Spain,ESP,2012,41034.047,Europe,98.0,8.51,47018323.0,4821.862162162162,0.2779933333333333,0.0
Spain,ESP,2013,40594.914,Europe,98.0,8.51,46860394.0,4770.260164512339,0.2779933333333333,0.0
Spain,ESP,2014,41339.41,Europe,98.0,8.51,46720187.0,4857.745005875441,0.2779933333333333,0.0
Spain,ESP,2015,43053.76,Europe,98.0,11.24,46683683.0,3830.405693950178,0.3671733333333333,0.0
Spain,ESP,2016,44274.668,Europe,98.0,8.51,46732768.0,5202.663689776733,0.2779933333333333,0.0
Spain,ESP,2017,45446.25,Europe,90.0,8.51,12687083.0,5340.334900117509,0.2553,-8.163265306122447
Spain,ESP,2018,46325.21,Europe,98.0,8.51,47092817.0,5443.62044653349,0.2779933333333333,8.888888888888879
Spain,ESP,2019,46896.418,Europe,90.0,8.51,12687083.0,5510.742420681551,0.2553,-8.163265306122447
Spain,ESP,2020,41553.45,Europe,99.0,11.51,47679482.0,3610.204170286707,0.37983,10.000000000000009
Spain,ESP,2021,44251.664,Europe,100.0,8.51,47735670.0,5199.960517038778,0.2836666666666667,1.0101010101010166
Spain,ESP,2022,46733.48,Europe,90.0,8.51,12687083.0,5491.595769682726,0.2553,-9.999999999999998
Spain,ESP,2023,47322.594,Europe,90.0,8.51,12687083.0,5560.821856639248,0.2553,0.0
Sri Lanka,LKA,1990,4561.579,Asia,90.0,8.9,16352460.0,512.5369662921348,0.267,0.0
Sri Lanka,LKA,1991,4735.8193,Asia,90.0,8.51,12687083.0,556.5005052878967,0.2553,0.0
Sri Lanka,LKA,1992,4866.2393,Asia,90.0,8.51,12687083.0,571.8260047003525,0.2553,0.0
Sri Lanka,LKA,1993,5114.4365,Asia,90.0,8.51,12687083.0,600.9913631022326,0.2553,0.0
Sri Lanka,LKA,1994,5322.7295,Asia,90.0,8.51,12687083.0,625.4676263219742,0.2553,0.0
Sri Lanka,LKA,1995,5523.312,Asia,90.0,9.83,17564065.0,561.8832146490336,0.2949,0.0
Sri Lanka,LKA,1996,5624.024,Asia,90.0,8.51,12687083.0,660.8723854289073,0.2553,0.0
Sri Lanka,LKA,1997,5871.723,Asia,90.0,8.51,12687083.0,689.9792009400705,0.2553,0.0
Sri Lanka,LKA,1998,6032.622,Asia,90.0,8.51,12687083.0,708.8862514688602,0.2553,0.0
Sri Lanka,LKA,1999,6176.2354,Asia,90.0,8.51,12687083.0,725.7620916568742,0.2553,0.0
Sri Lanka,LKA,2000,6428.6133,Asia,90.0,10.77,19293056.0,596.9000278551532,0.3231,0.0
Sri Lanka,LKA,2001,6230.031,Asia,91.0,8.51,19600361.0,732.0835487661575,0.2581366666666667,1.1111111111111072
Sri Lanka,LKA,2002,6409.863,Asia,90.0,8.51,12687083.0,753.2153936545242,0.2553,-1.098901098901095
Sri Lanka,LKA,2003,6741.0127,Asia,90.0,8.51,12687083.0,792.128401880141,0.2553,0.0
Sri Lanka,LKA,2004,7059.911,Asia,90.0,8.51,12687083.0,829.6017626321974,0.2553,0.0
Sri Lanka,LKA,2005,7452.742,Asia,90.0,10.83,20216531.0,688.1571560480148,0.3249,0.0
Sri Lanka,LKA,2006,7970.665,Asia,91.0,8.51,20352416.0,936.623384253819,0.2581366666666667,1.1111111111111072
Sri Lanka,LKA,2007,8454.207,Asia,90.0,8.51,12687083.0,993.4438307873091,0.2553,-1.098901098901095
Sri Lanka,LKA,2008,8897.827,Asia,91.0,8.51,20629377.0,1045.573090481786,0.2581366666666667,1.1111111111111072
Sri Lanka,LKA,2009,9156.319,Asia,90.0,8.51,12687083.0,1075.948178613396,0.2553,-1.098901098901095
Sri Lanka,LKA,2010,9832.187,Asia,91.0,10.67,20879092.0,921.4795688847236,0.3236566666666667,1.1111111111111072
Sri Lanka,LKA,2011,10618.492,Asia,90.0,8.51,12687083.0,1247.766392479436,0.2553,-1.098901098901095
Sri Lanka,LKA,2012,11447.693,Asia,90.0,8.51,12687083.0,1345.2048178613395,0.2553,0.0
Sri Lanka,LKA,2013,12249.723,Asia,90.0,8.51,12687083.0,1439.450411280846,0.2553,0.0
Sri Lanka,LKA,2014,12909.966,Asia,90.0,8.51,12687083.0,1517.0347826086957,0.2553,0.0
Sri Lanka,LKA,2015,13329.779,Asia,90.0,10.09,21729975.0,1321.08810703667,0.30269999999999997,0.0
Sri Lanka,LKA,2016,13845.614,Asia,92.0,8.51,21910763.0,1626.9816686251468,0.26097333333333333,2.2222222222222143
Sri Lanka,LKA,2017,14572.485,Asia,92.0,8.51,22087525.0,1712.3954171562868,0.26097333333333333,0.0
Sri Lanka,LKA,2018,14759.825,Asia,92.0,8.51,22253116.0,1734.4095182138662,0.26097333333333333,0.0
Sri Lanka,LKA,2019,14637.444,Asia,92.0,8.51,22410552.0,1720.0286721504112,0.26097333333333333,0.0
Sri Lanka,LKA,2020,13886.651,Asia,92.0,10.33,22561808.0,1344.3030977734752,0.31678666666666666,0.0
Sri Lanka,LKA,2021,14316.135,Asia,92.0,8.51,22700377.0,1682.2720329024678,0.26097333333333333,0.0
Sri Lanka,LKA,2022,13249.065,Asia,92.0,8.51,22834965.0,1556.8819036427733,0.26097333333333333,0.0
Sri Lanka,LKA,2023,13024.94,Asia,93.0,8.51,22971615.0,1530.545240893067,0.26381000000000004,1.0869565217391353
Sub-Saharan Africa (Wb),WB_SSA,1990,3775.4473,Africa,52.30686,8.51,12687083.0,443.6483313748531,0.14837712620000001,-43.75606451612904
Sub-Saharan Africa (Wb),WB_SSA,1991,3692.9666,Africa,52.65164,8.51,12687083.0,433.9561222091657,0.14935515213333334,0.6591487235135141
Sub-Saharan Africa (Wb),WB_SSA,1992,3585.89,Africa,53.12544,8.51,12687083.0,421.3736780258519,0.1506991648,0.8998770028815661
Sub-Saharan Africa (Wb),WB_SSA,1993,3446.3987,Africa,53.7068,8.51,12687083.0,404.9822209165688,0.15234828933333333,1.0943156423739886
Sub-Saharan Africa (Wb),WB_SSA,1994,3382.8987,Africa,54.30921,8.51,12687083.0,397.5204112808461,0.1540571257,1.121664295768876
Sub-Saharan Africa (Wb),WB_SSA,1995,3400.792,Africa,54.72155,8.51,12687083.0,399.62303172737955,0.15522679683333332,0.7592450709557275
Sub-Saharan Africa (Wb),WB_SSA,1996,3482.8354,Africa,55.37812,8.51,12687083.0,409.2638542890717,0.15708926706666668,1.1998380893815996
Sub-Saharan Africa (Wb),WB_SSA,1997,3531.2527,Africa,56.21824,8.51,12687083.0,414.9533137485312,0.15947240746666666,1.5170612509055825
Sub-Saharan Africa (Wb),WB_SSA,1998,3529.4673,Africa,56.89161,8.51,12687083.0,414.7435135135135,0.16138253370000002,1.1977785145888653
Sub-Saharan Africa (Wb),WB_SSA,1999,3509.318,Africa,57.74526,8.51,12687083.0,412.3757931844889,0.1638040542,1.500484869385832
Sub-Saharan Africa (Wb),WB_SSA,2000,3534.5173,Africa,56.62755,8.51,12687083.0,415.3369330199765,0.1606334835,-1.9355874404236806
Sub-Saharan Africa (Wb),WB_SSA,2001,3592.1694,Africa,57.40014,8.51,12687083.0,422.11156286721507,0.1628250638,1.3643359107007091
Sub-Saharan Africa (Wb),WB_SSA,2002,3732.0852,Africa,58.11591,8.51,12687083.0,438.5529024676851,0.1648554647,1.2469830212957556
Sub-Saharan Africa (Wb),WB_SSA,2003,3787.212,Africa,58.6459,8.51,12687083.0,445.0307873090482,0.16635886966666666,0.9119533704281535
Sub-Saharan Africa (Wb),WB_SSA,2004,3938.5247,Africa,59.33332,8.51,12687083.0,462.8113631022327,0.16830885106666668,1.1721535520812232
Sub-Saharan Africa (Wb),WB_SSA,2005,4064.7947,Africa,59.05679,8.51,12687083.0,477.6492009400705,0.16752442763333336,-0.4660619024858259
Sub-Saharan Africa (Wb),WB_SSA,2006,4196.0176,Africa,58.16811,8.51,12687083.0,493.0690481786134,0.16500353869999998,-1.5047888650907004
Sub-Saharan Africa (Wb),WB_SSA,2007,4334.8833,Africa,57.96338,8.51,12687083.0,509.38699177438315,0.16442278793333334,-0.3519626131913145
Sub-Saharan Africa (Wb),WB_SSA,2008,4442.5605,Africa,58.28565,8.51,12687083.0,522.0400117508813,0.16533696050000002,0.5559889709675359
Sub-Saharan Africa (Wb),WB_SSA,2009,4476.266,Africa,58.75711,8.51,12687083.0,526.000705052879,0.16667433536666668,0.8088783431256186
Sub-Saharan Africa (Wb),WB_SSA,2010,4629.3413,Africa,59.43254,8.51,12687083.0,543.988401880141,0.16859030513333334,1.149528967643243
Sub-Saharan Africa (Wb),WB_SSA,2011,4716.822,Africa,60.91714,8.51,12687083.0,554.2681551116334,0.1728016204666667,2.4979581892343727
Sub-Saharan Africa (Wb),WB_SSA,2012,4779.451,Africa,62.14601,8.51,12687083.0,561.6276145710929,0.17628751503333334,2.017281178991648
Sub-Saharan Africa (Wb),WB_SSA,2013,4893.031,Africa,62.99641,8.51,12687083.0,574.9742655699177,0.17869981636666668,1.368390343965764
Sub-Saharan Africa (Wb),WB_SSA,2014,4999.522,Africa,63.68724,8.51,12687083.0,587.4878965922444,0.1806594708,1.0966180453775065
Sub-Saharan Africa (Wb),WB_SSA,2015,5016.2275,Africa,64.28751,8.51,12687083.0,589.4509400705053,0.18236223669999999,0.9425278909872548
Sub-Saharan Africa (Wb),WB_SSA,2016,4948.61,Africa,64.87826,8.51,12687083.0,581.5052878965922,0.18403799753333333,0.91891877597996
Sub-Saharan Africa (Wb),WB_SSA,2017,4944.827,Africa,65.2303,8.51,12687083.0,581.0607520564042,0.18503661766666665,0.5426162785500122
Sub-Saharan Africa (Wb),WB_SSA,2018,4954.5625,Africa,66.81657,8.51,12687083.0,582.204759106933,0.1895363369,2.4317993325187803
Sub-Saharan Africa (Wb),WB_SSA,2019,4956.282,Africa,67.44165,8.51,12687083.0,582.4068155111634,0.1913094805,0.9355164444987185
Sub-Saharan Africa (Wb),WB_SSA,2020,4674.73,Africa,67.62379,8.51,12687083.0,549.321974148061,0.19182615096666666,0.27007049797862503
Sub-Saharan Africa (Wb),WB_SSA,2021,4720.3574,Africa,67.61568,8.51,12687083.0,554.6835957696827,0.1918031456,-0.01199282086969955
Sub-Saharan Africa (Wb),WB_SSA,2022,4796.0664,Africa,67.93573,8.51,12687083.0,563.5800705052878,0.19271102076666669,0.4733369537953447
Sub-Saharan Africa (Wb),WB_SSA,2023,4810.216,Africa,68.19624,8.51,12687083.0,565.2427732079907,0.19345000080000002,0.3834653723453041
Sudan,SDN,1990,2460.1887,Africa,90.0,2.4,22021484.0,1025.078625,0.07200000000000001,31.972085264524843
Sudan,SDN,1991,2591.8691,Africa,90.0,8.51,12687083.0,304.56746180963574,0.2553,0.0
Sudan,SDN,1992,2709.79,Africa,90.0,8.51,12687083.0,318.4242068155112,0.2553,0.0
Sudan,SDN,1993,2777.275,Africa,90.0,8.51,12687083.0,326.3542890716804,0.2553,0.0
Sudan,SDN,1994,2736.472,Africa,90.0,8.51,12687083.0,321.55957696827267,0.2553,0.0
Sudan,SDN,1995,2824.632,Africa,90.0,2.78,24672144.0,1016.0546762589929,0.0834,0.0
Sudan,SDN,1996,2924.2908,Africa,90.0,8.51,12687083.0,343.62994124559344,0.2553,0.0
Sudan,SDN,1997,3380.1868,Africa,90.0,8.51,12687083.0,397.20173913043476,0.2553,0.0
Sudan,SDN,1998,3441.1792,Africa,90.0,8.51,12687083.0,404.368883666275,0.2553,0.0
Sudan,SDN,1999,3459.23,Africa,90.0,8.51,12687083.0,406.4900117508813,0.2553,0.0
Sudan,SDN,2000,3575.852,Africa,61.0,3.09,27816748.0,1157.2336569579288,0.06283,-32.22222222222222
Sudan,SDN,2001,3701.5488,Africa,90.0,8.51,12687083.0,434.96460634547594,0.2553,47.54098360655738
Sudan,SDN,2002,3814.3132,Africa,90.0,8.51,12687083.0,448.2154171562867,0.2553,0.0
Sudan,SDN,2003,3946.9226,Africa,90.0,8.51,12687083.0,463.79819036427733,0.2553,0.0
Sudan,SDN,2004,4041.0571,Africa,90.0,8.51,12687083.0,474.85982373678024,0.2553,0.0
Sudan,SDN,2005,4152.3228,Africa,90.0,3.31,31262447.0,1254.478187311178,0.09930000000000001,0.0
Sudan,SDN,2006,4299.974,Africa,90.0,8.51,12687083.0,505.28484136310226,0.2553,0.0
Sudan,SDN,2007,4415.785,Africa,90.0,8.51,12687083.0,518.8936545240894,0.2553,0.0
Sudan,SDN,2008,4446.4097,Africa,54.0,8.51,33623980.0,522.4923266745006,0.15318,-40.0
Sudan,SDN,2009,4188.0547,Africa,90.0,8.51,12687083.0,492.1333372502937,0.2553,66.66666666666667
Sudan,SDN,2010,4219.837,Africa,90.0,3.49,35414403.0,1209.1223495702006,0.10470000000000002,0.0
Sudan,SDN,2011,4467.626,Africa,90.0,8.51,12687083.0,524.9854289071681,0.2553,0.0
Sudan,SDN,2012,4145.9316,Africa,90.0,8.51,12687083.0,487.1835017626322,0.2553,0.0
Sudan,SDN,2013,4130.486,Africa,90.0,8.51,12687083.0,485.36850763807286,0.2553,0.0
Sudan,SDN,2014,4207.5005,Africa,90.0,8.51,12687083.0,494.4183901292597,0.2553,0.0
Sudan,SDN,2015,4159.1943,Africa,90.0,3.85,40024433.0,1080.3102077922078,0.11549999999999999,0.0
Sudan,SDN,2016,4174.561,Africa,90.0,8.51,12687083.0,490.54770857814333,0.2553,0.0
Sudan,SDN,2017,4061.0183,Africa,90.0,8.51,12687083.0,477.2054406580494,0.2553,0.0
Sudan,SDN,2018,3816.66,Africa,90.0,8.51,12687083.0,448.4911868390129,0.2553,0.0
Sudan,SDN,2019,3625.5232,Africa,90.0,8.51,12687083.0,426.03092831962397,0.2553,0.0
Sudan,SDN,2020,3401.2498,Africa,90.0,4.38,46789237.0,776.5410502283105,0.1314,0.0
Sudan,SDN,2021,3248.9756,Africa,90.0,8.51,12687083.0,381.7832667450059,0.2553,0.0
Sudan,SDN,2022,3132.0771,Africa,90.0,8.51,12687083.0,368.04666274970623,0.2553,0.0
Sudan,SDN,2023,2181.079,Africa,90.0,8.51,12687083.0,256.29600470035257,0.2553,0.0
Suriname,SUR,1990,17137.65,South America,90.0,8.51,12687083.0,2013.8249118683902,0.2553,0.0
Suriname,SUR,1991,17493.496,South America,90.0,8.51,12687083.0,2055.6399529964747,0.2553,0.0
Suriname,SUR,1992,17455.125,South America,90.0,8.51,12687083.0,2051.1310223266746,0.2553,0.0
Suriname,SUR,1993,16217.166,South America,90.0,8.51,12687083.0,1905.659929494712,0.2553,0.0
Suriname,SUR,1994,16648.535,South America,90.0,8.51,12687083.0,1956.3495887191539,0.2553,0.0
Suriname,SUR,1995,16368.312,South America,90.0,8.51,12687083.0,1923.4209165687428,0.2553,0.0
Suriname,SUR,1996,16184.5,South America,90.0,8.51,12687083.0,1901.8213866039953,0.2553,0.0
Suriname,SUR,1997,16754.352,South America,90.0,8.51,12687083.0,1968.78401880141,0.2553,0.0
Suriname,SUR,1998,16789.756,South America,90.0,8.51,12687083.0,1972.944300822562,0.2553,0.0
Suriname,SUR,1999,16217.518,South America,90.0,8.51,12687083.0,1905.7012925969448,0.2553,0.0
Suriname,SUR,2000,16220.179,South America,90.0,8.51,12687083.0,1906.0139835487662,0.2553,0.0
Suriname,SUR,2001,16556.943,South America,90.0,8.51,12687083.0,1945.5867215041128,0.2553,0.0
Suriname,SUR,2002,16678.072,South America,90.0,8.51,12687083.0,1959.82044653349,0.2553,0.0
Suriname,SUR,2003,17383.502,South America,90.0,8.51,12687083.0,2042.7146886016453,0.2553,0.0
Suriname,SUR,2004,18585.518,South America,90.0,8.51,513928.0,2183.9621621621623,0.2553,0.0
Suriname,SUR,2005,19220.283,South America,90.0,8.51,12687083.0,2258.552643948296,0.2553,0.0
Suriname,SUR,2006,20113.67,South America,90.0,8.51,12687083.0,2363.533490011751,0.2553,0.0
Suriname,SUR,2007,20902.139,South America,90.0,8.51,12687083.0,2456.185546415981,0.2553,0.0
Suriname,SUR,2008,21515.812,South America,95.0,8.51,537252.0,2528.297532314924,0.26948333333333335,5.555555555555558
Suriname,SUR,2009,21906.41,South America,90.0,8.51,12687083.0,2574.196239717979,0.2553,-5.263157894736848
Suriname,SUR,2010,22772.475,South America,95.0,8.51,549931.0,2675.966509988249,0.26948333333333335,5.555555555555558
Suriname,SUR,2011,23829.533,South America,90.0,8.51,12687083.0,2800.180141010576,0.2553,-5.263157894736848
Suriname,SUR,2012,24193.842,South America,93.0,8.51,562640.0,2842.9896592244418,0.26381000000000004,3.3333333333333437
Suriname,SUR,2013,24624.021,South America,90.0,8.51,12687083.0,2893.5394829612223,0.2553,-3.2258064516129004
Suriname,SUR,2014,24414.355,South America,90.0,8.51,12687083.0,2868.9018801410107,0.2553,0.0
Suriname,SUR,2015,23327.525,South America,90.0,8.51,12687083.0,2741.1897767332553,0.2553,0.0
Suriname,SUR,2016,21950.412,South America,90.0,8.51,12687083.0,2579.366862514689,0.2553,0.0
Suriname,SUR,2017,22070.514,South America,90.0,8.51,12687083.0,2593.4799059929496,0.2553,0.0
Suriname,SUR,2018,22938.535,South America,90.0,8.51,12687083.0,2695.480023501763,0.2553,0.0
Suriname,SUR,2019,22966.74,South America,90.0,8.51,12687083.0,2698.7943595769684,0.2553,0.0
Suriname,SUR,2020,19091.361,South America,90.0,8.51,12687083.0,2243.4031727379556,0.2553,0.0
Suriname,SUR,2021,18458.234,South America,90.0,8.51,12687083.0,2169.0051703877793,0.2553,0.0
Suriname,SUR,2022,18742.588,South America,90.0,8.51,12687083.0,2202.4192714453584,0.2553,0.0
Suriname,SUR,2023,19020.867,South America,90.0,8.51,12687083.0,2235.1195064629846,0.2553,0.0
Sweden,SWE,1990,40549.31,Europe,90.0,11.03,8558571.0,3676.274705349048,0.33089999999999997,0.0
Sweden,SWE,1991,39812.316,Europe,90.0,8.51,12687083.0,4678.298002350176,0.2553,0.0
Sweden,SWE,1992,39120.926,Europe,90.0,8.51,12687083.0,4597.053584018801,0.2553,0.0
Sweden,SWE,1993,38090.945,Europe,90.0,8.51,12687083.0,4476.021739130435,0.2553,0.0
Sweden,SWE,1994,39340.0,Europe,90.0,8.51,12687083.0,4622.796709753232,0.2553,0.0
Sweden,SWE,1995,40736.426,Europe,90.0,11.41,8826298.0,3570.2389132340054,0.34230000000000005,0.0
Sweden,SWE,1996,41364.984,Europe,90.0,8.51,12687083.0,4860.750176263219,0.2553,0.0
Sweden,SWE,1997,42608.414,Europe,90.0,8.51,12687083.0,5006.864159811986,0.2553,0.0
Sweden,SWE,1998,44392.844,Europe,90.0,8.51,12687083.0,5216.550411280846,0.2553,0.0
Sweden,SWE,1999,46221.81,Europe,90.0,8.51,12687083.0,5431.470035252643,0.2553,0.0
Sweden,SWE,2000,48284.8,Europe,90.0,11.72,8872099.0,4119.863481228669,0.3516,0.0
Sweden,SWE,2001,48810.645,Europe,90.0,8.51,12687083.0,5735.6809635722675,0.2553,0.0
Sweden,SWE,2002,49760.215,Europe,90.0,8.51,12687083.0,5847.263807285546,0.2553,0.0
Sweden,SWE,2003,50507.934,Europe,90.0,8.51,12687083.0,5935.127379553467,0.2553,0.0
Sweden,SWE,2004,52412.41,Europe,90.0,8.51,12687083.0,6158.920094007051,0.2553,0.0
Sweden,SWE,2005,53661.316,Europe,90.0,11.86,9029771.0,4524.562900505903,0.3558,0.0
Sweden,SWE,2006,55855.496,Europe,90.0,8.51,12687083.0,6563.513043478261,0.2553,0.0
Sweden,SWE,2007,57230.79,Europe,90.0,8.51,12687083.0,6725.122209165687,0.2553,0.0
Sweden,SWE,2008,56262.47,Europe,90.0,8.51,12687083.0,6611.336075205641,0.2553,0.0
Sweden,SWE,2009,53411.2,Europe,90.0,8.51,12687083.0,6276.286721504112,0.2553,0.0
Sweden,SWE,2010,56003.27,Europe,90.0,11.95,9378234.0,4686.466108786611,0.3585,0.0
Sweden,SWE,2011,57340.504,Europe,90.0,8.51,12687083.0,6738.014571092832,0.2553,0.0
Sweden,SWE,2012,56682.02,Europe,90.0,8.51,12687083.0,6660.636897767332,0.2553,0.0
Sweden,SWE,2013,56843.164,Europe,90.0,8.51,12687083.0,6679.572737955346,0.2553,0.0
Sweden,SWE,2014,57574.05,Europe,90.0,8.51,12687083.0,6765.458284371329,0.2553,0.0
Sweden,SWE,2015,59468.355,Europe,90.0,11.89,9799483.0,5001.543734230446,0.3567,0.0
Sweden,SWE,2016,59977.387,Europe,90.0,8.51,12687083.0,7047.871562867215,0.2553,0.0
Sweden,SWE,2017,60288.8,Europe,90.0,8.51,12687083.0,7084.465334900118,0.2553,0.0
Sweden,SWE,2018,60647.45,Europe,90.0,8.51,12687083.0,7126.609870740305,0.2553,0.0
Sweden,SWE,2019,61601.63,Europe,90.0,8.51,12687083.0,7238.734430082256,0.2553,0.0
Sweden,SWE,2020,59975.363,Europe,90.0,11.93,10353682.0,5027.272673931266,0.3579,0.0
Sweden,SWE,2021,62731.7,Europe,90.0,8.51,12687083.0,7371.527614571092,0.2553,0.0
Sweden,SWE,2022,63088.42,Europe,90.0,8.51,12687083.0,7413.44535840188,0.2553,0.0
Sweden,SWE,2023,62662.766,Europe,90.0,8.51,12687083.0,7363.427262044654,0.2553,0.0
Switzerland,CHE,1990,64010.758,Europe,90.0,10.54,6713168.0,6073.126944971537,0.3162,0.0
Switzerland,CHE,1991,62636.773,Europe,90.0,8.51,12687083.0,7360.37285546416,0.2553,0.0
Switzerland,CHE,1992,61922.89,Europe,90.0,8.51,12687083.0,7276.485311398355,0.2553,0.0
Switzerland,CHE,1993,61284.203,Europe,90.0,8.51,12687083.0,7201.433960047004,0.2553,0.0
Switzerland,CHE,1994,61569.598,Europe,90.0,8.51,12687083.0,7234.9703877790835,0.2553,0.0
Switzerland,CHE,1995,61453.63,Europe,90.0,10.41,7040481.0,5903.326609029778,0.3123,0.0
Switzerland,CHE,1996,61471.168,Europe,90.0,8.51,12687083.0,7223.403995299647,0.2553,0.0
Switzerland,CHE,1997,62709.99,Europe,90.0,8.51,12687083.0,7368.976498237368,0.2553,0.0
Switzerland,CHE,1998,64418.387,Europe,90.0,8.51,12687083.0,7569.72820211516,0.2553,0.0
Switzerland,CHE,1999,65177.883,Europe,90.0,8.51,12687083.0,7658.975675675676,0.2553,0.0
Switzerland,CHE,2000,67378.39,Europe,90.0,10.14,7184003.0,6644.8116370808675,0.3042,0.0
Switzerland,CHE,2001,68008.34,Europe,90.0,8.51,12687083.0,7991.579318448884,0.2553,0.0
Switzerland,CHE,2002,67446.41,Europe,90.0,8.51,12687083.0,7925.547591069331,0.2553,0.0
Switzerland,CHE,2003,66926.17,Europe,90.0,8.51,12687083.0,7864.414806110458,0.2553,0.0
Switzerland,CHE,2004,68263.44,Europe,90.0,8.51,12687083.0,8021.555816686252,0.2553,0.0
Switzerland,CHE,2005,69692.59,Europe,90.0,10.82,7431824.0,6441.089648798521,0.32460000000000006,0.0
Switzerland,CHE,2006,72077.86,Europe,90.0,8.51,12687083.0,8469.783783783783,0.2553,0.0
Switzerland,CHE,2007,74234.305,Europe,90.0,8.51,12687083.0,8723.185076380729,0.2553,0.0
Switzerland,CHE,2008,75355.2,Europe,90.0,8.51,12687083.0,8854.900117508812,0.2553,0.0
Switzerland,CHE,2009,72709.81,Europe,90.0,8.51,12687083.0,8544.04347826087,0.2553,0.0
Switzerland,CHE,2010,74290.266,Europe,90.0,12.92,7825750.0,5750.020588235295,0.3876,0.0
Switzerland,CHE,2011,74800.89,Europe,90.0,8.51,12687083.0,8789.763807285546,0.2553,0.0
Switzerland,CHE,2012,74883.62,Europe,90.0,8.51,12687083.0,8799.485311398355,0.2553,0.0
Switzerland,CHE,2013,75354.16,Europe,90.0,8.51,12687083.0,8854.777908343127,0.2553,0.0
Switzerland,CHE,2014,76189.6,Europe,90.0,8.51,12687083.0,8952.949471210342,0.2553,0.0
Switzerland,CHE,2015,76566.08,Europe,90.0,12.95,8283940.0,5912.438610038611,0.3885,0.0
Switzerland,CHE,2016,77301.21,Europe,90.0,8.51,12687083.0,9083.573443008227,0.2553,0.0
Switzerland,CHE,2017,77626.91,Europe,90.0,8.51,12687083.0,9121.84606345476,0.2553,0.0
Switzerland,CHE,2018,79261.36,Europe,90.0,8.51,12687083.0,9313.908343125735,0.2553,0.0
Switzerland,CHE,2019,79596.7,Europe,90.0,8.51,12687083.0,9353.31374853114,0.2553,0.0
Switzerland,CHE,2020,77324.89,Europe,90.0,12.97,8640582.0,5961.8265227447955,0.3891,0.0
Switzerland,CHE,2021,81001.414,Europe,90.0,8.51,12687083.0,9518.380023501762,0.2553,0.0
Switzerland,CHE,2022,82777.3,Europe,90.0,8.51,12687083.0,9727.062279670976,0.2553,0.0
Switzerland,CHE,2023,82295.3,Europe,90.0,8.51,12687083.0,9670.42303172738,0.2553,0.0
Syria,SYR,1990,5828.4053,Asia,90.0,4.68,12579212.0,1245.385747863248,0.1404,0.0
Syria,SYR,1991,6081.089,Asia,90.0,8.51,12687083.0,714.5815511163337,0.2553,0.0
Syria,SYR,1992,6662.243,Asia,90.0,8.51,12687083.0,782.872267920094,0.2553,0.0
Syria,SYR,1993,6861.795,Asia,90.0,8.51,12687083.0,806.3213866039953,0.2553,0.0
Syria,SYR,1994,7142.9536,Asia,90.0,8.51,12687083.0,839.36,0.2553,0.0
Syria,SYR,1995,7431.354,Asia,90.0,4.77,14616804.0,1557.935849056604,0.14309999999999998,0.0
Syria,SYR,1996,7943.4404,Asia,90.0,8.51,12687083.0,933.4242538190365,0.2553,0.0
Syria,SYR,1997,8126.3657,Asia,90.0,8.51,12687083.0,954.919588719154,0.2553,0.0
Syria,SYR,1998,8456.783,Asia,90.0,8.51,12687083.0,993.7465334900118,0.2553,0.0
Syria,SYR,1999,7951.39,Asia,90.0,8.51,12687083.0,934.3584018801411,0.2553,0.0
Syria,SYR,2000,7807.93,Asia,90.0,4.79,16637884.0,1630.0480167014614,0.14370000000000002,0.0
Syria,SYR,2001,7698.397,Asia,90.0,8.51,12687083.0,904.6294947121035,0.2553,0.0
Syria,SYR,2002,7811.816,Asia,83.0,8.51,17468335.0,917.9572267920094,0.23544333333333334,-7.777777777777772
Syria,SYR,2003,8177.545,Asia,90.0,8.51,12687083.0,960.9336075205641,0.2553,8.43373493975903
Syria,SYR,2004,8528.656,Asia,81.0,8.51,18336879.0,1002.1922444183315,0.22977000000000003,-9.999999999999998
Syria,SYR,2005,8828.946,Asia,90.0,6.12,18814092.0,1442.6382352941175,0.1836,11.111111111111116
Syria,SYR,2006,8885.806,Asia,90.0,8.51,12687083.0,1044.160517038778,0.2553,0.0
Syria,SYR,2007,8829.309,Asia,90.0,8.51,12687083.0,1037.5216216216215,0.2553,0.0
Syria,SYR,2008,8903.772,Asia,90.0,8.51,12687083.0,1046.2716803760284,0.2553,0.0
Syria,SYR,2009,9284.102,Asia,90.0,8.51,12687083.0,1090.9638072855466,0.2553,0.0
Syria,SYR,2010,9546.561,Asia,90.0,7.07,22482417.0,1350.2915134370578,0.2121,0.0
Syria,SYR,2011,9648.824,Asia,90.0,8.51,12687083.0,1133.821856639248,0.2553,0.0
Syria,SYR,2012,7144.3726,Asia,90.0,8.51,12687083.0,839.5267450058755,0.2553,0.0
Syria,SYR,2013,5530.9746,Asia,90.0,8.51,12687083.0,649.9382608695652,0.2553,0.0
Syria,SYR,2014,5301.6255,Asia,90.0,8.51,12687083.0,622.9877203290247,0.2553,0.0
Syria,SYR,2015,5302.074,Asia,90.0,7.44,19424615.0,712.6443548387095,0.22320000000000004,0.0
Syria,SYR,2016,5022.113,Asia,90.0,8.51,12687083.0,590.1425381903643,0.2553,0.0
Syria,SYR,2017,4977.792,Asia,90.0,8.51,12687083.0,584.9344300822562,0.2553,0.0
Syria,SYR,2018,4956.093,Asia,90.0,8.51,12687083.0,582.384606345476,0.2553,0.0
Syria,SYR,2019,4825.4062,Asia,90.0,8.51,12687083.0,567.0277555816687,0.2553,0.0
Syria,SYR,2020,4633.3496,Asia,90.0,7.92,21049431.0,585.0188888888888,0.2376,0.0
Syria,SYR,2021,4592.8384,Asia,94.0,8.51,21628837.0,539.6989894242068,0.26664666666666664,4.444444444444451
Syria,SYR,2022,4454.8535,Asia,90.0,8.51,12687083.0,523.4845475910694,0.2553,-4.255319148936165
Tajikistan,TJK,1990,4173.046,Asia,90.0,8.51,12687083.0,490.36968272620453,0.2553,0.0
Tajikistan,TJK,1991,3777.1074,Asia,90.0,8.51,12687083.0,443.84340775558167,0.2553,0.0
Tajikistan,TJK,1992,2630.3865,Asia,90.0,8.51,12687083.0,309.09359576968274,0.2553,0.0
Tajikistan,TJK,1993,2169.9675,Asia,90.0,8.51,12687083.0,254.99030552291424,0.2553,0.0
Tajikistan,TJK,1994,1678.3385,Asia,90.0,8.51,12687083.0,197.2195652173913,0.2553,0.0
Tajikistan,TJK,1995,1439.5028,Asia,90.0,8.51,12687083.0,169.15426556991775,0.2553,0.0
Tajikistan,TJK,1996,1175.7941,Asia,90.0,8.51,12687083.0,138.16616921269096,0.2553,0.0
Tajikistan,TJK,1997,1181.2811,Asia,90.0,8.51,12687083.0,138.8109400705053,0.2553,0.0
Tajikistan,TJK,1998,1236.6755,Asia,90.0,8.51,12687083.0,145.32027027027027,0.2553,0.0
Tajikistan,TJK,1999,1275.8225,Asia,90.0,8.51,12687083.0,149.92038777908343,0.2553,0.0
Tajikistan,TJK,2000,1365.2333,Asia,99.0,8.51,6284737.0,160.42694477085783,0.28083,10.000000000000009
Tajikistan,TJK,2001,1467.3988,Asia,90.0,8.51,12687083.0,172.43229142185663,0.2553,-9.090909090909093
Tajikistan,TJK,2002,1594.939,Asia,90.0,8.51,12687083.0,187.41938895417158,0.2553,0.0
Tajikistan,TJK,2003,1736.6404,Asia,90.0,8.51,12687083.0,204.07055229142185,0.2553,0.0
Tajikistan,TJK,2004,1878.287,Asia,90.0,8.51,12687083.0,220.71527614571093,0.2553,0.0
Tajikistan,TJK,2005,1965.3002,Asia,90.0,8.51,12687083.0,230.94009400705053,0.2553,0.0
Tajikistan,TJK,2006,2063.2886,Asia,90.0,8.51,12687083.0,242.4545945945946,0.2553,0.0
Tajikistan,TJK,2007,2181.898,Asia,90.0,8.51,12687083.0,256.3922444183314,0.2553,0.0
Tajikistan,TJK,2008,2308.0942,Asia,90.0,8.51,12687083.0,271.2214101057579,0.2553,0.0
Tajikistan,TJK,2009,2349.5002,Asia,90.0,8.51,12687083.0,276.0869800235018,0.2553,0.0
Tajikistan,TJK,2010,2449.2737,Asia,90.0,8.51,12687083.0,287.8112455934195,0.2553,0.0
Tajikistan,TJK,2011,2572.4807,Asia,90.0,8.51,12687083.0,302.28915393654523,0.2553,0.0
Tajikistan,TJK,2012,2700.0955,Asia,90.0,8.51,12687083.0,317.285017626322,0.2553,0.0
Tajikistan,TJK,2013,2828.3855,Asia,90.0,8.51,12687083.0,332.360223266745,0.2553,0.0
Tajikistan,TJK,2014,2943.0886,Asia,90.0,8.51,12687083.0,345.838848413631,0.2553,0.0
Tajikistan,TJK,2015,3041.4448,Asia,90.0,10.16,8643839.0,299.3548031496063,0.3048,0.0
Tajikistan,TJK,2016,3169.9668,Asia,90.0,8.51,12687083.0,372.4990364277321,0.2553,0.0
Tajikistan,TJK,2017,3312.712,Asia,90.0,8.51,12687083.0,389.2728554641598,0.2553,0.0
Tajikistan,TJK,2018,3479.6924,Asia,90.0,8.51,12687083.0,408.8945240893067,0.2553,0.0
Tajikistan,TJK,2019,3649.8838,Asia,90.0,8.51,12687083.0,428.89351351351354,0.2553,0.0
Tajikistan,TJK,2020,3724.749,Asia,90.0,10.12,9749312.0,368.0582015810277,0.3036,0.0
Tajikistan,TJK,2021,3985.9126,Asia,90.0,8.51,12687083.0,468.37985898942424,0.2553,0.0
Tajikistan,TJK,2022,4213.7563,Asia,90.0,8.51,12687083.0,495.15350176263223,0.2553,0.0
Tajikistan,TJK,2023,4472.324,Asia,90.0,8.51,12687083.0,525.5374853113983,0.2553,0.0
Tanzania,TZA,1990,1794.2046,Africa,90.0,8.51,12687083.0,210.83485311398357,0.2553,0.0
Tanzania,TZA,1991,1785.664,Africa,90.0,8.51,12687083.0,209.83125734430084,0.2553,0.0
Tanzania,TZA,1992,1751.9185,Africa,90.0,8.51,12687083.0,205.86586368977675,0.2553,0.0
Tanzania,TZA,1993,1718.3931,Africa,90.0,8.51,12687083.0,201.9263337250294,0.2553,0.0
Tanzania,TZA,1994,1679.6624,Africa,90.0,8.51,12687083.0,197.37513513513514,0.2553,0.0
Tanzania,TZA,1995,1685.8511,Africa,90.0,8.51,12687083.0,198.10236192714456,0.2553,0.0
Tanzania,TZA,1996,1730.5546,Africa,90.0,8.51,12687083.0,203.3554171562867,0.2553,0.0
Tanzania,TZA,1997,1755.8037,Africa,90.0,8.51,12687083.0,206.3224089306698,0.2553,0.0
Tanzania,TZA,1998,1773.7242,Africa,90.0,8.51,12687083.0,208.42822561692128,0.2553,0.0
Tanzania,TZA,1999,1810.9716,Africa,90.0,8.51,12687083.0,212.80512338425385,0.2553,0.0
Tanzania,TZA,2000,1839.9366,Africa,90.0,8.51,12687083.0,216.2087661574618,0.2553,0.0
Tanzania,TZA,2001,1899.7454,Africa,90.0,8.51,12687083.0,223.23682726204467,0.2553,0.0
Tanzania,TZA,2002,1982.6443,Africa,69.0,8.51,36121301.0,232.978178613396,0.19573,-23.33333333333333
Tanzania,TZA,2003,2059.8374,Africa,90.0,8.51,12687083.0,242.0490481786134,0.2553,30.434782608695656
Tanzania,TZA,2004,2155.2415,Africa,90.0,8.51,12687083.0,253.25987074030553,0.2553,0.0
Tanzania,TZA,2005,2253.0933,Africa,90.0,8.51,12687083.0,264.75831962397183,0.2553,0.0
Tanzania,TZA,2006,2334.1045,Africa,90.0,8.51,12687083.0,274.27784958871916,0.2553,0.0
Tanzania,TZA,2007,2423.616,Africa,90.0,8.51,12687083.0,284.79623971797884,0.2553,0.0
Tanzania,TZA,2008,2493.2593,Africa,90.0,8.51,12687083.0,292.97994124559347,0.2553,0.0
Tanzania,TZA,2009,2560.811,Africa,90.0,8.51,12687083.0,300.9178613396005,0.2553,0.0
Tanzania,TZA,2010,2654.8035,Africa,90.0,8.51,12687083.0,311.96280846063456,0.2553,0.0
Tanzania,TZA,2011,2779.7078,Africa,90.0,8.51,12687083.0,326.64016451233846,0.2553,0.0
Tanzania,TZA,2012,2822.4854,Africa,78.0,8.51,47374261.0,331.66690951821386,0.22126,-13.33333333333333
Tanzania,TZA,2013,2924.8633,Africa,90.0,8.51,12687083.0,343.6972150411281,0.2553,15.384615384615374
Tanzania,TZA,2014,3027.569,Africa,90.0,8.51,12687083.0,355.7660399529965,0.2553,0.0
Tanzania,TZA,2015,3111.4446,Africa,78.0,6.41,52020958.0,485.4047737909516,0.16666,-13.33333333333333
Tanzania,TZA,2016,3214.2468,Africa,90.0,8.51,12687083.0,377.70232667450057,0.2553,15.384615384615374
Tanzania,TZA,2017,3318.2883,Africa,90.0,8.51,12687083.0,389.9281198589895,0.2553,0.0
Tanzania,TZA,2018,3392.6887,Africa,90.0,8.51,12687083.0,398.67082256169215,0.2553,0.0
Tanzania,TZA,2019,3484.6326,Africa,90.0,8.51,12687083.0,409.4750411280846,0.2553,0.0
Tanzania,TZA,2020,3449.8215,Africa,90.0,6.87,60972803.0,502.15742358078603,0.2061,0.0
Tanzania,TZA,2021,3493.083,Africa,90.0,8.51,12687083.0,410.46803760282023,0.2553,0.0
Tanzania,TZA,2022,3546.981,Africa,90.0,8.51,12687083.0,416.8015276145711,0.2553,0.0
Tanzania,TZA,2023,3620.7935,Africa,90.0,8.51,12687083.0,425.4751468860165,0.2553,0.0
Thailand,THA,1990,8701.954,Asia,90.0,5.21,54738329.0,1670.2406909788867,0.1563,0.0
Thailand,THA,1991,9294.031,Asia,90.0,8.51,12687083.0,1092.130552291422,0.2553,0.0
Thailand,THA,1992,9886.899,Asia,90.0,8.51,12687083.0,1161.79776733255,0.2553,0.0
Thailand,THA,1993,10538.816,Asia,90.0,8.51,12687083.0,1238.4037602820213,0.2553,0.0
Thailand,THA,1994,11215.037,Asia,90.0,8.51,12687083.0,1317.865687426557,0.2553,0.0
Thailand,THA,1995,11953.92,Asia,90.0,5.79,59098231.0,2064.580310880829,0.17370000000000002,0.0
Thailand,THA,1996,12456.329,Asia,90.0,8.51,12687083.0,1463.728437132785,0.2553,0.0
Thailand,THA,1997,11952.85,Asia,90.0,8.51,12687083.0,1404.5652173913045,0.2553,0.0
Thailand,THA,1998,10897.153,Asia,90.0,8.51,12687083.0,1280.5115158636897,0.2553,0.0
Thailand,THA,1999,11253.388,Asia,90.0,8.51,12687083.0,1322.3722679200941,0.2553,0.0
Thailand,THA,2000,11622.525,Asia,93.0,6.09,63007815.0,1908.460591133005,0.18878999999999999,3.3333333333333437
Thailand,THA,2001,11901.318,Asia,90.0,8.51,12687083.0,1398.5097532314924,0.2553,-3.2258064516129004
Thailand,THA,2002,12512.184,Asia,90.0,8.51,12687083.0,1470.2918918918917,0.2553,0.0
Thailand,THA,2003,13287.305,Asia,90.0,8.51,12687083.0,1561.3754406580495,0.2553,0.0
Thailand,THA,2004,13997.001,Asia,90.0,8.51,12687083.0,1644.7709753231493,0.2553,0.0
Thailand,THA,2005,14458.255,Asia,94.0,7.46,66017415.0,1938.1038873994637,0.23374666666666666,4.444444444444451
Thailand,THA,2006,15051.061,Asia,90.0,8.51,12687083.0,1768.6323149236193,0.2553,-4.255319148936165
Thailand,THA,2007,15742.655,Asia,90.0,8.51,12687083.0,1849.9007050528792,0.2553,0.0
Thailand,THA,2008,15891.782,Asia,90.0,8.51,12687083.0,1867.4244418331375,0.2553,0.0
Thailand,THA,2009,15665.903,Asia,90.0,8.51,12687083.0,1840.8816686251469,0.2553,0.0
Thailand,THA,2010,16730.37,Asia,96.0,8.47,68579443.0,1975.2502951593858,0.27104000000000006,6.666666666666665
Thailand,THA,2011,16766.348,Asia,90.0,8.51,12687083.0,1970.1936545240897,0.2553,-6.25
Thailand,THA,2012,17869.637,Asia,90.0,8.51,12687083.0,2099.8398354876613,0.2553,0.0
Thailand,THA,2013,18242.426,Asia,94.0,8.51,69845112.0,2143.645828437133,0.26664666666666664,4.444444444444451
Thailand,THA,2014,18324.615,Asia,90.0,8.51,12687083.0,2153.3037602820214,0.2553,-4.255319148936165
Thailand,THA,2015,18811.998,Asia,93.0,8.71,70540787.0,2159.81607347876,0.2700100000000001,3.3333333333333437
Thailand,THA,2016,19370.61,Asia,91.9814,8.51,70859835.0,2276.217391304348,0.2609205713333333,-1.095268817204309
Thailand,THA,2017,20094.678,Asia,90.0,8.51,12687083.0,2361.3017626321976,0.2553,-2.154131161299999
Thailand,THA,2018,20879.902,Asia,94.0,8.51,71376081.0,2453.5725029377204,0.26664666666666664,4.444444444444451
Thailand,THA,2019,21277.84,Asia,91.26915,8.51,71522264.0,2500.333725029377,0.2589001555,-2.905159574468086
Thailand,THA,2020,19957.258,Asia,90.0,9.32,71641484.0,2141.33669527897,0.2796,-1.390557488483235
Thailand,THA,2021,20242.77,Asia,90.0,8.51,12687083.0,2378.703877790834,0.2553,0.0
Thailand,THA,2022,20762.795,Asia,91.09987,8.51,71735321.0,2439.8113983548765,0.25841996456666666,1.2220777777777636
Thailand,THA,2023,21191.453,Asia,90.0,8.51,12687083.0,2490.1824911868393,0.2553,-1.207323347442757
Togo,TGO,1990,2237.5999,Africa,90.0,4.3,3714023.0,520.3720697674419,0.129,0.0
Togo,TGO,1991,2158.8792,Africa,90.0,8.51,12687083.0,253.68733254994123,0.2553,0.0
Togo,TGO,1992,2015.1356,Africa,90.0,8.51,12687083.0,236.7961927144536,0.2553,0.0
Togo,TGO,1993,1721.5737,Africa,90.0,8.51,12687083.0,202.30008225616922,0.2553,0.0
Togo,TGO,1994,1972.2474,Africa,90.0,8.51,12687083.0,231.75645123384254,0.2553,0.0
Togo,TGO,1995,2036.3816,Africa,90.0,4.62,4110452.0,440.7752380952381,0.1386,0.0
Togo,TGO,1996,2135.4558,Africa,90.0,8.51,12687083.0,250.93487661574622,0.2553,0.0
Togo,TGO,1997,2366.4028,Africa,90.0,8.51,12687083.0,278.07318448883666,0.2553,0.0
Togo,TGO,1998,2247.3489,Africa,90.0,8.51,12687083.0,264.0833019976498,0.2553,0.0
Togo,TGO,1999,2238.935,Africa,90.0,8.51,12687083.0,263.0945945945946,0.2553,0.0
Togo,TGO,2000,2160.9893,Africa,53.0,5.05,4783721.0,427.91867326732677,0.08921666666666667,-41.11111111111111
Togo,TGO,2001,2122.0806,Africa,90.0,8.51,12687083.0,249.36317273795532,0.2553,69.81132075471699
Togo,TGO,2002,2147.9744,Africa,90.0,8.51,12687083.0,252.40592244418332,0.2553,0.0
Togo,TGO,2003,2234.9773,Africa,90.0,8.51,12687083.0,262.62952996474735,0.2553,0.0
Togo,TGO,2004,2157.0276,Africa,90.0,8.51,12687083.0,253.46975323149235,0.2553,0.0
Togo,TGO,2005,2004.2585,Africa,90.0,5.44,5413151.0,368.42987132352937,0.1632,0.0
Togo,TGO,2006,2000.5417,Africa,57.0,8.51,5569659.0,235.08128084606346,0.16169,-36.66666666666667
Togo,TGO,2007,1920.2693,Africa,90.0,8.51,12687083.0,225.64856639247944,0.2553,57.89473684210527
Togo,TGO,2008,1941.1549,Africa,90.0,8.51,12687083.0,228.10280846063455,0.2553,0.0
Togo,TGO,2009,1989.83,Africa,57.0,8.51,6130944.0,233.8225616921269,0.16169,-36.66666666666667
Togo,TGO,2010,2049.7805,Africa,90.0,6.09,6325791.0,336.58136288998355,0.1827,57.89473684210527
Togo,TGO,2011,2111.4749,Africa,60.0,8.51,6500577.0,248.1169095182139,0.1702,-33.333333333333336
Togo,TGO,2012,2186.3096,Africa,90.0,8.51,12687083.0,256.9106462984724,0.2553,50.0
Togo,TGO,2013,2254.9883,Africa,90.0,8.51,12687083.0,264.98099882491186,0.2553,0.0
Togo,TGO,2014,2322.404,Africa,90.0,8.51,12687083.0,272.902937720329,0.2553,0.0
Togo,TGO,2015,2388.426,Africa,64.0,6.85,7071500.0,348.6753284671533,0.14613333333333334,-28.888888888888886
Togo,TGO,2016,2427.3003,Africa,90.0,8.51,12687083.0,285.2291774383079,0.2553,40.625
Togo,TGO,2017,2462.2773,Africa,90.0,8.51,12687083.0,289.33928319623976,0.2553,0.0
Togo,TGO,2018,2517.3489,Africa,90.0,8.51,12687083.0,295.8106815511163,0.2553,0.0
Togo,TGO,2019,2577.516,Africa,67.0,8.51,7619916.0,302.8808460634548,0.19005666666666668,-25.555555555555554
Togo,TGO,2020,2570.4832,Africa,90.0,7.68,7788058.0,334.6983333333334,0.23040000000000002,34.32835820895524
Togo,TGO,2021,2638.811,Africa,90.0,8.51,12687083.0,310.0835487661575,0.2553,0.0
Togo,TGO,2022,2739.6882,Africa,72.59589,8.51,8068616.0,321.937508813161,0.20593034129999999,-19.33790000000001
Togo,TGO,2023,2842.2307,Africa,90.0,8.51,12687083.0,333.98715628672153,0.2553,23.973960509334624
Tonga,TON,1990,4487.8193,Oceania,90.0,8.51,12687083.0,527.3583196239719,0.2553,0.0
Tonga,TON,1991,4766.388,Oceania,90.0,8.51,12687083.0,560.0925969447709,0.2553,0.0
Tonga,TON,1992,4772.331,Oceania,90.0,8.51,12687083.0,560.7909518213867,0.2553,0.0
Tonga,TON,1993,4946.718,Oceania,90.0,8.51,12687083.0,581.2829612220917,0.2553,0.0
Tonga,TON,1994,5188.4395,Oceania,90.0,8.51,12687083.0,609.6873678025853,0.2553,0.0
Tonga,TON,1995,5508.3394,Oceania,90.0,8.51,12687083.0,647.2784253819036,0.2553,0.0
Tonga,TON,1996,5510.7085,Oceania,99.0,8.51,100294.0,647.5568155111633,0.28083,10.000000000000009
Tonga,TON,1997,5455.9053,Oceania,90.0,8.51,12687083.0,641.1169565217392,0.2553,-9.090909090909093
Tonga,TON,1998,5541.683,Oceania,90.0,8.51,12687083.0,651.1965922444183,0.2553,0.0
Tonga,TON,1999,5632.7227,Oceania,90.0,8.51,12687083.0,661.8945593419506,0.2553,0.0
Tonga,TON,2000,5808.265,Oceania,90.0,8.51,12687083.0,682.5223266745006,0.2553,0.0
Tonga,TON,2001,5860.0806,Oceania,90.0,8.51,12687083.0,688.611116333725,0.2553,0.0
Tonga,TON,2002,6085.1133,Oceania,90.0,8.51,12687083.0,715.0544418331375,0.2553,0.0
Tonga,TON,2003,6053.88,Oceania,90.0,8.51,12687083.0,711.3842538190364,0.2553,0.0
Tonga,TON,2004,5900.4575,Oceania,90.0,8.51,12687083.0,693.355757931845,0.2553,0.0
Tonga,TON,2005,5828.3706,Oceania,90.0,8.51,12687083.0,684.8849118683902,0.2553,0.0
Tonga,TON,2006,5670.914,Oceania,99.0,8.51,106266.0,666.3823736780258,0.28083,10.000000000000009
Tonga,TON,2007,5506.652,Oceania,90.0,8.51,12687083.0,647.0801410105759,0.2553,-9.090909090909093
Tonga,TON,2008,5758.5684,Oceania,90.0,8.51,12687083.0,676.6825381903643,0.2553,0.0
Tonga,TON,2009,5453.875,Oceania,90.0,8.51,12687083.0,640.8783783783784,0.2553,0.0
Tonga,TON,2010,5488.7505,Oceania,90.0,8.51,12687083.0,644.9765569917744,0.2553,0.0
Tonga,TON,2011,5847.444,Oceania,99.0,8.51,107584.0,687.1262044653349,0.28083,10.000000000000009
Tonga,TON,2012,5907.267,Oceania,90.0,8.51,12687083.0,694.1559341950647,0.2553,-9.090909090909093
Tonga,TON,2013,5951.6943,Oceania,90.0,8.51,12687083.0,699.3765334900118,0.2553,0.0
Tonga,TON,2014,6096.869,Oceania,90.0,8.51,12687083.0,716.435840188014,0.2553,0.0
Tonga,TON,2015,6194.639,Oceania,90.0,11.22,106110.0,552.106862745098,0.3366,0.0
Tonga,TON,2016,6639.1367,Oceania,97.0,8.51,105536.0,780.1570740305523,0.27515666666666666,7.777777777777772
Tonga,TON,2017,6862.669,Oceania,90.0,8.51,12687083.0,806.424089306698,0.2553,-7.216494845360821
Tonga,TON,2018,6885.1025,Oceania,90.0,8.51,12687083.0,809.060223266745,0.2553,0.0
Tonga,TON,2019,6858.839,Oceania,91.05162,8.51,105688.0,805.9740305522914,0.2582830954,1.1684666666666566
Tonga,TON,2020,6980.41,Oceania,90.0,11.42,105721.0,611.2443082311734,0.3426,-1.154971213032785
Tonga,TON,2021,6929.177,Oceania,90.0,8.51,12687083.0,814.239365452409,0.2553,0.0
Tonga,TON,2022,6810.61,Oceania,90.0,8.51,12687083.0,800.3066980023501,0.2553,0.0
Tonga,TON,2023,7030.419,Oceania,90.0,8.51,12687083.0,826.1361927144536,0.2553,0.0
Trinidad And Tobago,TTO,1990,11869.528,North America,97.0,8.71,1252215.0,1362.747187141217,0.2816233333333334,7.777777777777772
Trinidad And Tobago,TTO,1991,12142.349,North America,90.0,8.51,12687083.0,1426.8330199764982,0.2553,-7.216494845360821
Trinidad And Tobago,TTO,1992,13267.978,North America,90.0,8.51,12687083.0,1559.104347826087,0.2553,0.0
Trinidad And Tobago,TTO,1993,13088.707,North America,90.0,8.51,12687083.0,1538.0384253819036,0.2553,0.0
Trinidad And Tobago,TTO,1994,13472.746,North America,90.0,8.51,12687083.0,1583.166392479436,0.2553,0.0
Trinidad And Tobago,TTO,1995,13912.313,North America,90.0,9.22,1295167.0,1508.9276572668111,0.2766,0.0
Trinidad And Tobago,TTO,1996,14838.902,North America,90.0,8.51,12687083.0,1743.7017626321974,0.2553,0.0
Trinidad And Tobago,TTO,1997,15895.244,North America,90.0,8.51,12687083.0,1867.8312573443009,0.2553,0.0
Trinidad And Tobago,TTO,1998,17129.092,North America,90.0,8.51,12687083.0,2012.8192714453585,0.2553,0.0
Trinidad And Tobago,TTO,1999,18440.574,North America,90.0,8.51,12687083.0,2166.9299647473563,0.2553,0.0
Trinidad And Tobago,TTO,2000,19637.555,North America,90.0,9.72,1319781.0,2020.3245884773662,0.2916,0.0
Trinidad And Tobago,TTO,2001,20366.754,North America,90.0,8.51,12687083.0,2393.2730904817863,0.2553,0.0
Trinidad And Tobago,TTO,2002,21876.854,North America,90.0,8.51,12687083.0,2570.7231492361925,0.2553,0.0
Trinidad And Tobago,TTO,2003,24910.822,North America,90.0,8.51,12687083.0,2927.2411280846063,0.2553,0.0
Trinidad And Tobago,TTO,2004,26757.908,North America,90.0,8.51,12687083.0,3144.290011750881,0.2553,0.0
Trinidad And Tobago,TTO,2005,29536.44,North America,90.0,10.27,1352040.0,2875.9922103213244,0.3081,0.0
Trinidad And Tobago,TTO,2006,33348.75,North America,90.0,8.51,12687083.0,3918.772032902468,0.2553,0.0
Trinidad And Tobago,TTO,2007,34793.645,North America,90.0,8.51,12687083.0,4088.559929494712,0.2553,0.0
Trinidad And Tobago,TTO,2008,35825.332,North America,90.0,8.51,12687083.0,4209.792244418331,0.2553,0.0
Trinidad And Tobago,TTO,2009,34212.27,North America,90.0,8.51,12687083.0,4020.243243243243,0.2553,0.0
Trinidad And Tobago,TTO,2010,35145.125,North America,90.0,10.96,1386657.0,3206.6719890510944,0.32880000000000004,0.0
Trinidad And Tobago,TTO,2011,34769.76,North America,90.0,8.51,12687083.0,4085.7532314923624,0.2553,0.0
Trinidad And Tobago,TTO,2012,36903.69,North America,90.0,8.51,12687083.0,4336.508813160987,0.2553,0.0
Trinidad And Tobago,TTO,2013,37994.07,North America,90.0,8.51,12687083.0,4464.638072855464,0.2553,0.0
Trinidad And Tobago,TTO,2014,39248.656,North America,90.0,8.51,12687083.0,4612.062984723855,0.2553,0.0
Trinidad And Tobago,TTO,2015,38963.965,North America,90.0,11.0,1429190.0,3542.178636363636,0.32999999999999996,0.0
Trinidad And Tobago,TTO,2016,35914.99,North America,90.0,8.51,12687083.0,4220.327849588719,0.2553,0.0
Trinidad And Tobago,TTO,2017,34095.99,North America,90.0,8.51,12687083.0,4006.5793184488834,0.2553,0.0
Trinidad And Tobago,TTO,2018,33710.02,North America,90.0,8.51,12687083.0,3961.224441833137,0.2553,0.0
Trinidad And Tobago,TTO,2019,33748.707,North America,90.0,8.51,12687083.0,3965.770505287897,0.2553,0.0
Trinidad And Tobago,TTO,2020,30720.887,North America,90.0,11.28,1481026.0,2723.482890070922,0.33840000000000003,0.0
Trinidad And Tobago,TTO,2021,30482.121,North America,90.0,8.51,12687083.0,3581.9178613396007,0.2553,0.0
Trinidad And Tobago,TTO,2022,30784.111,North America,90.0,8.51,12687083.0,3617.4043478260874,0.2553,0.0
Trinidad And Tobago,TTO,2023,31196.604,North America,90.0,8.51,12687083.0,3665.875910693302,0.2553,0.0
Tunisia,TUN,1990,6742.5845,Africa,90.0,4.68,8324509.0,1440.723183760684,0.1404,0.0
Tunisia,TUN,1991,6859.7344,Africa,90.0,8.51,12687083.0,806.0792479435959,0.2553,0.0
Tunisia,TUN,1992,7241.291,Africa,90.0,8.51,12687083.0,850.9155111633373,0.2553,0.0
Tunisia,TUN,1993,7253.336,Africa,90.0,8.51,12687083.0,852.3309048178614,0.2553,0.0
Tunisia,TUN,1994,7350.656,Africa,90.0,8.51,12687083.0,863.7668625146886,0.2553,0.0
Tunisia,TUN,1995,7406.239,Africa,90.0,5.48,9161263.0,1351.5034671532844,0.16440000000000002,0.0
Tunisia,TUN,1996,7821.792,Africa,90.0,8.51,12687083.0,919.1294947121035,0.2553,0.0
Tunisia,TUN,1997,8136.3374,Africa,90.0,8.51,12687083.0,956.0913513513514,0.2553,0.0
Tunisia,TUN,1998,8417.985,Africa,90.0,8.51,12687083.0,989.1874265569919,0.2553,0.0
Tunisia,TUN,1999,8821.988,Africa,90.0,8.51,12687083.0,1036.66133960047,0.2553,0.0
Tunisia,TUN,2000,9134.415,Africa,90.0,6.32,9764940.0,1445.318829113924,0.18960000000000002,0.0
Tunisia,TUN,2001,9380.563,Africa,90.0,8.51,12687083.0,1102.2988249118685,0.2553,0.0
Tunisia,TUN,2002,9407.557,Africa,90.0,8.51,12687083.0,1105.4708578143361,0.2553,0.0
Tunisia,TUN,2003,9752.024,Africa,90.0,8.51,12687083.0,1145.9487661574617,0.2553,0.0
Tunisia,TUN,2004,10263.806,Africa,74.0,8.51,10166170.0,1206.087661574618,0.20991333333333334,-17.777777777777782
Tunisia,TUN,2005,10529.16,Africa,90.0,7.21,10255474.0,1460.3550624133147,0.21630000000000002,21.62162162162162
Tunisia,TUN,2006,10983.922,Africa,90.0,8.51,12687083.0,1290.7076380728556,0.2553,0.0
Tunisia,TUN,2007,11613.925,Africa,77.0,8.51,10441705.0,1364.7385428907166,0.21842333333333336,-14.444444444444448
Tunisia,TUN,2008,11990.196,Africa,78.0,8.51,10542637.0,1408.9537015276146,0.22126,1.298701298701288
Tunisia,TUN,2009,12229.775,Africa,90.0,8.51,12687083.0,1437.1063454759108,0.2553,15.384615384615374
Tunisia,TUN,2010,12458.271,Africa,79.0,8.0,10765984.0,1557.283875,0.21066666666666667,-12.222222222222223
Tunisia,TUN,2011,12068.714,Africa,80.0,8.51,10886041.0,1418.1802585193889,0.22693333333333335,1.2658227848101333
Tunisia,TUN,2012,12436.3955,Africa,80.0,8.51,11009649.0,1461.3860752056405,0.22693333333333335,0.0
Tunisia,TUN,2013,12587.995,Africa,90.0,8.51,12687083.0,1479.2003525264397,0.2553,12.5
Tunisia,TUN,2014,12824.003,Africa,79.0,8.51,11274295.0,1506.9333725029378,0.2240966666666667,-12.222222222222223
Tunisia,TUN,2015,12802.792,Africa,90.0,8.63,11402270.0,1483.521668597914,0.2589,13.924050632911399
Tunisia,TUN,2016,12803.88,Africa,90.0,8.51,12687083.0,1504.5687426556992,0.2553,0.0
Tunisia,TUN,2017,12955.401,Africa,90.0,8.51,12687083.0,1522.373795534665,0.2553,0.0
Tunisia,TUN,2018,13163.195,Africa,79.47511,8.51,11765515.0,1546.7914218566393,0.2254443953666667,-11.694322222222219
Tunisia,TUN,2019,13243.902,Africa,81.0,8.51,11875084.0,1556.275205640423,0.22977000000000003,1.9187013393249686
Tunisia,TUN,2020,11955.599,Africa,90.0,9.29,11974058.0,1286.9320775026913,0.2787,11.111111111111116
Tunisia,TUN,2021,12444.326,Africa,83.68263,8.51,12048625.0,1462.3179788484135,0.23737972710000002,-7.019299999999995
Tunisia,TUN,2022,12712.224,Africa,90.0,8.51,12687083.0,1493.7983548766158,0.2553,7.549201070759848
Tunisia,TUN,2023,12650.962,Africa,86.24682,8.51,12200434.0,1486.5995299647473,0.2446534794,-4.170200000000001
Turkey,TUR,1990,12184.199,Asia,79.0,5.22,56015627.0,2334.1377394636015,0.13746,-8.402419938497442
Turkey,TUR,1991,12057.936,Asia,90.0,8.51,12687083.0,1416.9137485311398,0.2553,13.924050632911399
Turkey,TUR,1992,12451.045,Asia,90.0,8.51,12687083.0,1463.1075205640423,0.2553,0.0
Turkey,TUR,1993,13174.467,Asia,90.0,8.51,12687083.0,1548.11598119859,0.2553,0.0
Turkey,TUR,1994,12343.004,Asia,90.0,8.51,12687083.0,1450.4117508813163,0.2553,0.0
Turkey,TUR,1995,13099.258,Asia,90.0,5.88,61024501.0,2227.7649659863946,0.1764,0.0
Turkey,TUR,1996,13826.92,Asia,90.0,8.51,12687083.0,1624.7849588719155,0.2553,0.0
Turkey,TUR,1997,14631.296,Asia,90.0,8.51,12687083.0,1719.3062279670976,0.2553,0.0
Turkey,TUR,1998,14704.339,Asia,90.0,8.51,12687083.0,1727.8894242068156,0.2553,0.0
Turkey,TUR,1999,14066.189,Asia,90.0,8.51,12687083.0,1652.9011750881316,0.2553,0.0
Turkey,TUR,2000,14856.915,Asia,90.0,6.37,65425957.0,2332.3257456828887,0.19110000000000002,0.0
Turkey,TUR,2001,13872.129,Asia,90.0,8.51,12687083.0,1630.0974148061107,0.2553,0.0
Turkey,TUR,2002,14587.895,Asia,90.0,8.51,12687083.0,1714.2062279670977,0.2553,0.0
Turkey,TUR,2003,15255.718,Asia,90.0,8.51,12687083.0,1792.6813160987076,0.2553,0.0
Turkey,TUR,2004,16583.883,Asia,87.0,8.51,68592621.0,1948.75240893067,0.24679,-3.3333333333333326
Turkey,TUR,2005,17902.596,Asia,88.0,6.86,69329557.0,2609.7078717201166,0.2012266666666667,1.1494252873563315
Turkey,TUR,2006,18972.01,Asia,88.0,8.51,70045351.0,2229.3783783783783,0.2496266666666667,0.0
Turkey,TUR,2007,19909.084,Asia,89.0,8.51,70750593.0,2339.4928319623973,0.2524633333333334,1.1363636363636465
Turkey,TUR,2008,19839.584,Asia,90.0,8.51,12687083.0,2331.3259694477083,0.2553,1.1235955056179803
Turkey,TUR,2009,18612.193,Asia,91.0,8.51,72464846.0,2187.0967097532316,0.2581366666666667,1.1111111111111072
Turkey,TUR,2010,19897.447,Asia,93.0,7.44,73346766.0,2674.3880376344086,0.23064000000000004,2.19780219780219
Turkey,TUR,2011,21760.43,Asia,94.0,8.51,74215203.0,2557.0423031727382,0.26664666666666664,1.0752688172043001
Turkey,TUR,2012,22517.715,Asia,95.0,8.51,75197196.0,2646.029964747356,0.26948333333333335,1.0638297872340496
Turkey,TUR,2013,24117.312,Asia,95.0,8.51,76403032.0,2833.9967097532317,0.26948333333333335,0.0
Turkey,TUR,2014,24888.852,Asia,95.0,8.51,78036154.0,2924.6594594594594,0.26948333333333335,0.0
Turkey,TUR,2015,25984.803,Asia,96.0,8.13,80014222.0,3196.162730627306,0.26016,1.0526315789473717
Turkey,TUR,2016,26489.645,Asia,96.0,8.51,81652087.0,3112.7667450058757,0.27232,0.0
Turkey,TUR,2017,28194.688,Asia,96.0,8.51,83083667.0,3313.1243243243243,0.27232,0.0
Turkey,TUR,2018,28780.303,Asia,90.0,8.51,12687083.0,3381.939247943596,0.2553,-6.25
Turkey,TUR,2019,28741.053,Asia,97.0,8.51,85357670.0,3377.3270270270273,0.27515666666666666,7.777777777777772
Turkey,TUR,2020,28976.719,Asia,90.0,8.49,86091691.0,3413.0411071849235,0.25470000000000004,-7.216494845360821
Turkey,TUR,2021,32105.547,Asia,97.0,8.51,86686254.0,3772.684723854289,0.27515666666666666,7.777777777777772
Turkey,TUR,2022,33520.812,Asia,90.0,8.51,12687083.0,3938.9908343125735,0.2553,-7.216494845360821
Turkey,TUR,2023,35069.17,Asia,90.0,8.51,12687083.0,4120.936545240893,0.2553,0.0
Turkmenistan,TKM,1990,7925.498,Asia,90.0,8.51,12687083.0,931.3158636897767,0.2553,0.0
Turkmenistan,TKM,1991,7373.584,Asia,90.0,8.51,12687083.0,866.4611045828437,0.2553,0.0
Turkmenistan,TKM,1992,6128.9155,Asia,90.0,8.51,12687083.0,720.2015863689777,0.2553,0.0
Turkmenistan,TKM,1993,6085.5254,Asia,90.0,8.51,12687083.0,715.1028672150412,0.2553,0.0
Turkmenistan,TKM,1994,4929.734,Asia,90.0,8.51,12687083.0,579.2871915393655,0.2553,0.0
Turkmenistan,TKM,1995,4493.4277,Asia,99.0,8.51,4191207.0,528.0173560517039,0.28083,10.000000000000009
Turkmenistan,TKM,1996,4712.8335,Asia,90.0,8.51,12687083.0,553.7994712103408,0.2553,-9.090909090909093
Turkmenistan,TKM,1997,4105.369,Asia,90.0,8.51,12687083.0,482.4170387779083,0.2553,0.0
Turkmenistan,TKM,1998,4323.302,Asia,90.0,8.51,12687083.0,508.02608695652174,0.2553,0.0
Turkmenistan,TKM,1999,4945.0854,Asia,90.0,8.51,12687083.0,581.091116333725,0.2553,0.0
Turkmenistan,TKM,2000,5112.5293,Asia,90.0,8.51,12687083.0,600.7672502937721,0.2553,0.0
Turkmenistan,TKM,2001,5228.803,Asia,90.0,8.51,12687083.0,614.4304347826087,0.2553,0.0
Turkmenistan,TKM,2002,5138.871,Asia,90.0,8.51,12687083.0,603.8626321974149,0.2553,0.0
Turkmenistan,TKM,2003,5203.8545,Asia,90.0,8.51,12687083.0,611.4987661574619,0.2553,0.0
Turkmenistan,TKM,2004,5360.224,Asia,90.0,8.51,12687083.0,629.8735605170389,0.2553,0.0
Turkmenistan,TKM,2005,5945.9526,Asia,90.0,8.51,12687083.0,698.7018331374853,0.2553,0.0
Turkmenistan,TKM,2006,6476.828,Asia,90.0,8.51,12687083.0,761.0843713278497,0.2553,0.0
Turkmenistan,TKM,2007,7060.1484,Asia,90.0,8.51,12687083.0,829.6296592244419,0.2553,0.0
Turkmenistan,TKM,2008,7944.996,Asia,90.0,8.51,12687083.0,933.6070505287897,0.2553,0.0
Turkmenistan,TKM,2009,8264.865,Asia,90.0,8.51,12687083.0,971.1944770857814,0.2553,0.0
Turkmenistan,TKM,2010,8842.333,Asia,90.0,8.51,12687083.0,1039.0520564042304,0.2553,0.0
Turkmenistan,TKM,2011,9929.689,Asia,90.0,8.51,12687083.0,1166.8259694477085,0.2553,0.0
Turkmenistan,TKM,2012,10794.233,Asia,90.0,8.51,12687083.0,1268.417508813161,0.2553,0.0
Turkmenistan,TKM,2013,11633.291,Asia,90.0,8.51,12687083.0,1367.0142185663924,0.2553,0.0
Turkmenistan,TKM,2014,12544.398,Asia,90.0,8.51,12687083.0,1474.0773207990599,0.2553,0.0
Turkmenistan,TKM,2015,13057.83,Asia,90.0,8.51,12687083.0,1534.410105757932,0.2553,0.0
Turkmenistan,TKM,2016,13552.848,Asia,90.0,8.51,12687083.0,1592.5790834312575,0.2553,0.0
Turkmenistan,TKM,2017,14107.667,Asia,90.0,8.51,12687083.0,1657.775205640423,0.2553,0.0
Turkmenistan,TKM,2018,14648.136,Asia,90.0,8.51,12687083.0,1721.2850763807287,0.2553,0.0
Turkmenistan,TKM,2019,15231.306,Asia,90.0,8.51,12687083.0,1789.8126909518214,0.2553,0.0
Turkmenistan,TKM,2020,15791.178,Asia,90.0,8.51,12687083.0,1855.6025851938896,0.2553,0.0
Turkmenistan,TKM,2021,16434.14,Asia,90.0,8.51,12687083.0,1931.156286721504,0.2553,0.0
Turkmenistan,TKM,2022,17119.574,Asia,90.0,8.51,12687083.0,2011.7008225616923,0.2553,0.0
Turkmenistan,TKM,2023,17866.404,Asia,90.0,8.51,12687083.0,2099.459929494712,0.2553,0.0
Turks And Caicos Islands,TCA,2007,21878.82,North America,90.0,8.51,12687083.0,2570.954171562867,0.2553,0.0
Turks And Caicos Islands,TCA,2008,22689.316,North America,90.0,8.51,12687083.0,2666.1945945945945,0.2553,0.0
Turks And Caicos Islands,TCA,2009,17512.197,North America,90.0,8.51,12687083.0,2057.8374853113983,0.2553,0.0
Turks And Caicos Islands,TCA,2010,17000.223,North America,90.0,8.51,12687083.0,1997.6760282021155,0.2553,0.0
Turks And Caicos Islands,TCA,2011,17147.424,North America,90.0,8.51,12687083.0,2014.9734430082256,0.2553,0.0
Turks And Caicos Islands,TCA,2012,16024.691,North America,90.0,8.51,12687083.0,1883.0424206815512,0.2553,0.0
Turks And Caicos Islands,TCA,2013,15461.873,North America,90.0,8.51,12687083.0,1816.9063454759107,0.2553,0.0
Turks And Caicos Islands,TCA,2014,16138.849,North America,90.0,8.51,12687083.0,1896.4569917743831,0.2553,0.0
Turks And Caicos Islands,TCA,2015,17201.771,North America,90.0,8.51,12687083.0,2021.359694477086,0.2553,0.0
Turks And Caicos Islands,TCA,2016,17625.72,North America,90.0,8.51,12687083.0,2071.177438307873,0.2553,0.0
Turks And Caicos Islands,TCA,2017,29540.354,North America,90.0,8.51,12687083.0,3471.251938895417,0.2553,0.0
Turks And Caicos Islands,TCA,2018,30286.12,North America,90.0,8.51,12687083.0,3558.886016451234,0.2553,0.0
Turks And Caicos Islands,TCA,2019,30611.213,North America,90.0,8.51,12687083.0,3597.0873090481787,0.2553,0.0
Turks And Caicos Islands,TCA,2020,19702.537,North America,90.0,8.51,12687083.0,2315.221739130435,0.2553,0.0
Turks And Caicos Islands,TCA,2021,25056.488,North America,90.0,8.51,12687083.0,2944.3581668625147,0.2553,0.0
Turks And Caicos Islands,TCA,2022,28209.625,North America,90.0,8.51,12687083.0,3314.87955346651,0.2553,0.0
Turks And Caicos Islands,TCA,2023,31839.371,North America,90.0,8.51,12687083.0,3741.4066980023504,0.2553,0.0
Tuvalu,TUV,1990,2984.2856,Oceania,90.0,8.51,12687083.0,350.67985898942425,0.2553,0.0
Tuvalu,TUV,1991,3046.9717,Oceania,90.0,8.51,12687083.0,358.04602820211517,0.2553,0.0
Tuvalu,TUV,1992,3093.827,Oceania,90.0,8.51,12687083.0,363.5519388954172,0.2553,0.0
Tuvalu,TUV,1993,3189.949,Oceania,90.0,8.51,12687083.0,374.8471210340776,0.2553,0.0
Tuvalu,TUV,1994,3487.0337,Oceania,90.0,8.51,12687083.0,409.75719153936546,0.2553,0.0
Tuvalu,TUV,1995,3286.469,Oceania,90.0,8.51,12687083.0,386.18907168037606,0.2553,0.0
Tuvalu,TUV,1996,3070.0393,Oceania,90.0,8.51,12687083.0,360.75667450058756,0.2553,0.0
Tuvalu,TUV,1997,3356.3071,Oceania,90.0,8.51,12687083.0,394.39566392479435,0.2553,0.0
Tuvalu,TUV,1998,3855.6548,Oceania,90.0,8.51,12687083.0,453.073419506463,0.2553,0.0
Tuvalu,TUV,1999,3777.3718,Oceania,90.0,8.51,12687083.0,443.87447708578145,0.2553,0.0
Tuvalu,TUV,2000,3721.8994,Oceania,90.0,8.51,12687083.0,437.35598119858986,0.2553,0.0
Tuvalu,TUV,2001,3705.5923,Oceania,90.0,8.51,12687083.0,435.4397532314924,0.2553,0.0
Tuvalu,TUV,2002,4042.9011,Oceania,90.0,8.51,12687083.0,475.07650998824914,0.2553,0.0
Tuvalu,TUV,2003,3838.4036,Oceania,90.0,8.51,12687083.0,451.0462514688602,0.2553,0.0
Tuvalu,TUV,2004,3704.9272,Oceania,90.0,8.51,12687083.0,435.361598119859,0.2553,0.0
Tuvalu,TUV,2005,3488.5364,Oceania,90.0,8.51,12687083.0,409.9337720329025,0.2553,0.0
Tuvalu,TUV,2006,3532.3994,Oceania,90.0,8.51,12687083.0,415.08806110458283,0.2553,0.0
Tuvalu,TUV,2007,3737.8787,Oceania,90.0,8.51,12687083.0,439.2336897767333,0.2553,0.0
Tuvalu,TUV,2008,3933.374,Oceania,90.0,8.51,12687083.0,462.20611045828434,0.2553,0.0
Tuvalu,TUV,2009,3638.1875,Oceania,90.0,8.51,12687083.0,427.5190951821387,0.2553,0.0
Tuvalu,TUV,2010,3506.0603,Oceania,90.0,8.51,12687083.0,411.9929847238543,0.2553,0.0
Tuvalu,TUV,2011,3687.4392,Oceania,90.0,8.51,12687083.0,433.3066039952996,0.2553,0.0
Tuvalu,TUV,2012,3558.1523,Oceania,90.0,8.51,12687083.0,418.11425381903643,0.2553,0.0
Tuvalu,TUV,2013,3690.242,Oceania,90.0,8.51,12687083.0,433.6359576968273,0.2553,0.0
Tuvalu,TUV,2014,3695.9534,Oceania,90.0,8.51,12687083.0,434.3070975323149,0.2553,0.0
Tuvalu,TUV,2015,4088.7659,Oceania,90.0,8.51,12687083.0,480.4660282021152,0.2553,0.0
Tuvalu,TUV,2016,4333.249,Oceania,90.0,8.51,12687083.0,509.1949471210341,0.2553,0.0
Tuvalu,TUV,2017,4464.259,Oceania,90.0,8.51,12687083.0,524.589776733255,0.2553,0.0
Tuvalu,TUV,2018,4575.869,Oceania,90.0,8.51,12687083.0,537.7049353701527,0.2553,0.0
Tuvalu,TUV,2019,5292.0303,Oceania,90.0,8.51,12687083.0,621.8601997649824,0.2553,0.0
Tuvalu,TUV,2020,5154.4595,Oceania,90.0,8.51,12687083.0,605.6944183313749,0.2553,0.0
Tuvalu,TUV,2021,5352.9785,Oceania,90.0,8.51,12687083.0,629.0221504112809,0.2553,0.0
Tuvalu,TUV,2022,5498.1846,Oceania,90.0,8.51,12687083.0,646.0851468860164,0.2553,0.0
Tuvalu,TUV,2023,5812.3994,Oceania,90.0,8.51,12687083.0,683.0081551116334,0.2553,0.0
Uganda,UGA,1990,1080.0383,Africa,90.0,3.71,17569895.0,291.1154447439353,0.1113,0.0
Uganda,UGA,1991,1103.229,Africa,56.0,8.51,18155901.0,129.63913043478263,0.15885333333333335,-37.77777777777778
Uganda,UGA,1992,1102.73,Africa,90.0,8.51,12687083.0,129.5804935370153,0.2553,60.71428571428572
Uganda,UGA,1993,1153.9937,Africa,90.0,8.51,12687083.0,135.60443008225616,0.2553,0.0
Uganda,UGA,1994,1187.3678,Africa,90.0,8.51,12687083.0,139.52618096357227,0.2553,0.0
Uganda,UGA,1995,1288.5089,Africa,90.0,4.17,20665673.0,308.9949400479616,0.1251,0.0
Uganda,UGA,1996,1367.9457,Africa,90.0,8.51,12687083.0,160.74567567567567,0.2553,0.0
Uganda,UGA,1997,1396.6311,Africa,90.0,8.51,12687083.0,164.11646298472385,0.2553,0.0
Uganda,UGA,1998,1422.2079,Africa,90.0,8.51,12687083.0,167.1219623971798,0.2553,0.0
Uganda,UGA,1999,1487.7579,Africa,90.0,8.51,12687083.0,174.8246650998825,0.2553,0.0
Uganda,UGA,2000,1487.005,Africa,90.0,4.56,24000158.0,326.0975877192983,0.1368,0.0
Uganda,UGA,2001,1516.9642,Africa,90.0,8.51,12687083.0,178.2566627497062,0.2553,0.0
Uganda,UGA,2002,1598.5829,Africa,68.0,8.51,25532872.0,187.8475793184489,0.19289333333333336,-24.444444444444446
Uganda,UGA,2003,1649.1483,Africa,90.0,8.51,12687083.0,193.78945945945947,0.2553,32.35294117647059
Uganda,UGA,2004,1709.3616,Africa,90.0,8.51,12687083.0,200.8650528789659,0.2553,0.0
Uganda,UGA,2005,1765.0378,Africa,90.0,5.11,27963287.0,345.4085714285714,0.15330000000000002,0.0
Uganda,UGA,2006,1898.9791,Africa,71.0,8.51,28794005.0,223.14678025851939,0.20140333333333332,-21.111111111111114
Uganda,UGA,2007,1999.0625,Africa,90.0,8.51,12687083.0,234.90746180963572,0.2553,26.7605633802817
Uganda,UGA,2008,2110.1006,Africa,90.0,8.51,12687083.0,247.95541715628676,0.2553,0.0
Uganda,UGA,2009,2188.299,Africa,90.0,8.51,12687083.0,257.1444183313749,0.2553,0.0
Uganda,UGA,2010,2244.606,Africa,73.0,5.87,32390801.0,382.38603066439526,0.14283666666666667,-18.88888888888889
Uganda,UGA,2011,2384.4653,Africa,90.0,8.51,12687083.0,280.19568742655696,0.2553,23.28767123287672
Uganda,UGA,2012,2405.0945,Africa,70.0,8.51,34337436.0,282.61980023501764,0.19856666666666667,-22.22222222222222
Uganda,UGA,2013,2420.8882,Africa,90.0,8.51,12687083.0,284.4756991774383,0.2553,28.57142857142858
Uganda,UGA,2014,2470.504,Africa,90.0,8.51,12687083.0,290.3059929494712,0.2553,0.0
Uganda,UGA,2015,2520.02,Africa,90.0,6.27,37531444.0,401.9170653907496,0.1881,0.0
Uganda,UGA,2016,2554.2278,Africa,69.10132,8.51,38799153.0,300.14427732079906,0.19601741106666667,-23.22075555555555
Uganda,UGA,2017,2543.8477,Africa,90.0,8.51,12687083.0,298.92452408930666,0.2553,30.24353225090346
Uganda,UGA,2018,2613.88,Africa,90.0,8.51,12687083.0,307.1539365452409,0.2553,0.0
Uganda,UGA,2019,2689.4102,Africa,90.0,8.51,12687083.0,316.02940070505286,0.2553,0.0
Uganda,UGA,2020,2678.009,Africa,90.0,6.69,44457148.0,400.30029895366215,0.20070000000000002,0.0
Uganda,UGA,2021,2684.9204,Africa,90.0,8.51,12687083.0,315.5018096357227,0.2553,0.0
Uganda,UGA,2022,2724.906,Africa,90.0,8.51,12687083.0,320.20047003525264,0.2553,0.0
Uganda,UGA,2023,2791.0557,Africa,90.0,8.51,12687083.0,327.973642773208,0.2553,0.0
Ukraine,UKR,1990,22815.799,Europe,90.0,8.51,12687083.0,2681.0574618096357,0.2553,0.0
Ukraine,UKR,1991,20784.16,Europe,90.0,8.51,12687083.0,2442.321974148061,0.2553,0.0
Ukraine,UKR,1992,18671.873,Europe,90.0,8.51,12687083.0,2194.1096357226793,0.2553,0.0
Ukraine,UKR,1993,16012.372,Europe,90.0,8.51,12687083.0,1881.5948296122208,0.2553,0.0
Ukraine,UKR,1994,12410.525,Europe,90.0,8.51,12687083.0,1458.3460634547591,0.2553,0.0
Ukraine,UKR,1995,10983.009,Europe,90.0,8.51,12687083.0,1290.6003525264396,0.2553,0.0
Ukraine,UKR,1996,9969.501,Europe,90.0,8.51,12687083.0,1171.5042303172738,0.2553,0.0
Ukraine,UKR,1997,9754.05,Europe,90.0,8.51,12687083.0,1146.186839012926,0.2553,0.0
Ukraine,UKR,1998,9646.055,Europe,90.0,8.51,12687083.0,1133.4964747356053,0.2553,0.0
Ukraine,UKR,1999,9704.445,Europe,90.0,8.51,12687083.0,1140.3578143360753,0.2553,0.0
Ukraine,UKR,2000,10364.0625,Europe,90.0,8.51,12687083.0,1217.8686839012926,0.2553,0.0
Ukraine,UKR,2001,11379.386,Europe,99.0,8.51,49106854.0,1337.178143360752,0.28083,10.000000000000009
Ukraine,UKR,2002,12092.789,Europe,90.0,8.51,12687083.0,1421.0092831962397,0.2553,-9.090909090909093
Ukraine,UKR,2003,13342.88,Europe,90.0,8.51,12687083.0,1567.905992949471,0.2553,0.0
Ukraine,UKR,2004,15021.066,Europe,90.0,8.51,12687083.0,1765.1076380728555,0.2553,0.0
Ukraine,UKR,2005,15610.573,Europe,90.0,8.51,12687083.0,1834.3799059929495,0.2553,0.0
Ukraine,UKR,2006,16901.508,Europe,90.0,8.51,12687083.0,1986.0761457109286,0.2553,0.0
Ukraine,UKR,2007,18374.014,Europe,90.0,8.51,12687083.0,2159.108578143361,0.2553,0.0
Ukraine,UKR,2008,18883.986,Europe,90.0,8.51,12687083.0,2219.034782608696,0.2553,0.0
Ukraine,UKR,2009,16092.796,Europe,90.0,8.51,12687083.0,1891.0453584018803,0.2553,0.0
Ukraine,UKR,2010,16811.795,Europe,90.0,8.51,12687083.0,1975.5340775558166,0.2553,0.0
Ukraine,UKR,2011,17783.957,Europe,90.0,8.51,12687083.0,2089.771680376028,0.2553,0.0
Ukraine,UKR,2012,17848.74,Europe,90.0,8.51,12687083.0,2097.3842538190365,0.2553,0.0
Ukraine,UKR,2013,17889.092,Europe,90.0,8.51,12687083.0,2102.1259694477085,0.2553,0.0
Ukraine,UKR,2014,16978.812,Europe,90.0,8.51,12687083.0,1995.1600470035255,0.2553,0.0
Ukraine,UKR,2015,15403.71,Europe,90.0,10.81,45784904.0,1424.9500462534688,0.32430000000000003,0.0
Ukraine,UKR,2016,15856.8125,Europe,90.0,8.51,12687083.0,1863.3152173913045,0.2553,0.0
Ukraine,UKR,2017,16310.36,Europe,90.0,8.51,12687083.0,1916.6110458284372,0.2553,0.0
Ukraine,UKR,2018,16978.984,Europe,90.0,8.51,12687083.0,1995.180258519389,0.2553,0.0
Ukraine,UKR,2019,17636.555,Europe,90.0,8.51,12687083.0,2072.4506462984723,0.2553,0.0
Ukraine,UKR,2020,17092.54,Europe,90.0,10.82,44680008.0,1579.7171903881701,0.32460000000000006,0.0
Ukraine,UKR,2021,17846.408,Europe,90.0,8.51,12687083.0,2097.110223266745,0.2553,0.0
Ukraine,UKR,2022,13787.121,Europe,90.0,8.51,12687083.0,1620.1082256169211,0.2553,0.0
Ukraine,UKR,2023,15916.958,Europe,90.0,8.51,12687083.0,1870.3828437132786,0.2553,0.0
United Arab Emirates,ARE,1990,111377.05,Asia,90.0,8.51,12687083.0,13087.784958871916,0.2553,0.0
United Arab Emirates,ARE,1991,106266.195,Asia,90.0,8.51,12687083.0,12487.21445358402,0.2553,0.0
United Arab Emirates,ARE,1992,104206.76,Asia,90.0,8.51,12687083.0,12245.212690951821,0.2553,0.0
United Arab Emirates,ARE,1993,100422.63,Asia,90.0,8.51,12687083.0,11800.544065804936,0.2553,0.0
United Arab Emirates,ARE,1994,102456.1,Asia,90.0,8.51,12687083.0,12039.49471210341,0.2553,0.0
United Arab Emirates,ARE,1995,104527.92,Asia,90.0,8.51,12687083.0,12282.951821386605,0.2553,0.0
United Arab Emirates,ARE,1996,103653.48,Asia,90.0,8.51,12687083.0,12180.19741480611,0.2553,0.0
United Arab Emirates,ARE,1997,103392.44,Asia,90.0,8.51,12687083.0,12149.522914218567,0.2553,0.0
United Arab Emirates,ARE,1998,96088.49,Asia,90.0,8.51,12687083.0,11291.244418331376,0.2553,0.0
United Arab Emirates,ARE,1999,92047.59,Asia,90.0,8.51,12687083.0,10816.403055229142,0.2553,0.0
United Arab Emirates,ARE,2000,95390.7,Asia,90.0,8.51,12687083.0,11209.24794359577,0.2553,0.0
United Arab Emirates,ARE,2001,90750.34,Asia,90.0,8.51,12687083.0,10663.96474735605,0.2553,0.0
United Arab Emirates,ARE,2002,87479.24,Asia,90.0,8.51,12687083.0,10279.581668625147,0.2553,0.0
United Arab Emirates,ARE,2003,89828.555,Asia,90.0,8.51,12687083.0,10555.646886016451,0.2553,0.0
United Arab Emirates,ARE,2004,93166.15,Asia,90.0,8.51,12687083.0,10947.843713278495,0.2553,0.0
United Arab Emirates,ARE,2005,92750.914,Asia,90.0,8.51,4664797.0,10899.049823736781,0.2553,0.0
United Arab Emirates,ARE,2006,94872.54,Asia,90.0,8.51,12687083.0,11148.359576968272,0.2553,0.0
United Arab Emirates,ARE,2007,87180.61,Asia,90.0,8.51,12687083.0,10244.490011750882,0.2553,0.0
United Arab Emirates,ARE,2008,80285.19,Asia,90.0,8.51,12687083.0,9434.217391304348,0.2553,0.0
United Arab Emirates,ARE,2009,71488.99,Asia,90.0,8.51,12687083.0,8400.586368977674,0.2553,0.0
United Arab Emirates,ARE,2010,70913.78,Asia,90.0,8.51,12687083.0,8332.994124559342,0.2553,0.0
United Arab Emirates,ARE,2011,73190.4,Asia,90.0,8.51,12687083.0,8600.517038777907,0.2553,0.0
United Arab Emirates,ARE,2012,73644.055,Asia,90.0,8.51,12687083.0,8653.825499412455,0.2553,0.0
United Arab Emirates,ARE,2013,74237.22,Asia,90.0,8.51,12687083.0,8723.527614571094,0.2553,0.0
United Arab Emirates,ARE,2014,74145.11,Asia,90.0,8.51,12687083.0,8712.703877790835,0.2553,0.0
United Arab Emirates,ARE,2015,75238.555,Asia,90.0,9.35,8674633.0,8046.904278074866,0.28049999999999997,0.0
United Arab Emirates,ARE,2016,75671.055,Asia,90.0,8.51,12687083.0,8892.015863689776,0.2553,0.0
United Arab Emirates,ARE,2017,72529.055,Asia,90.0,8.51,12687083.0,8522.803172737955,0.2553,0.0
United Arab Emirates,ARE,2018,72671.06,Asia,90.0,8.51,12687083.0,8539.49001175088,0.2553,0.0
United Arab Emirates,ARE,2019,72822.97,Asia,98.0,8.51,9377855.0,8557.340775558167,0.2779933333333333,8.888888888888879
United Arab Emirates,ARE,2020,66808.65,Asia,90.0,9.57,9448529.0,6981.050156739811,0.2871,-8.163265306122447
United Arab Emirates,ARE,2021,68580.15,Asia,98.0,8.51,9789055.0,8058.772032902467,0.2779933333333333,8.888888888888879
United Arab Emirates,ARE,2022,70075.63,Asia,98.0,8.51,10242085.0,8234.504112808461,0.2779933333333333,0.0
United Arab Emirates,ARE,2023,70239.85,Asia,98.0,8.51,10642089.0,8253.80141010576,0.2779933333333333,0.0
United Kingdom,GBR,1990,32993.168,Europe,90.0,9.28,57367867.0,3555.298275862069,0.2784,-8.163265306122447
United Kingdom,GBR,1991,32466.195,Europe,90.0,8.51,12687083.0,3815.0640423031728,0.2553,0.0
United Kingdom,GBR,1992,32797.73,Europe,90.0,8.51,12687083.0,3854.022326674501,0.2553,0.0
United Kingdom,GBR,1993,33861.254,Europe,90.0,8.51,12687083.0,3978.9957696827264,0.2553,0.0
United Kingdom,GBR,1994,35448.18,Europe,90.0,8.51,12687083.0,4165.473560517039,0.2553,0.0
United Kingdom,GBR,1995,36603.74,Europe,90.0,9.67,58154632.0,3785.2885211995863,0.29009999999999997,0.0
United Kingdom,GBR,1996,37465.38,Europe,90.0,8.51,12687083.0,4402.512338425382,0.2553,0.0
United Kingdom,GBR,1997,39192.61,Europe,90.0,8.51,12687083.0,4605.477085781434,0.2553,0.0
United Kingdom,GBR,1998,40347.18,Europe,90.0,8.51,12687083.0,4741.149236192715,0.2553,0.0
United Kingdom,GBR,1999,41396.938,Europe,90.0,8.51,12687083.0,4864.505052878966,0.2553,0.0
United Kingdom,GBR,2000,43115.562,Europe,90.0,9.97,59057333.0,4324.529789368104,0.29910000000000003,0.0
United Kingdom,GBR,2001,43976.84,Europe,90.0,8.51,12687083.0,5167.666274970623,0.2553,0.0
United Kingdom,GBR,2002,44539.465,Europe,90.0,8.51,12687083.0,5233.779670975323,0.2553,0.0
United Kingdom,GBR,2003,45759.402,Europe,90.0,8.51,12687083.0,5377.133019976499,0.2553,0.0
United Kingdom,GBR,2004,46558.13,Europe,90.0,8.51,12687083.0,5470.990599294947,0.2553,0.0
United Kingdom,GBR,2005,47529.938,Europe,90.0,11.57,60596107.0,4108.032670700087,0.3471,0.0
United Kingdom,GBR,2006,48215.047,Europe,90.0,8.51,12687083.0,5665.69294947121,0.2553,0.0
United Kingdom,GBR,2007,49243.25,Europe,90.0,8.51,12687083.0,5786.515863689777,0.2553,0.0
United Kingdom,GBR,2008,48833.07,Europe,90.0,8.51,12687083.0,5738.316098707403,0.2553,0.0
United Kingdom,GBR,2009,46241.805,Europe,90.0,8.51,12687083.0,5433.819623971798,0.2553,0.0
United Kingdom,GBR,2010,46917.89,Europe,90.0,12.46,63006482.0,3765.4807383627603,0.3738000000000001,0.0
United Kingdom,GBR,2011,46949.02,Europe,90.0,8.51,12687083.0,5516.923619271445,0.2553,0.0
United Kingdom,GBR,2012,47328.21,Europe,90.0,8.51,12687083.0,5561.48178613396,0.2553,0.0
United Kingdom,GBR,2013,47820.28,Europe,90.0,8.51,12687083.0,5619.304347826087,0.2553,0.0
United Kingdom,GBR,2014,48964.285,Europe,90.0,8.51,12687083.0,5753.735017626323,0.2553,0.0
United Kingdom,GBR,2015,49652.72,Europe,90.0,12.67,65382107.0,3918.9202841357537,0.3801,0.0
United Kingdom,GBR,2016,50346.86,Europe,90.0,8.51,12687083.0,5916.199764982374,0.2553,0.0
United Kingdom,GBR,2017,51586.676,Europe,90.0,8.51,12687083.0,6061.889071680376,0.2553,0.0
United Kingdom,GBR,2018,52131.695,Europe,90.0,8.51,12687083.0,6125.933607520564,0.2553,0.0
United Kingdom,GBR,2019,52515.684,Europe,90.0,8.51,12687083.0,6171.055699177438,0.2553,0.0
United Kingdom,GBR,2020,47158.984,Europe,90.0,12.9,67351860.0,3655.7351937984495,0.387,0.0
United Kingdom,GBR,2021,51004.426,Europe,90.0,8.51,12687083.0,5993.469565217391,0.2553,0.0
United Kingdom,GBR,2022,53139.152,Europe,90.0,8.51,12687083.0,6244.318683901293,0.2553,0.0
United Kingdom,GBR,2023,52592.684,Europe,90.0,8.51,12687083.0,6180.103877790834,0.2553,0.0
United States,USA,1990,44378.523,North America,90.0,12.55,253373387.0,3536.1372908366534,0.3765,0.0
United States,USA,1991,43742.027,North America,90.0,8.51,12687083.0,5140.073678025852,0.2553,0.0
United States,USA,1992,44659.152,North America,90.0,8.51,12687083.0,5247.843948296122,0.2553,0.0
United States,USA,1993,45286.934,North America,90.0,8.51,12687083.0,5321.613866039953,0.2553,0.0
United States,USA,1994,46537.355,North America,90.0,8.51,12687083.0,5468.549353701528,0.2553,0.0
United States,USA,1995,47220.957,North America,90.0,12.83,268205796.0,3680.511067809821,0.3849,0.0
United States,USA,1996,48435.7,North America,90.0,8.51,12687083.0,5691.621621621622,0.2553,0.0
United States,USA,1997,49984.27,North America,90.0,8.51,12687083.0,5873.592244418332,0.2553,0.0
United States,USA,1998,51619.87,North America,90.0,8.51,12687083.0,6065.789659224442,0.2553,0.0
United States,USA,1999,53474.047,North America,90.0,8.51,12687083.0,6283.671797884841,0.2553,0.0
United States,USA,2000,55038.62,North America,90.0,13.1,281484126.0,4201.421374045802,0.393,0.0
United States,USA,2001,55017.305,North America,90.0,8.51,12687083.0,6465.01821386604,0.2553,0.0
United States,USA,2002,55436.117,North America,90.0,8.51,12687083.0,6514.232314923619,0.2553,0.0
United States,USA,2003,56498.207,North America,90.0,8.51,12687083.0,6639.037250293773,0.2553,0.0
United States,USA,2004,58131.633,North America,90.0,8.51,12687083.0,6830.979200940071,0.2553,0.0
United States,USA,2005,59604.754,North America,90.0,13.01,295716666.0,4581.456879323598,0.3903,0.0
United States,USA,2006,60676.566,North America,90.0,8.51,12687083.0,7130.031257344301,0.2553,0.0
United States,USA,2007,61306.598,North America,90.0,8.51,12687083.0,7204.065569917744,0.2553,0.0
United States,USA,2008,60798.434,North America,90.0,8.51,12687083.0,7144.351821386605,0.2553,0.0
United States,USA,2009,58714.973,North America,90.0,8.51,12687083.0,6899.526792009401,0.2553,0.0
United States,USA,2010,59789.414,North America,90.0,13.24,311062785.0,4515.816767371601,0.39720000000000005,0.0
United States,USA,2011,60245.484,North America,90.0,8.51,12687083.0,7079.375323149236,0.2553,0.0
United States,USA,2012,61134.53,North America,90.0,8.51,12687083.0,7183.846063454759,0.2553,0.0
United States,USA,2013,61958.723,North America,90.0,8.51,12687083.0,7280.696004700352,0.2553,0.0
United States,USA,2014,63018.805,North America,90.0,8.51,12687083.0,7405.264982373678,0.2553,0.0
United States,USA,2015,64359.473,North America,90.0,13.29,326126496.0,4842.699247554552,0.39869999999999994,0.0
United States,USA,2016,65017.656,North America,90.0,8.51,12687083.0,7640.147591069331,0.2553,0.0
United States,USA,2017,66155.555,North America,90.0,8.51,12687083.0,7773.860752056404,0.2553,0.0
United States,USA,2018,67719.766,North America,90.0,8.51,12687083.0,7957.669330199766,0.2553,0.0
United States,USA,2019,69112.6,North America,90.0,8.51,12687083.0,8121.339600470036,0.2553,0.0
United States,USA,2020,67342.07,North America,90.0,13.32,339436156.0,5055.7109609609615,0.3996,0.0
United States,USA,2021,71307.4,North America,90.0,8.51,12687083.0,8379.247943595768,0.2553,0.0
United States,USA,2022,72679.26,North America,90.0,8.51,12687083.0,8540.453584018802,0.2553,0.0
United States,USA,2023,74158.72,North America,90.0,8.51,12687083.0,8714.303172737955,0.2553,0.0
United States Virgin Islands,VIR,2002,54299.23,North America,90.0,8.51,12687083.0,6380.638072855465,0.2553,0.0
United States Virgin Islands,VIR,2003,54086.156,North America,90.0,8.51,12687083.0,6355.6,0.2553,0.0
United States Virgin Islands,VIR,2004,55883.453,North America,90.0,8.51,12687083.0,6566.798237367803,0.2553,0.0
United States Virgin Islands,VIR,2005,57838.098,North America,90.0,8.51,12687083.0,6796.48625146886,0.2553,0.0
United States Virgin Islands,VIR,2006,59911.723,North America,90.0,8.51,12687083.0,7040.155464159812,0.2553,0.0
United States Virgin Islands,VIR,2007,62332.945,North America,90.0,8.51,12687083.0,7324.670387779083,0.2553,0.0
United States Virgin Islands,VIR,2008,63057.625,North America,90.0,8.51,12687083.0,7409.826674500588,0.2553,0.0
United States Virgin Islands,VIR,2009,58895.305,North America,90.0,8.51,12687083.0,6920.717391304348,0.2553,0.0
United States Virgin Islands,VIR,2010,59272.246,North America,90.0,8.51,12687083.0,6965.0112808460635,0.2553,0.0
United States Virgin Islands,VIR,2011,54443.07,North America,90.0,8.51,12687083.0,6397.540540540541,0.2553,0.0
United States Virgin Islands,VIR,2012,46422.414,North America,90.0,8.51,12687083.0,5455.042773207991,0.2553,0.0
United States Virgin Islands,VIR,2013,43563.887,North America,90.0,8.51,12687083.0,5119.140658049354,0.2553,0.0
United States Virgin Islands,VIR,2014,42853.9,North America,90.0,8.51,12687083.0,5035.710928319624,0.2553,0.0
United States Virgin Islands,VIR,2015,42739.082,North America,90.0,8.51,12687083.0,5022.218801410106,0.2553,0.0
United States Virgin Islands,VIR,2016,43502.434,North America,90.0,8.51,12687083.0,5111.919388954172,0.2553,0.0
United States Virgin Islands,VIR,2017,43277.156,North America,90.0,8.51,12687083.0,5085.447238542891,0.2553,0.0
United States Virgin Islands,VIR,2018,44205.406,North America,90.0,8.51,12687083.0,5194.524794359578,0.2553,0.0
United States Virgin Islands,VIR,2019,45632.637,North America,90.0,8.51,12687083.0,5362.237015276146,0.2553,0.0
United States Virgin Islands,VIR,2020,45055.78,North America,90.0,8.51,12687083.0,5294.451233842538,0.2553,0.0
United States Virgin Islands,VIR,2021,46893.55,North America,90.0,8.51,12687083.0,5510.405405405406,0.2553,0.0
United States Virgin Islands,VIR,2022,46479.3,North America,90.0,8.51,12687083.0,5461.727379553467,0.2553,0.0
Upper-Middle-Income Countries,OWID_UMC,1990,5959.997,Africa,81.04114,8.51,2133212546.0,700.3521739130435,0.22988670046666668,-9.954288888888897
Upper-Middle-Income Countries,OWID_UMC,1991,5984.3267,Africa,81.58651,8.51,2167382314.0,703.2111280846063,0.23143373336666667,0.6729545018739902
Upper-Middle-Income Countries,OWID_UMC,1992,6093.581,Africa,82.15758,8.51,2197406055.0,716.0494712103408,0.2330536686,0.6999564021061611
Upper-Middle-Income Countries,OWID_UMC,1993,6281.1333,Africa,82.6979,8.51,2225369861.0,738.0885193889542,0.23458637633333335,0.6576629934815559
Upper-Middle-Income Countries,OWID_UMC,1994,6434.979,Africa,83.23142,8.51,2251652283.0,756.1667450058754,0.23609979473333334,0.6451433470499257
Upper-Middle-Income Countries,OWID_UMC,1995,6596.9785,Africa,83.80124,8.51,2277401663.0,775.2031139835489,0.23771618413333337,0.6846212644215477
Upper-Middle-Income Countries,OWID_UMC,1996,6887.3223,Africa,84.31269,8.51,2302891501.0,809.3210693301997,0.23916699730000002,0.6103131648171223
Upper-Middle-Income Countries,OWID_UMC,1997,7184.325,Africa,88.7168,8.51,2327613637.0,844.2215041128085,0.2516599893333334,5.223543454727864
Upper-Middle-Income Countries,OWID_UMC,1998,7250.5654,Africa,89.1177,8.51,2351662004.0,852.0053349001175,0.252797209,0.4518873539171686
Upper-Middle-Income Countries,OWID_UMC,1999,7382.556,Africa,89.47645,8.51,2375149846.0,867.515393654524,0.2538148631666667,0.4025575166324957
Upper-Middle-Income Countries,OWID_UMC,2000,7738.539,Africa,89.87667,8.51,2398658002.0,909.3465334900118,0.25495015390000003,0.4472908793319519
Upper-Middle-Income Countries,OWID_UMC,2001,7918.8364,Africa,90.19642,8.51,2421698836.0,930.5330669800236,0.2558571780666667,0.35576529482010955
Upper-Middle-Income Countries,OWID_UMC,2002,8217.251,Africa,90.54139,8.51,2443169936.0,965.5994124559343,0.2568357429666667,0.38246529075101066
Upper-Middle-Income Countries,OWID_UMC,2003,8605.562,Africa,90.98183,8.51,2464250116.0,1011.2293772032903,0.2580851244333333,0.48645155547091257
Upper-Middle-Income Countries,OWID_UMC,2004,9197.692,Africa,91.3237,8.51,2485797097.0,1080.8098707403055,0.2590548956666667,0.375756346074807
Upper-Middle-Income Countries,OWID_UMC,2005,9763.25,Africa,91.58416,8.51,2507751547.0,1147.267920094007,0.25979373386666665,0.285205264350874
Upper-Middle-Income Countries,OWID_UMC,2006,10470.8545,Africa,91.86817,8.51,2529346002.0,1230.4176850763806,0.2605993755666667,0.3101082108522002
Upper-Middle-Income Countries,OWID_UMC,2007,11315.484,Africa,92.87729,8.51,2550034553.0,1329.6690951821388,0.26346191263333335,1.098443563205831
Upper-Middle-Income Countries,OWID_UMC,2008,11880.056,Africa,93.30886,8.51,2571616096.0,1396.0112808460635,0.26468613286666665,0.46466687389348227
Upper-Middle-Income Countries,OWID_UMC,2009,12087.708,Africa,93.40503,8.51,2594532094.0,1420.412220916569,0.2649589351,0.10306631117344978
Upper-Middle-Income Countries,OWID_UMC,2010,12967.51,Africa,93.60919,8.51,2617657240.0,1523.7967097532317,0.26553806896666665,0.21857495254806736
Upper-Middle-Income Countries,OWID_UMC,2011,13710.941,Africa,93.75011,8.51,2640400163.0,1611.1564042303173,0.2659378120333334,0.15054077489615736
Upper-Middle-Income Countries,OWID_UMC,2012,14318.651,Africa,93.99739,8.51,2664517398.0,1682.5676850763807,0.2666392629666667,0.26376502384901634
Upper-Middle-Income Countries,OWID_UMC,2013,14943.774,Africa,94.06516,8.51,2689585465.0,1756.0251468860165,0.2668315038666667,0.07209774654381995
Upper-Middle-Income Countries,OWID_UMC,2014,15484.943,Africa,94.41684,8.51,2713983279.0,1819.6172737955346,0.2678291028,0.37386849711411596
Upper-Middle-Income Countries,OWID_UMC,2015,15974.421,Africa,94.53935,8.51,2737646890.0,1877.1352526439484,0.2681766228333333,0.12975439550826362
Upper-Middle-Income Countries,OWID_UMC,2016,16542.852,Africa,94.76116,8.51,2759890904.0,1943.9309048178613,0.2688058238666667,0.2346218796723365
Upper-Middle-Income Countries,OWID_UMC,2017,17244.504,Africa,94.77168,8.51,2781778743.0,2026.3811985898944,0.2688356656,0.011101594788409663
Upper-Middle-Income Countries,OWID_UMC,2018,17907.459,Africa,94.92602,8.51,2801804568.0,2104.284253819036,0.2692734767333333,0.16285455739519783
Upper-Middle-Income Countries,OWID_UMC,2019,18493.598,Africa,95.21391,8.51,2818594893.0,2173.1607520564044,0.2700901247,0.30327827923262163
Upper-Middle-Income Countries,OWID_UMC,2020,18242.543,Africa,95.32048,8.51,2832101028.0,2143.6595769682726,0.2703924282666667,0.11192692328254594
Upper-Middle-Income Countries,OWID_UMC,2021,19507.21,Africa,95.35308,8.51,2841892610.0,2292.2690951821387,0.2704849036,0.03420041527277817
Upper-Middle-Income Countries,OWID_UMC,2022,20094.838,Africa,95.49537,8.51,2847730001.0,2361.320564042303,0.2708885329,0.14922433549078296
Upper-Middle-Income Countries,OWID_UMC,2023,20950.184,Africa,95.61952,8.51,2852870890.0,2461.831257344301,0.27124070506666664,0.1300063029233689
Uruguay,URY,1990,14060.846,South America,90.0,7.71,3104404.0,1823.7154345006484,0.2313,-5.8769590142263795
Uruguay,URY,1991,14474.732,South America,90.0,8.51,12687083.0,1700.9085781433607,0.2553,0.0
Uruguay,URY,1992,15536.487,South America,90.0,8.51,12687083.0,1825.6741480611045,0.2553,0.0
Uruguay,URY,1993,15865.277,South America,90.0,8.51,12687083.0,1864.3098707403055,0.2553,0.0
Uruguay,URY,1994,16932.03,South America,90.0,8.51,12687083.0,1989.662749706228,0.2553,0.0
Uruguay,URY,1995,16600.04,South America,90.0,8.08,3189438.0,2054.460396039604,0.24239999999999998,0.0
Uruguay,URY,1996,17433.693,South America,97.0,8.51,3206329.0,2048.6125734430084,0.27515666666666666,7.777777777777772
Uruguay,URY,1997,18823.941,South America,90.0,8.51,12687083.0,2211.9789659224443,0.2553,-7.216494845360821
Uruguay,URY,1998,19577.79,South America,90.0,8.51,12687083.0,2300.5628672150415,0.2553,0.0
Uruguay,URY,1999,19192.717,South America,90.0,8.51,12687083.0,2255.3133960047003,0.2553,0.0
Uruguay,URY,2000,18752.059,South America,90.0,8.36,3266212.0,2243.069258373206,0.2508,0.0
Uruguay,URY,2001,17986.9,South America,90.0,8.51,12687083.0,2113.6192714453587,0.2553,0.0
Uruguay,URY,2002,16572.79,South America,90.0,8.51,12687083.0,1947.4488836662752,0.2553,0.0
Uruguay,URY,2003,16694.44,South America,90.0,8.51,12687083.0,1961.743830787309,0.2553,0.0
Uruguay,URY,2004,17519.379,South America,90.0,8.51,12687083.0,2058.681433607521,0.2553,0.0
Uruguay,URY,2005,18811.32,South America,90.0,8.5,3285776.0,2213.096470588235,0.255,0.0
Uruguay,URY,2006,19560.082,South America,98.0,8.51,3289508.0,2298.482021151586,0.2779933333333333,8.888888888888879
Uruguay,URY,2007,20803.893,South America,98.0,8.51,3295155.0,2444.6407755581668,0.2779933333333333,0.0
Uruguay,URY,2008,22249.383,South America,98.0,8.51,3302184.0,2614.4985898942423,0.2779933333333333,0.0
Uruguay,URY,2009,23138.082,South America,98.0,8.51,3310093.0,2718.928554641598,0.2779933333333333,0.0
Uruguay,URY,2010,24879.836,South America,98.0,8.61,3318581.0,2889.6441347270616,0.28125999999999995,0.0
Uruguay,URY,2011,26099.322,South America,98.0,8.51,3326829.0,3066.9003525264397,0.2779933333333333,0.0
Uruguay,URY,2012,26953.281,South America,98.0,8.51,3335406.0,3167.248061104583,0.2779933333333333,0.0
Uruguay,URY,2013,28119.482,South America,98.0,8.51,3345335.0,3304.2869565217393,0.2779933333333333,0.0
Uruguay,URY,2014,28935.098,South America,98.0,8.51,3356343.0,3400.1290246768513,0.2779933333333333,0.0
Uruguay,URY,2015,28941.629,South America,99.0,8.65,3368022.0,3345.853063583815,0.28545,1.0204081632652962
Uruguay,URY,2016,29332.566,South America,99.0,8.51,3379279.0,3446.835017626322,0.28083,0.0
Uruguay,URY,2017,29762.434,South America,99.0,8.51,3388444.0,3497.3482961222094,0.28083,0.0
Uruguay,URY,2018,29757.94,South America,99.0,8.51,3394538.0,3496.820211515864,0.28083,0.0
Uruguay,URY,2019,30010.574,South America,99.0,8.51,3397206.0,3526.5069330199767,0.28083,0.0
Uruguay,URY,2020,27788.186,South America,90.0,8.76,3398966.0,3172.167351598174,0.2628,-9.090909090909093
Uruguay,URY,2021,29431.885,South America,90.0,8.51,12687083.0,3458.5058754406577,0.2553,0.0
Uruguay,URY,2022,30804.703,South America,99.0,8.51,3390913.0,3619.824089306698,0.28083,10.000000000000009
Uruguay,URY,2023,31059.254,South America,90.0,8.51,12687083.0,3649.7360752056406,0.2553,-9.090909090909093
Uzbekistan,UZB,1990,4214.584,Asia,90.0,8.51,12687083.0,495.2507638072855,0.2553,0.0
Uzbekistan,UZB,1991,4094.2273,Asia,90.0,8.51,12687083.0,481.1077908343126,0.2553,0.0
Uzbekistan,UZB,1992,3547.3115,Asia,90.0,8.51,12687083.0,416.84036427732076,0.2553,0.0
Uzbekistan,UZB,1993,3386.4622,Asia,90.0,8.51,12687083.0,397.93915393654527,0.2553,0.0
Uzbekistan,UZB,1994,3142.4329,Asia,90.0,8.51,12687083.0,369.26356051703874,0.2553,0.0
Uzbekistan,UZB,1995,3052.4187,Asia,90.0,8.51,12687083.0,358.68609870740306,0.2553,0.0
Uzbekistan,UZB,1996,3046.5637,Asia,90.0,8.51,12687083.0,357.9980846063455,0.2553,0.0
Uzbekistan,UZB,1997,3150.0852,Asia,90.0,8.51,12687083.0,370.1627732079906,0.2553,0.0
Uzbekistan,UZB,1998,3234.3574,Asia,90.0,8.51,12687083.0,380.06549941245595,0.2553,0.0
Uzbekistan,UZB,1999,3326.4253,Asia,90.0,8.51,12687083.0,390.88428907168037,0.2553,0.0
Uzbekistan,UZB,2000,3410.6504,Asia,99.0,8.51,24787052.0,400.7814806110458,0.28083,10.000000000000009
Uzbekistan,UZB,2001,3509.7285,Asia,90.0,8.51,12687083.0,412.42403055229147,0.2553,-9.090909090909093
Uzbekistan,UZB,2002,3604.6934,Asia,90.0,8.51,12687083.0,423.58324324324326,0.2553,0.0
Uzbekistan,UZB,2003,3711.7786,Asia,90.0,8.51,12687083.0,436.1666980023502,0.2553,0.0
Uzbekistan,UZB,2004,3939.5305,Asia,90.0,8.51,12687083.0,462.92955346650996,0.2553,0.0
Uzbekistan,UZB,2005,4160.955,Asia,90.0,8.51,12687083.0,488.948883666275,0.2553,0.0
Uzbekistan,UZB,2006,4413.7227,Asia,90.0,8.51,12687083.0,518.6513160987074,0.2553,0.0
Uzbekistan,UZB,2007,4764.564,Asia,90.0,8.51,12687083.0,559.8782608695652,0.2553,0.0
Uzbekistan,UZB,2008,5115.644,Asia,90.0,8.51,12687083.0,601.1332549941246,0.2553,0.0
Uzbekistan,UZB,2009,5439.551,Asia,90.0,8.51,12687083.0,639.1951821386605,0.2553,0.0
Uzbekistan,UZB,2010,5760.805,Asia,90.0,8.51,12687083.0,676.9453584018802,0.2553,0.0
Uzbekistan,UZB,2011,6100.251,Asia,90.0,8.51,12687083.0,716.8332549941246,0.2553,0.0
Uzbekistan,UZB,2012,6435.5645,Asia,90.0,8.51,12687083.0,756.2355464159813,0.2553,0.0
Uzbekistan,UZB,2013,6797.775,Asia,100.0,8.51,29724065.0,798.7984723854289,0.2836666666666667,11.111111111111116
Uzbekistan,UZB,2014,7145.11,Asia,100.0,8.51,30222994.0,839.6133960047003,0.2836666666666667,0.0
Uzbekistan,UZB,2015,7529.7637,Asia,100.0,8.51,30749349.0,884.8135957696828,0.2836666666666667,0.0
Uzbekistan,UZB,2016,7839.978,Asia,100.0,8.51,31284565.0,921.2665099882491,0.2836666666666667,0.0
Uzbekistan,UZB,2017,8047.0537,Asia,90.0,8.51,12687083.0,945.5997297297298,0.2553,-9.999999999999998
Uzbekistan,UZB,2018,8348.961,Asia,100.0,8.51,32373489.0,981.0764982373678,0.2836666666666667,11.111111111111116
Uzbekistan,UZB,2019,8755.126,Asia,100.0,8.51,32964700.0,1028.8044653349002,0.2836666666666667,0.0
Uzbekistan,UZB,2020,8727.411,Asia,90.0,8.51,12687083.0,1025.5477085781433,0.2553,-9.999999999999998
Uzbekistan,UZB,2021,9247.644,Asia,100.0,8.51,34243696.0,1086.6796709753232,0.2836666666666667,11.111111111111116
Uzbekistan,UZB,2022,9607.562,Asia,100.0,8.51,34938953.0,1128.9732079905993,0.2836666666666667,0.0
Uzbekistan,UZB,2023,10007.686,Asia,90.0,8.51,12687083.0,1175.9913043478261,0.2553,-9.999999999999998
Vanuatu,VUT,1990,3101.6807,Oceania,90.0,8.51,12687083.0,364.4748178613396,0.2553,0.0
Vanuatu,VUT,1991,3120.6938,Oceania,90.0,8.51,12687083.0,366.7090246768508,0.2553,0.0
Vanuatu,VUT,1992,3122.8894,Oceania,90.0,8.51,12687083.0,366.96702702702703,0.2553,0.0
Vanuatu,VUT,1993,3069.806,Oceania,90.0,8.51,12687083.0,360.7292596944771,0.2553,0.0
Vanuatu,VUT,1994,3269.6284,Oceania,90.0,8.51,12687083.0,384.21015276145715,0.2553,0.0
Vanuatu,VUT,1995,3226.915,Oceania,90.0,8.51,12687083.0,379.1909518213866,0.2553,0.0
Vanuatu,VUT,1996,3229.1023,Oceania,90.0,8.51,12687083.0,379.44797884841364,0.2553,0.0
Vanuatu,VUT,1997,3315.4814,Oceania,90.0,8.51,12687083.0,389.59828437132785,0.2553,0.0
Vanuatu,VUT,1998,3285.1384,Oceania,90.0,8.51,12687083.0,386.032714453584,0.2553,0.0
Vanuatu,VUT,1999,3228.5918,Oceania,74.0,8.51,182056.0,379.387990599295,0.20991333333333334,-17.777777777777782
Vanuatu,VUT,2000,3342.1672,Oceania,90.0,8.51,12687083.0,392.7341010575793,0.2553,21.62162162162162
Vanuatu,VUT,2001,3148.3347,Oceania,90.0,8.51,12687083.0,369.9570740305523,0.2553,0.0
Vanuatu,VUT,2002,2911.0413,Oceania,90.0,8.51,12687083.0,342.0730082256169,0.2553,0.0
Vanuatu,VUT,2003,2962.031,Oceania,90.0,8.51,12687083.0,348.0647473560517,0.2553,0.0
Vanuatu,VUT,2004,3005.7974,Oceania,90.0,8.51,12687083.0,353.20768507638076,0.2553,0.0
Vanuatu,VUT,2005,3089.437,Oceania,90.0,8.51,12687083.0,363.03607520564043,0.2553,0.0
Vanuatu,VUT,2006,3270.7024,Oceania,90.0,8.51,12687083.0,384.336357226792,0.2553,0.0
Vanuatu,VUT,2007,3283.3655,Oceania,90.0,8.51,12687083.0,385.8243830787309,0.2553,0.0
Vanuatu,VUT,2008,3381.3857,Oceania,90.0,8.51,12687083.0,397.3426204465335,0.2553,0.0
Vanuatu,VUT,2009,3396.736,Oceania,90.0,8.51,12687083.0,399.1464159811986,0.2553,0.0
Vanuatu,VUT,2010,3359.8496,Oceania,90.0,8.51,12687083.0,394.81193889541714,0.2553,0.0
Vanuatu,VUT,2011,3390.961,Oceania,90.0,8.51,12687083.0,398.46780258519385,0.2553,0.0
Vanuatu,VUT,2012,3350.771,Oceania,90.0,8.51,12687083.0,393.7451233842539,0.2553,0.0
Vanuatu,VUT,2013,3292.2341,Oceania,90.0,8.51,12687083.0,386.86652173913046,0.2553,0.0
Vanuatu,VUT,2014,3302.2917,Oceania,90.0,8.51,12687083.0,388.0483783783784,0.2553,0.0
Vanuatu,VUT,2015,3357.639,Oceania,90.0,8.51,12687083.0,394.5521739130435,0.2553,0.0
Vanuatu,VUT,2016,3397.7673,Oceania,90.0,8.51,12687083.0,399.26760282021155,0.2553,0.0
Vanuatu,VUT,2017,3465.9197,Oceania,90.0,8.51,12687083.0,407.2761104582844,0.2553,0.0
Vanuatu,VUT,2018,3482.0227,Oceania,90.0,8.51,12687083.0,409.16835487661575,0.2553,0.0
Vanuatu,VUT,2019,3512.072,Oceania,90.0,8.51,12687083.0,412.69941245593424,0.2553,0.0
Vanuatu,VUT,2020,3259.9954,Oceania,90.0,8.51,12687083.0,383.0781903642773,0.2553,0.0
Vanuatu,VUT,2021,3135.8367,Oceania,90.0,8.51,12687083.0,368.48844888366625,0.2553,0.0
Vanuatu,VUT,2022,3222.836,Oceania,90.0,8.51,12687083.0,378.71163337250294,0.2553,0.0
Vanuatu,VUT,2023,3214.7024,Oceania,87.96032,8.51,320422.0,377.75586368977673,0.24951410773333332,-2.266311111111119
Vietnam,VNM,1990,2467.9646,Asia,90.0,8.51,12687083.0,290.0075910693302,0.2553,2.31886377857653
Vietnam,VNM,1991,2560.8438,Asia,90.0,8.51,12687083.0,300.9217156286722,0.2553,0.0
Vietnam,VNM,1992,2726.4736,Asia,90.0,8.51,12687083.0,320.3846768507638,0.2553,0.0
Vietnam,VNM,1993,2890.4243,Asia,90.0,8.51,12687083.0,339.65032902467686,0.2553,0.0
Vietnam,VNM,1994,3089.6094,Asia,90.0,8.51,12687083.0,363.0563337250294,0.2553,0.0
Vietnam,VNM,1995,3328.2148,Asia,90.0,8.51,12687083.0,391.094571092832,0.2553,0.0
Vietnam,VNM,1996,3584.029,Asia,90.0,8.51,12687083.0,421.1549941245594,0.2553,0.0
Vietnam,VNM,1997,3820.3025,Asia,90.0,8.51,12687083.0,448.9192126909518,0.2553,0.0
Vietnam,VNM,1998,3982.958,Asia,90.0,8.51,12687083.0,468.0326674500588,0.2553,0.0
Vietnam,VNM,1999,4119.0537,Asia,90.0,8.51,76287454.0,484.02511163337255,0.2553,0.0
Vietnam,VNM,2000,4349.2236,Asia,90.0,8.51,77154016.0,511.0721034077556,0.2553,0.0
Vietnam,VNM,2001,4570.2686,Asia,90.0,8.51,12687083.0,537.0468390129261,0.2553,0.0
Vietnam,VNM,2002,4809.6216,Asia,90.0,8.51,12687083.0,565.1729259694478,0.2553,0.0
Vietnam,VNM,2003,5090.29,Asia,90.0,8.51,12687083.0,598.1539365452409,0.2553,0.0
Vietnam,VNM,2004,5421.097,Asia,90.0,8.51,12687083.0,637.0266745005875,0.2553,0.0
Vietnam,VNM,2005,5776.3633,Asia,90.0,8.51,12687083.0,678.7735957696827,0.2553,0.0
Vietnam,VNM,2006,6098.245,Asia,90.0,8.51,12687083.0,716.5975323149236,0.2553,0.0
Vietnam,VNM,2007,6418.544,Asia,90.0,8.51,12687083.0,754.2354876615747,0.2553,0.0
Vietnam,VNM,2008,6659.1357,Asia,90.0,8.51,12687083.0,782.5071327849589,0.2553,0.0
Vietnam,VNM,2009,6914.339,Asia,94.0,8.51,86460023.0,812.4957696827262,0.26664666666666664,4.444444444444451
Vietnam,VNM,2010,7274.733,Asia,90.0,8.51,12687083.0,854.8452408930671,0.2553,-4.255319148936165
Vietnam,VNM,2011,7652.619,Asia,90.0,8.51,12687083.0,899.2501762632197,0.2553,0.0
Vietnam,VNM,2012,7979.868,Asia,90.0,8.51,12687083.0,937.7048178613396,0.2553,0.0
Vietnam,VNM,2013,8324.198,Asia,90.0,8.51,12687083.0,978.1666274970623,0.2553,0.0
Vietnam,VNM,2014,8751.883,Asia,90.0,8.51,12687083.0,1028.423384253819,0.2553,0.0
Vietnam,VNM,2015,9248.024,Asia,90.0,7.99,92823254.0,1157.4498122653315,0.23970000000000002,0.0
Vietnam,VNM,2016,9743.188,Asia,90.0,8.51,12687083.0,1144.9104582843713,0.2553,0.0
Vietnam,VNM,2017,10290.549,Asia,90.0,8.51,12687083.0,1209.2301997649824,0.2553,0.0
Vietnam,VNM,2018,10936.894,Asia,90.0,8.51,12687083.0,1285.1814336075206,0.2553,0.0
Vietnam,VNM,2019,11628.614,Asia,96.0,8.51,97173778.0,1366.4646298472385,0.27232,6.666666666666665
Vietnam,VNM,2020,11851.396,Asia,90.0,8.35,98079196.0,1419.3288622754492,0.2505,-6.25
Vietnam,VNM,2021,12048.902,Asia,90.0,8.51,12687083.0,1415.8521739130435,0.2553,0.0
Vietnam,VNM,2022,12979.764,Asia,96.0,8.51,99680656.0,1525.2366627497063,0.27232,6.666666666666665
Vietnam,VNM,2023,13545.935,Asia,90.0,8.51,12687083.0,1591.7667450058755,0.2553,-6.25
World,OWID_WRL,1990,11257.437,Africa,90.0,8.51,12687083.0,1322.848061104583,0.2553,0.0
World,OWID_WRL,1991,11166.51,Africa,90.0,8.51,12687083.0,1312.1633372502938,0.2553,0.0
World,OWID_WRL,1992,11132.38,Africa,90.0,8.51,12687083.0,1308.1527614571091,0.2553,0.0
World,OWID_WRL,1993,11125.656,Africa,90.0,8.51,12687083.0,1307.362632197415,0.2553,0.0
World,OWID_WRL,1994,11251.216,Africa,90.0,8.51,12687083.0,1322.1170387779084,0.2553,0.0
World,OWID_WRL,1995,11429.359,Africa,90.0,8.51,12687083.0,1343.0504112808462,0.2553,0.0
World,OWID_WRL,1996,11679.153,Africa,90.0,8.51,12687083.0,1372.4034077555818,0.2553,0.0
World,OWID_WRL,1997,11964.178,Africa,90.0,8.51,12687083.0,1405.8963572267921,0.2553,0.0
World,OWID_WRL,1998,12088.102,Africa,90.0,8.51,12687083.0,1420.4585193889543,0.2553,0.0
World,OWID_WRL,1999,12351.548,Africa,90.0,8.51,12687083.0,1451.4157461809637,0.2553,0.0
World,OWID_WRL,2000,12769.831,Africa,90.0,8.51,12687083.0,1500.5676850763807,0.2553,0.0
World,OWID_WRL,2001,12904.862,Africa,90.0,8.51,12687083.0,1516.435017626322,0.2553,0.0
World,OWID_WRL,2002,13093.065,Africa,90.0,8.51,12687083.0,1538.5505287896592,0.2553,0.0
World,OWID_WRL,2003,13402.992,Africa,90.0,8.51,12687083.0,1574.9696827262046,0.2553,0.0
World,OWID_WRL,2004,13914.812,Africa,90.0,8.51,12687083.0,1635.1130434782608,0.2553,0.0
World,OWID_WRL,2005,14370.885,Africa,90.0,8.51,12687083.0,1688.7056404230318,0.2553,0.0
World,OWID_WRL,2006,14927.549,Africa,90.0,8.51,12687083.0,1754.1185663924796,0.2553,0.0
World,OWID_WRL,2007,15510.866,Africa,90.0,8.51,12687083.0,1822.663454759107,0.2553,0.0
World,OWID_WRL,2008,15747.7295,Africa,90.0,8.51,12687083.0,1850.4970035252643,0.2553,0.0
World,OWID_WRL,2009,15452.501,Africa,90.0,8.51,12687083.0,1815.805052878966,0.2553,0.0
World,OWID_WRL,2010,16047.989,Africa,90.0,8.51,12687083.0,1885.7801410105758,0.2553,0.0
World,OWID_WRL,2011,16479.488,Africa,90.0,8.51,12687083.0,1936.4850763807287,0.2553,0.0
World,OWID_WRL,2012,16784.95,Africa,90.0,8.51,12687083.0,1972.37955346651,0.2553,0.0
World,OWID_WRL,2013,17122.045,Africa,90.0,8.51,12687083.0,2011.9911868390127,0.2553,0.0
World,OWID_WRL,2014,17500.176,Africa,90.0,8.51,12687083.0,2056.42491186839,0.2553,0.0
World,OWID_WRL,2015,17868.092,Africa,90.0,8.51,12687083.0,2099.658284371328,0.2553,0.0
World,OWID_WRL,2016,18232.727,Africa,90.0,8.51,12687083.0,2142.506110458284,0.2553,0.0
World,OWID_WRL,2017,18714.94,Africa,90.0,8.51,12687083.0,2199.1703877790833,0.2553,0.0
World,OWID_WRL,2018,19189.02,Africa,90.0,8.51,12687083.0,2254.8789659224444,0.2553,0.0
World,OWID_WRL,2019,19552.084,Africa,90.0,8.51,12687083.0,2297.5421856639246,0.2553,0.0
World,OWID_WRL,2020,18811.494,Africa,90.0,8.51,12687083.0,2210.516333725029,0.2553,0.0
World,OWID_WRL,2021,19866.768,Africa,90.0,8.51,12687083.0,2334.520329024677,0.2553,0.0
World,OWID_WRL,2022,20409.441,Africa,90.0,8.51,12687083.0,2398.289189189189,0.2553,0.0
World,OWID_WRL,2023,20918.305,Africa,90.0,8.51,12687083.0,2458.0851938895416,0.2553,0.0
Zambia,ZMB,1990,2425.1113,Africa,65.0,5.02,7786163.0,483.0899003984064,0.10876666666666665,-27.77777777777778
Zambia,ZMB,1991,2364.8623,Africa,90.0,8.51,12687083.0,277.89216216216215,0.2553,38.46153846153846
Zambia,ZMB,1992,2268.498,Africa,90.0,8.51,12687083.0,266.56850763807284,0.2553,0.0
Zambia,ZMB,1993,2365.6296,Africa,90.0,8.51,12687083.0,277.9823266745006,0.2553,0.0
Zambia,ZMB,1994,2110.5833,Africa,90.0,8.51,12687083.0,248.0121386603995,0.2553,0.0
Zambia,ZMB,1995,2119.9565,Africa,90.0,6.03,8785768.0,351.5682421227197,0.1809,0.0
Zambia,ZMB,1996,2197.1956,Africa,90.0,8.51,12687083.0,258.1898472385429,0.2553,0.0
Zambia,ZMB,1997,2223.4575,Africa,90.0,8.51,12687083.0,261.2758519388954,0.2553,0.0
Zambia,ZMB,1998,2157.5735,Africa,90.0,8.51,12687083.0,253.53390129259694,0.2553,0.0
Zambia,ZMB,1999,2198.1892,Africa,68.0,8.51,9740013.0,258.3066039952996,0.19289333333333336,-24.444444444444446
Zambia,ZMB,2000,2220.5654,Africa,90.0,6.35,10017633.0,349.69533858267715,0.19049999999999997,32.35294117647059
Zambia,ZMB,2001,2268.9697,Africa,90.0,8.51,12687083.0,266.6239365452409,0.2553,0.0
Zambia,ZMB,2002,2299.333,Africa,69.0,8.51,10647955.0,270.1918918918919,0.19573,-23.33333333333333
Zambia,ZMB,2003,2383.8762,Africa,90.0,8.51,12687083.0,280.1264629847239,0.2553,30.434782608695656
Zambia,ZMB,2004,2471.7207,Africa,90.0,8.51,12687083.0,290.4489659224442,0.2553,0.0
Zambia,ZMB,2005,2564.4756,Africa,90.0,6.59,11718819.0,389.1465250379363,0.1977,0.0
Zambia,ZMB,2006,2673.4614,Africa,90.0,8.51,12687083.0,314.15527614571096,0.2553,0.0
Zambia,ZMB,2007,2796.353,Africa,90.0,8.51,12687083.0,328.5961222091657,0.2553,0.0
Zambia,ZMB,2008,2908.1436,Africa,90.0,8.51,12687083.0,341.7325029377203,0.2553,0.0
Zambia,ZMB,2009,3065.8442,Africa,90.0,8.51,12687083.0,360.2637132784959,0.2553,0.0
Zambia,ZMB,2010,3266.5076,Africa,83.0,7.4,13965592.0,441.4199459459459,0.20473333333333332,-7.777777777777772
Zambia,ZMB,2011,3335.6433,Africa,90.0,8.51,12687083.0,391.9674853113984,0.2553,8.43373493975903
Zambia,ZMB,2012,3474.5525,Africa,90.0,8.51,12687083.0,408.2905405405405,0.2553,0.0
Zambia,ZMB,2013,3535.2246,Africa,90.0,8.51,12687083.0,415.42004700352527,0.2553,0.0
Zambia,ZMB,2014,3585.5774,Africa,90.0,8.51,12687083.0,421.3369447708578,0.2553,0.0
Zambia,ZMB,2015,3576.9255,Africa,90.0,7.9,16399092.0,452.7753797468354,0.23700000000000004,0.0
Zambia,ZMB,2016,3598.1716,Africa,90.0,8.51,12687083.0,422.81687426556994,0.2553,0.0
Zambia,ZMB,2017,3612.5059,Africa,90.0,8.51,12687083.0,424.5012808460635,0.2553,0.0
Zambia,ZMB,2018,3646.9597,Africa,71.1323,8.51,17973574.0,428.54990599294945,0.20177862433333335,-20.964111111111105
Zambia,ZMB,2019,3591.5642,Africa,90.0,8.51,12687083.0,422.04044653349,0.2553,26.52479956363003
Zambia,ZMB,2020,3391.5955,Africa,90.0,8.37,19059394.0,405.20854241338117,0.2511,0.0
Zambia,ZMB,2021,3503.035,Africa,90.0,8.51,12687083.0,411.63748531139834,0.2553,0.0
Zambia,ZMB,2022,3585.1238,Africa,90.0,8.51,12687083.0,421.283642773208,0.2553,0.0
Zambia,ZMB,2023,3673.4841,Africa,90.0,8.51,12687083.0,431.6667567567568,0.2553,0.0
Zimbabwe,ZWE,1990,6082.8423,Africa,90.0,5.97,10137287.0,1018.9015577889448,0.17909999999999998,0.0
Zimbabwe,ZWE,1991,6254.275,Africa,90.0,8.51,12687083.0,734.9324324324324,0.2553,0.0
Zimbabwe,ZWE,1992,5532.0376,Africa,84.0,8.51,10702697.0,650.0631727379554,0.23828,-6.666666666666665
Zimbabwe,ZWE,1993,5509.083,Africa,90.0,8.51,12687083.0,647.3658049353701,0.2553,7.14285714285714
Zimbabwe,ZWE,1994,6010.742,Africa,90.0,8.51,12687083.0,706.3151586368978,0.2553,0.0
Zimbabwe,ZWE,1995,5964.5894,Africa,90.0,6.85,10974607.0,870.7429781021898,0.20550000000000002,0.0
Zimbabwe,ZWE,1996,6474.16,Africa,90.0,8.51,12687083.0,760.7708578143361,0.2553,0.0
Zimbabwe,ZWE,1997,6524.0625,Africa,90.0,8.51,12687083.0,766.6348413631023,0.2553,0.0
Zimbabwe,ZWE,1998,6582.3486,Africa,90.0,8.51,12687083.0,773.4839717978849,0.2553,0.0
Zimbabwe,ZWE,1999,6423.709,Africa,90.0,8.51,12687083.0,754.8424206815511,0.2553,0.0
Zimbabwe,ZWE,2000,6170.334,Africa,90.0,7.26,11892055.0,849.9082644628099,0.2178,0.0
Zimbabwe,ZWE,2001,6217.4116,Africa,90.0,8.51,12687083.0,730.6006580493538,0.2553,0.0
Zimbabwe,ZWE,2002,5610.1914,Africa,90.0,8.51,12687083.0,659.2469330199765,0.2553,0.0
Zimbabwe,ZWE,2003,4601.6606,Africa,90.0,8.51,12687083.0,540.7356756756757,0.2553,0.0
Zimbabwe,ZWE,2004,4287.598,Africa,90.0,8.51,12687083.0,503.83055229142184,0.2553,0.0
Zimbabwe,ZWE,2005,4004.6646,Africa,90.0,7.65,12483433.0,523.485568627451,0.2295,0.0
Zimbabwe,ZWE,2006,3819.2334,Africa,90.0,8.51,12687083.0,448.7935840188014,0.2553,0.0
Zimbabwe,ZWE,2007,3631.5376,Africa,90.0,8.51,12687083.0,426.73767332549943,0.2553,0.0
Zimbabwe,ZWE,2008,2954.0994,Africa,90.0,8.51,12687083.0,347.132714453584,0.2553,0.0
Zimbabwe,ZWE,2009,3299.4138,Africa,90.0,8.51,12687083.0,387.71019976498235,0.2553,0.0
Zimbabwe,ZWE,2010,3885.3938,Africa,90.0,7.86,13356551.0,494.32491094147576,0.2358,0.0
Zimbabwe,ZWE,2011,4358.926,Africa,90.0,8.51,12687083.0,512.2122209165688,0.2553,0.0
Zimbabwe,ZWE,2012,5003.4873,Africa,90.0,8.51,12687083.0,587.9538542890716,0.2553,0.0
Zimbabwe,ZWE,2013,5031.6875,Africa,90.0,8.51,12687083.0,591.2676263219741,0.2553,0.0
Zimbabwe,ZWE,2014,5081.1123,Africa,90.0,8.51,12687083.0,597.0754759106933,0.2553,0.0
Zimbabwe,ZWE,2015,5102.7144,Africa,90.0,8.03,14399008.0,635.4563387297634,0.2409,0.0
Zimbabwe,ZWE,2016,5070.4023,Africa,90.0,8.51,12687083.0,595.8169565217391,0.2553,0.0
Zimbabwe,ZWE,2017,5234.384,Africa,90.0,8.51,12687083.0,615.0862514688602,0.2553,0.0
Zimbabwe,ZWE,2018,5415.4697,Africa,90.0,8.51,12687083.0,636.3654171562866,0.2553,0.0
Zimbabwe,ZWE,2019,4993.8438,Africa,93.22755,8.51,15271377.0,586.8206580493537,0.2644554835,3.586166666666668
Zimbabwe,ZWE,2020,4527.7197,Africa,90.0,8.32,15526887.0,544.197079326923,0.2496,-3.4620131066406823
Zimbabwe,ZWE,2021,4827.089,Africa,90.0,8.51,12687083.0,567.225499412456,0.2553,0.0
Zimbabwe,ZWE,2022,5036.761,Africa,90.0,8.51,12687083.0,591.8638072855465,0.2553,0.0
Zimbabwe,ZWE,2023,5218.0225,Africa,90.0,8.51,12687083.0,613.1636310223267,0.2553,0.0
