Country,Code,Year,Adult,Male,Female,Region,Population,Literacy_gap,Avg_Youth_Literacy
Afghanistan,AFG,2011,31.0,62.0,32.0,Asia,29347708.0,30.0,47.0
Afghanistan,AFG,2015,33.75384,57.73505,25.48416,Asia,33831767.0,32.25089,41.609605
Afghanistan,AFG,2021,37.0,71.0,42.0,Asia,40000410.0,29.0,56.5
Albania,ALB,2001,99.0,99.0,99.0,Europe,3147943.0,0.0,99.0
Albania,ALB,2008,96.0,99.0,99.0,Europe,2992933.0,0.0,99.0
Albania,ALB,2011,97.0,99.0,99.0,Europe,2911499.0,0.0,99.0
Albania,ALB,2012,97.0,99.0,99.0,Europe,2910003.0,0.0,99.0
Albania,ALB,2017,98.81623,98.58999,99.52556,Europe,2898245.0,-0.9355699999999985,99.05777499999999
Algeria,DZA,2002,70.0,94.0,86.0,Africa,31750832.0,8.0,90.0
Algeria,DZA,2006,73.0,94.0,89.0,Africa,33623505.0,5.0,91.5
Algeria,DZA,2008,75.0,96.0,92.0,Africa,34816963.0,4.0,94.0
Angola,AGO,2001,67.0,84.0,63.0,Africa,16747204.0,21.0,73.5
Angola,AGO,2014,66.0,85.0,71.0,Africa,27160767.0,14.0,78.0
Angola,AGO,2015,66.23586,83.96919,67.4276,Africa,28157802.0,16.54159,75.698395
Antigua And Barbuda,ATG,2001,99.0,94.0,92.0,Asia,76082.0,2.0,93.0
Argentina,ARG,1991,96.0,98.0,99.0,South America,33230293.0,-1.0,98.5
Argentina,ARG,2001,97.0,99.0,99.0,South America,37624817.0,0.0,99.0
Armenia,ARM,2001,99.0,100.0,100.0,Asia,3084350.0,0.0,100.0
Armenia,ARM,2011,100.0,100.0,100.0,Asia,2923269.0,0.0,100.0
Armenia,ARM,2016,100.0,100.0,100.0,Asia,2918796.0,0.0,100.0
Armenia,ARM,2017,100.0,100.0,100.0,Asia,2914966.0,0.0,100.0
Armenia,ARM,2020,100.0,100.0,100.0,Asia,2890893.0,0.0,100.0
Armenia,ARM,2022,99.825,99.64871,99.91656,Asia,2880880.0,-0.2678500000000099,99.782635
Aruba,ABW,2000,97.0,99.0,99.0,North America,88772.0,0.0,99.0
Aruba,ABW,2010,97.0,99.0,99.0,North America,100127.0,0.0,99.0
Azerbaijan,AZE,1999,99.0,100.0,100.0,Asia,8100472.0,0.0,100.0
Azerbaijan,AZE,2007,100.0,100.0,100.0,Asia,8828313.0,0.0,100.0
Azerbaijan,AZE,2009,100.0,100.0,100.0,Asia,9046336.0,0.0,100.0
Azerbaijan,AZE,2010,100.0,100.0,100.0,Asia,9146852.0,0.0,100.0
Azerbaijan,AZE,2011,100.0,100.0,100.0,Asia,9256156.0,0.0,100.0
Azerbaijan,AZE,2012,100.0,100.0,100.0,Asia,9376179.0,0.0,100.0
Azerbaijan,AZE,2013,100.0,100.0,100.0,Asia,9504417.0,0.0,100.0
Azerbaijan,AZE,2014,100.0,100.0,100.0,Asia,9631136.0,0.0,100.0
Azerbaijan,AZE,2015,100.0,100.0,100.0,Asia,9752859.0,0.0,100.0
Azerbaijan,AZE,2016,100.0,100.0,100.0,Asia,9868434.0,0.0,100.0
Azerbaijan,AZE,2017,100.0,100.0,100.0,Asia,9968510.0,0.0,100.0
Azerbaijan,AZE,2019,100.0,100.0,100.0,Asia,10110483.0,0.0,100.0
Azerbaijan,AZE,2023,100.0,100.0,100.0,Asia,10318209.0,0.0,100.0
Bahrain,BHR,1991,84.0,97.0,97.0,Asia,531883.0,0.0,97.0
Bahrain,BHR,2001,87.0,97.0,97.0,Asia,699964.0,0.0,97.0
Bahrain,BHR,2022,98.0,99.0,99.0,Asia,1533460.0,0.0,99.0
Bahrain,BHR,2023,98.0,99.0,99.0,Asia,1569674.0,0.0,99.0
Bangladesh,BGD,1991,35.0,52.0,38.0,Asia,113787112.0,14.0,45.0
Bangladesh,BGD,2001,47.0,67.0,60.0,Asia,136805810.0,7.0,63.5
Bangladesh,BGD,2011,59.0,76.0,80.0,Asia,153591074.0,-4.0,78.0
Bangladesh,BGD,2012,58.0,76.0,79.0,Asia,155070110.0,-3.0,77.5
Bangladesh,BGD,2013,61.0,84.0,87.0,Asia,156532134.0,-3.0,85.5
Bangladesh,BGD,2014,61.0,85.0,86.0,Asia,157964931.0,-1.0,85.5
Bangladesh,BGD,2015,65.0,86.0,90.0,Asia,159383179.0,-4.0,88.0
Bangladesh,BGD,2016,73.0,91.0,94.0,Asia,160811934.0,-3.0,92.5
Bangladesh,BGD,2017,73.0,92.0,94.0,Asia,162186146.0,-2.0,93.0
Bangladesh,BGD,2018,74.0,92.0,95.0,Asia,163523109.0,-3.0,93.5
Bangladesh,BGD,2019,75.0,94.0,96.0,Asia,164913060.0,-2.0,95.0
Bangladesh,BGD,2020,75.0,93.0,96.0,Asia,166298024.0,-3.0,94.5
Bangladesh,BGD,2021,76.0,94.0,96.0,Asia,167658855.0,-2.0,95.0
Bangladesh,BGD,2022,79.0,92.0,94.0,Asia,169384891.0,-2.0,93.0
Belarus,BLR,1999,100.0,100.0,100.0,Europe,10039221.0,0.0,100.0
Belarus,BLR,2009,100.0,100.0,100.0,Europe,9507334.0,0.0,100.0
Belarus,BLR,2019,100.0,100.0,100.0,Europe,9435415.0,0.0,100.0
Belize,BLZ,1991,70.0,77.0,78.0,North America,187056.0,-1.0,77.5
Belize,BLZ,2015,90.91604,97.82818,98.07905,North America,356341.0,-0.25086999999999193,97.953615
Benin,BEN,1992,27.0,55.0,27.0,Africa,5617847.0,28.0,41.0
Benin,BEN,2002,35.0,59.0,33.0,Africa,7675430.0,26.0,46.0
Benin,BEN,2017,38.87121,66.79979,50.98536,Africa,12039777.0,15.814430000000002,58.892575
Benin,BEN,2019,48.99828,76.35444,62.76271,Africa,12726760.0,13.591729999999998,69.55857499999999
Benin,BEN,2021,43.83417,70.96799,59.18644,Africa,13413423.0,11.781550000000003,65.077215
Benin,BEN,2022,51.37877,74.60011,67.93813,Africa,13759507.0,6.66198,71.26912
Bhutan,BTN,2005,53.0,80.0,68.0,Asia,661875.0,12.0,74.0
Bhutan,BTN,2012,55.0,90.0,82.0,Asia,717288.0,8.0,86.0
Bhutan,BTN,2017,67.0,93.0,93.0,Asia,754343.0,0.0,93.0
Bolivia,BOL,1992,80.0,96.0,92.0,South America,7430337.0,4.0,94.0
Bolivia,BOL,2001,87.0,98.2,96.5,South America,8752740.0,1.7000000000000028,97.35
Bolivia,BOL,2007,91.0,99.8,99.1,South America,9685960.0,0.7000000000000028,99.44999999999999
Bolivia,BOL,2008,91.0,99.4,99.0,South America,9850859.0,0.4000000000000057,99.2
Bolivia,BOL,2009,91.0,99.7,99.1,South America,10016279.0,0.6000000000000085,99.4
Bolivia,BOL,2011,92.0,99.3,98.8,South America,10348931.0,0.5,99.05
Bolivia,BOL,2012,94.0,99.5,99.2,South America,10515814.0,0.29999999999999716,99.35
Bolivia,BOL,2015,92.0,99.4,99.4,South America,11014707.0,0.0,99.4
Bolivia,BOL,2020,94.0,99.6,99.5,South America,11816301.0,0.09999999999999432,99.55
Bosnia And Herzegovina,BIH,1991,89.0,99.0,99.0,Europe,4458350.0,0.0,99.0
Bosnia And Herzegovina,BIH,2000,97.0,100.0,100.0,Europe,4159785.0,0.0,100.0
Bosnia And Herzegovina,BIH,2013,97.0,100.0,100.0,Europe,3610857.0,0.0,100.0
Botswana,BWA,1991,69.0,86.0,92.0,Africa,1341767.0,-6.0,89.0
Botswana,BWA,2003,81.0,92.0,96.0,Africa,1775744.0,-4.0,94.0
Brazil,BRA,2000,86.0,93.0,96.0,South America,174018278.0,-3.0,94.5
Brazil,BRA,2004,89.0,95.7,97.9,South America,182675144.0,-2.200000000000003,96.80000000000001
Brazil,BRA,2006,90.0,96.8,98.3,South America,186653099.0,-1.5,97.55
Brazil,BRA,2007,90.0,97.0,98.6,South America,188552311.0,-1.5999999999999943,97.8
Brazil,BRA,2008,90.0,97.2,98.5,South America,190367297.0,-1.2999999999999972,97.85
Brazil,BRA,2009,90.0,97.4,98.7,South America,192079958.0,-1.2999999999999972,98.05000000000001
Brazil,BRA,2010,90.0,97.0,98.0,South America,193701931.0,-1.0,97.5
Brazil,BRA,2011,91.0,97.9,99.1,South America,195284736.0,-1.1999999999999886,98.5
Brazil,BRA,2012,91.0,98.2,99.0,South America,196876113.0,-0.7999999999999972,98.6
Brazil,BRA,2013,91.0,98.3,99.2,South America,198478290.0,-0.9000000000000057,98.75
Brazil,BRA,2014,92.0,98.4,99.3,South America,200085126.0,-0.8999999999999915,98.85
Brazil,BRA,2015,92.0,98.6,99.3,South America,201675534.0,-0.7000000000000028,98.94999999999999
Brazil,BRA,2016,93.0,98.7,99.5,South America,203218108.0,-0.7999999999999972,99.1
Brazil,BRA,2017,93.0,98.8,99.5,South America,204703440.0,-0.7000000000000028,99.15
Brazil,BRA,2018,93.0,98.7,99.4,South America,206107265.0,-0.7000000000000028,99.05000000000001
Brunei,BRN,1991,88.0,98.0,98.0,Asia,262604.0,0.0,98.0
Brunei,BRN,2001,93.0,99.0,99.0,Asia,333353.0,0.0,99.0
Brunei,BRN,2011,96.0,99.0,100.0,Asia,399395.0,-1.0,99.5
Bulgaria,BGR,2001,98.0,98.0,98.0,Europe,7928455.0,0.0,98.0
Bulgaria,BGR,2011,98.0,98.0,98.0,Europe,7380023.0,0.0,98.0
Burkina Faso,BFA,1991,14.0,27.0,14.0,Africa,9394631.0,13.0,20.5
Burkina Faso,BFA,1996,13.0,25.0,14.0,Africa,10655943.0,11.0,19.5
Burkina Faso,BFA,2003,22.0,38.0,25.0,Africa,13082530.0,13.0,31.5
Burkina Faso,BFA,2005,24.0,40.0,26.0,Africa,13932127.0,14.0,33.0
Burkina Faso,BFA,2006,22.0,40.0,27.0,Africa,14373713.0,13.0,33.5
Burkina Faso,BFA,2007,28.0,47.0,33.0,Africa,14816313.0,14.0,40.0
Burkina Faso,BFA,2014,35.0,57.0,44.0,Africa,18229466.0,13.0,50.5
Burkina Faso,BFA,2018,39.0,64.0,54.0,Africa,20438289.0,10.0,59.0
Burkina Faso,BFA,2019,30.0,51.0,44.0,Africa,20961956.0,7.0,47.5
Burkina Faso,BFA,2021,36.96738,66.64593,58.758,Africa,21995249.0,7.887930000000004,62.701965
Burkina Faso,BFA,2022,40.92361,65.47311,60.56925,Africa,22509038.0,4.903860000000009,63.02118
Burundi,BDI,1990,37.0,59.0,48.0,Africa,5587051.0,11.0,53.5
Burundi,BDI,2000,59.0,77.0,70.0,Africa,6470196.0,7.0,73.5
Burundi,BDI,2008,48.0,67.0,57.0,Africa,8505643.0,10.0,62.0
Burundi,BDI,2014,62.0,85.0,75.0,Africa,10799789.0,10.0,80.0
Burundi,BDI,2016,65.68774,86.7551,82.08605,Africa,11239459.0,4.669049999999999,84.420575
Burundi,BDI,2017,68.0,91.0,86.0,Africa,11506764.0,5.0,88.5
Cambodia,KHM,1998,67.0,82.0,71.0,Asia,12058180.0,11.0,76.5
Cambodia,KHM,2004,74.0,88.0,79.0,Asia,13244737.0,9.0,83.5
Cambodia,KHM,2008,77.0,89.0,86.0,Asia,14053479.0,3.0,87.5
Cambodia,KHM,2009,76.0,88.0,86.0,Asia,14276819.0,2.0,87.0
Cambodia,KHM,2014,78.0,90.0,90.0,Asia,15396771.0,0.0,90.0
Cambodia,KHM,2015,81.0,92.0,93.0,Asia,15623253.0,-1.0,92.5
Cambodia,KHM,2021,71.92725,90.30829,93.50569,Asia,16974309.0,-3.197400000000002,91.90699000000001
Cameroon,CMR,2000,68.0,88.0,78.0,Africa,14912632.0,10.0,83.0
Cameroon,CMR,2007,71.0,89.0,77.0,Africa,18049897.0,12.0,83.0
Cameroon,CMR,2010,71.0,85.0,76.0,Africa,19668063.0,9.0,80.5
Cameroon,CMR,2018,72.54713,87.59698,76.3945,Africa,24806377.0,11.202480000000008,81.99574
Cape Verde,CPV,1990,63.0,90.0,86.0,Africa,375437.0,4.0,88.0
Cape Verde,CPV,2012,85.0,98.0,98.0,Africa,511966.0,0.0,98.0
Cape Verde,CPV,2015,87.0,98.0,99.0,Africa,512405.0,-1.0,98.5
Cayman Islands,CYM,2007,99.0,99.0,99.0,North America,49709.0,0.0,99.0
Central African Republic,CAF,2000,51.0,73.0,49.0,Africa,3833421.0,24.0,61.0
Central African Republic,CAF,2019,42.44279,64.90382,36.67682,Africa,4944708.0,28.226999999999997,50.790319999999994
Central And Southern Asia (Sdg),WB_LAC,1990,48.32116,70.41392,49.24991,Asia,12687083.0,21.164010000000005,59.831915
Central And Southern Asia (Sdg),WB_LAC,1991,49.05992,71.12513,50.83163,Asia,12687083.0,20.2935,60.97838
Central And Southern Asia (Sdg),WB_LAC,1992,50.02463,72.52291,52.2682,Asia,12687083.0,20.254709999999996,62.395555
Central And Southern Asia (Sdg),WB_LAC,1993,50.96456,73.86445,53.6906,Asia,12687083.0,20.17385,63.777525000000004
Central And Southern Asia (Sdg),WB_LAC,1994,51.65748,74.50486,55.22097,Asia,12687083.0,19.283889999999992,64.862915
Central And Southern Asia (Sdg),WB_LAC,1995,52.48868,75.20815,56.90365,Asia,12687083.0,18.304500000000004,66.05590000000001
Central And Southern Asia (Sdg),WB_LAC,1996,53.27746,75.8941,58.44146,Asia,12687083.0,17.452639999999995,67.16778
Central And Southern Asia (Sdg),WB_LAC,1997,54.06332,76.53233,59.79875,Asia,12687083.0,16.733580000000003,68.16554
Central And Southern Asia (Sdg),WB_LAC,1998,58.53805,80.47533,62.4221,Asia,12687083.0,18.05323,71.44871499999999
Central And Southern Asia (Sdg),WB_LAC,1999,59.31843,81.09931,64.21235,Asia,12687083.0,16.886960000000002,72.65583000000001
Central And Southern Asia (Sdg),WB_LAC,2000,60.08303,81.62344,65.90239,Asia,12687083.0,15.721050000000005,73.76291499999999
Central And Southern Asia (Sdg),WB_LAC,2001,60.84338,82.06134,67.50308,Asia,12687083.0,14.558260000000004,74.78220999999999
Central And Southern Asia (Sdg),WB_LAC,2002,61.62705,82.56851,69.10661,Asia,12687083.0,13.4619,75.83756
Central And Southern Asia (Sdg),WB_LAC,2003,62.51307,83.6186,70.32368,Asia,12687083.0,13.294920000000005,76.97113999999999
Central And Southern Asia (Sdg),WB_LAC,2004,63.28101,84.02438,71.84613,Asia,12687083.0,12.178249999999991,77.935255
Central And Southern Asia (Sdg),WB_LAC,2005,63.14516,85.62037,72.0607,Asia,12687083.0,13.559669999999997,78.84053499999999
Central And Southern Asia (Sdg),WB_LAC,2006,63.28799,84.61482,73.06606,Asia,12687083.0,11.548760000000001,78.84044
Central And Southern Asia (Sdg),WB_LAC,2007,64.09655,84.8928,74.62511,Asia,12687083.0,10.267689999999988,79.758955
Central And Southern Asia (Sdg),WB_LAC,2008,65.15713,85.80285,76.26355,Asia,12687083.0,9.539300000000011,81.0332
Central And Southern Asia (Sdg),WB_LAC,2009,65.98215,86.28822,77.79943,Asia,12687083.0,8.488789999999995,82.043825
Central And Southern Asia (Sdg),WB_LAC,2010,68.35281,87.72251,79.15094,Asia,12687083.0,8.571569999999994,83.436725
Central And Southern Asia (Sdg),WB_LAC,2011,68.73041,87.85644,80.23454,Asia,12687083.0,7.621900000000011,84.04549
Central And Southern Asia (Sdg),WB_LAC,2012,68.78113,88.13688,81.02616,Asia,12687083.0,7.110720000000001,84.58152000000001
Central And Southern Asia (Sdg),WB_LAC,2013,69.72007,89.19475,82.70196,Asia,12687083.0,6.492789999999999,85.94835499999999
Central And Southern Asia (Sdg),WB_LAC,2014,70.40182,89.51995,83.84325,Asia,12687083.0,5.676699999999997,86.6816
Central And Southern Asia (Sdg),WB_LAC,2015,71.63145,90.11613,85.22724,Asia,12687083.0,4.8888900000000035,87.671685
Central And Southern Asia (Sdg),WB_LAC,2016,72.85133,90.8607,86.58227,Asia,12687083.0,4.27843,88.721485
Central And Southern Asia (Sdg),WB_LAC,2017,73.37587,91.27249,87.15818,Asia,12687083.0,4.114310000000003,89.21533500000001
Central And Southern Asia (Sdg),WB_LAC,2018,73.86521,91.21208,86.94566,Asia,12687083.0,4.2664199999999965,89.07887
Central And Southern Asia (Sdg),WB_LAC,2019,73.66493,93.88992,89.33263,Asia,12687083.0,4.557290000000009,91.611275
Central And Southern Asia (Sdg),WB_LAC,2020,74.33241,94.12073,89.98798,Asia,12687083.0,4.1327500000000015,92.05435499999999
Central And Southern Asia (Sdg),WB_LAC,2021,75.07198,94.41743,90.64738,Asia,12687083.0,3.7700499999999977,92.532405
Central And Southern Asia (Sdg),WB_LAC,2022,75.81275,94.68063,91.34677,Asia,12687083.0,3.333859999999987,93.0137
Central And Southern Asia (Sdg),WB_LAC,2023,76.51431,94.92773,91.97111,Asia,12687083.0,2.956620000000001,93.44942
Chad,TCD,1993,11.0,26.0,9.0,Africa,6629147.0,17.0,17.5
Chad,TCD,2000,26.0,56.0,23.0,Africa,8512092.0,33.0,39.5
Chad,TCD,2004,28.0,54.0,31.0,Africa,9920036.0,23.0,42.5
Chad,TCD,2016,22.0,41.0,22.0,Africa,15114652.0,19.0,31.5
Chad,TCD,2019,30.62792,56.26247,33.32039,Africa,16685223.0,22.942079999999997,44.791430000000005
Chile,CHL,1992,94.0,98.0,99.0,South America,13884579.0,-1.0,98.5
Chile,CHL,2002,96.0,99.0,99.0,South America,15857926.0,0.0,99.0
Chile,CHL,2011,97.0,99.2,99.6,South America,17351810.0,-0.3999999999999915,99.4
Chile,CHL,2013,96.0,99.0,99.1,South America,17687006.0,-0.09999999999999432,99.05
Chile,CHL,2015,97.0,99.3,99.4,South America,18047630.0,-0.10000000000000853,99.35
Chile,CHL,2017,96.0,99.0,99.0,South America,18558868.0,0.0,99.0
China,CHN,1990,78.0,97.0,91.0,Asia,1153582725.0,6.0,94.0
China,CHN,2000,91.0,99.0,99.0,Asia,1269581174.0,0.0,99.0
China,CHN,2010,95.0,100.0,100.0,Asia,1351561505.0,0.0,100.0
China,CHN,2020,97.0,100.0,100.0,Asia,1426106093.0,0.0,100.0
Colombia,COL,1993,91.0,95.0,96.0,South America,34441479.0,-1.0,95.5
Colombia,COL,1996,91.0,96.0,98.0,South America,36462740.0,-2.0,97.0
Colombia,COL,2004,93.0,97.5,98.4,South America,41543177.0,-0.9000000000000057,97.95
Colombia,COL,2005,93.0,97.6,98.4,South America,42128978.0,-0.8000000000000114,98.0
Colombia,COL,2006,92.0,98.0,98.0,South America,42691081.0,0.0,98.0
Colombia,COL,2007,93.0,97.0,98.0,South America,43235374.0,-1.0,97.5
Colombia,COL,2008,93.0,97.5,98.4,South America,43758805.0,-0.9000000000000057,97.95
Colombia,COL,2009,93.0,97.4,98.4,South America,44271543.0,-1.0,97.9
Colombia,COL,2010,93.0,97.8,98.6,South America,44777325.0,-0.7999999999999972,98.19999999999999
Colombia,COL,2011,94.0,97.8,98.8,South America,45259614.0,-1.0,98.3
Colombia,COL,2014,94.0,98.1,98.9,South America,46565426.0,-0.8000000000000114,98.5
Colombia,COL,2015,94.0,98.2,98.9,South America,46969938.0,-0.7000000000000028,98.55000000000001
Colombia,COL,2016,95.0,98.3,99.0,South America,47437513.0,-0.7000000000000028,98.65
Colombia,COL,2018,95.0,98.7,99.1,South America,49024463.0,-0.3999999999999915,98.9
Colombia,COL,2019,95.0,98.5,99.2,South America,49907987.0,-0.7000000000000028,98.85
Colombia,COL,2020,96.0,98.7,99.3,South America,50629997.0,-0.5999999999999943,99.0
Comoros,COM,2000,68.0,84.0,78.0,Africa,536084.0,6.0,81.0
Congo,COG,2005,76.0,88.0,71.0,Africa,3696399.0,17.0,79.5
Costa Rica,CRI,2000,95.0,97.0,98.0,North America,3937737.0,-1.0,97.5
Costa Rica,CRI,2011,97.0,99.0,99.0,North America,4609834.0,0.0,99.0
Cote D'Ivoire,CIV,1998,36.0,54.0,40.0,Africa,16663948.0,14.0,47.0
Cote D'Ivoire,CIV,2000,49.0,71.0,52.0,Africa,17699007.0,19.0,61.5
Cote D'Ivoire,CIV,2014,44.0,59.0,47.0,Africa,24527393.0,12.0,53.0
Cote D'Ivoire,CIV,2016,50.03968,71.98823,54.73764,Africa,25989404.0,17.250590000000003,63.362935
Cote D'Ivoire,CIV,2019,90.0,93.0,76.0,Africa,12687083.0,17.0,84.5
Cote D'Ivoire,CIV,2021,50.00064,76.16145,58.31827,Africa,29639737.0,17.843180000000004,67.23986
Croatia,HRV,1991,97.0,100.0,100.0,Europe,4825159.0,0.0,100.0
Croatia,HRV,2001,98.0,100.0,100.0,Europe,4301079.0,0.0,100.0
Cuba,CUB,2002,100.0,100.0,100.0,North America,12687083.0,0.0,100.0
Cuba,CUB,2012,100.0,100.0,100.0,North America,12687083.0,0.0,100.0
Cuba,CUB,2019,97.65491,99.53119,99.70794,North America,12687083.0,-0.1767499999999984,99.619565
Cyprus,CYP,1992,94.0,100.0,100.0,Europe,810344.0,0.0,100.0
Cyprus,CYP,2001,97.0,100.0,100.0,Europe,964129.0,0.0,100.0
Cyprus,CYP,2011,99.0,100.0,100.0,Europe,1146493.0,0.0,100.0
Democratic Republic Of Congo,COD,2001,67.0,78.0,63.0,Africa,52132646.0,15.0,70.5
Democratic Republic Of Congo,COD,2012,75.0,91.0,77.0,Africa,73254623.0,14.0,84.0
Democratic Republic Of Congo,COD,2016,77.0,91.0,80.0,Africa,83956416.0,11.0,85.5
Democratic Republic Of Congo,COD,2018,73.55303,90.81754,77.53746,Africa,90047647.0,13.280079999999998,84.1775
Dominican Republic,DOM,2002,87.0,93.8,96.5,North America,8852231.0,-2.700000000000003,95.15
Dominican Republic,DOM,2007,88.0,97.2,97.8,North America,9455663.0,-0.5999999999999943,97.5
Dominican Republic,DOM,2010,90.0,96.2,97.9,North America,9820180.0,-1.7000000000000028,97.05000000000001
Dominican Republic,DOM,2011,90.0,96.5,98.6,North America,9945623.0,-2.0999999999999943,97.55
Dominican Republic,DOM,2012,90.0,96.7,98.0,North America,10070409.0,-1.2999999999999972,97.35
Dominican Republic,DOM,2013,91.0,97.6,98.3,North America,10193838.0,-0.7000000000000028,97.94999999999999
Dominican Republic,DOM,2014,92.0,98.0,98.2,North America,10315523.0,-0.20000000000000284,98.1
Dominican Republic,DOM,2015,92.0,98.1,98.1,North America,10434826.0,0.0,98.1
Dominican Republic,DOM,2016,94.0,98.1,98.8,North America,10551430.0,-0.7000000000000028,98.44999999999999
East Asia And Pacific (Wb),WB_EAP,1990,81.17076,96.40288,92.07513,Asia,12687083.0,4.327749999999995,94.23900499999999
East Asia And Pacific (Wb),WB_EAP,1991,81.71117,96.42215,92.39921,Asia,12687083.0,4.0229400000000055,94.41068
East Asia And Pacific (Wb),WB_EAP,1992,82.22357,96.44241,92.70293,Asia,12687083.0,3.7394800000000004,94.57266999999999
East Asia And Pacific (Wb),WB_EAP,1993,82.68984,96.4574,92.95647,Asia,12687083.0,3.500930000000011,94.706935
East Asia And Pacific (Wb),WB_EAP,1994,83.24469,96.56721,93.35312,Asia,12687083.0,3.214089999999999,94.960165
East Asia And Pacific (Wb),WB_EAP,1995,83.8043,96.69341,93.7574,Asia,12687083.0,2.936009999999996,95.225405
East Asia And Pacific (Wb),WB_EAP,1996,84.29005,96.79782,94.08663,Asia,12687083.0,2.711190000000002,95.44222500000001
East Asia And Pacific (Wb),WB_EAP,1997,89.27749,98.02458,96.96976,Asia,12687083.0,1.0548200000000065,97.49717
East Asia And Pacific (Wb),WB_EAP,1998,89.64291,98.0536,97.10172,Asia,12687083.0,0.9518800000000027,97.57766000000001
East Asia And Pacific (Wb),WB_EAP,1999,89.96028,98.07207,97.24602,Asia,12687083.0,0.8260499999999951,97.65904499999999
East Asia And Pacific (Wb),WB_EAP,2000,90.32185,98.10066,97.24828,Asia,12687083.0,0.8523800000000108,97.67447
East Asia And Pacific (Wb),WB_EAP,2001,90.63564,98.10212,97.37758,Asia,12687083.0,0.7245400000000046,97.73984999999999
East Asia And Pacific (Wb),WB_EAP,2002,90.98982,98.14776,97.50698,Asia,12687083.0,0.6407800000000066,97.82737
East Asia And Pacific (Wb),WB_EAP,2003,91.36144,98.21947,97.72554,Asia,12687083.0,0.493930000000006,97.972505
East Asia And Pacific (Wb),WB_EAP,2004,91.69448,98.30039,97.84924,Asia,12687083.0,0.4511499999999984,98.074815
East Asia And Pacific (Wb),WB_EAP,2005,92.02961,98.35316,97.97492,Asia,12687083.0,0.37824000000000524,98.16404
East Asia And Pacific (Wb),WB_EAP,2006,92.37919,98.18339,97.8041,Asia,12687083.0,0.37928999999999746,97.993745
East Asia And Pacific (Wb),WB_EAP,2007,93.5125,98.50984,98.20255,Asia,12687083.0,0.30728999999999473,98.356195
East Asia And Pacific (Wb),WB_EAP,2008,93.81618,98.81036,98.61238,Asia,12687083.0,0.19798000000000116,98.71137
East Asia And Pacific (Wb),WB_EAP,2009,94.08518,98.74872,98.60713,Asia,12687083.0,0.14159000000000788,98.677925
East Asia And Pacific (Wb),WB_EAP,2010,94.20017,98.69274,98.5755,Asia,12687083.0,0.11723999999999535,98.63412
East Asia And Pacific (Wb),WB_EAP,2011,93.8646,98.28942,98.15948,Asia,12687083.0,0.12994000000000483,98.22445
East Asia And Pacific (Wb),WB_EAP,2012,94.09502,98.32583,98.21486,Asia,12687083.0,0.11096999999999468,98.27034499999999
East Asia And Pacific (Wb),WB_EAP,2013,94.20693,98.33456,98.28557,Asia,12687083.0,0.04898999999998921,98.31006500000001
East Asia And Pacific (Wb),WB_EAP,2014,94.71124,98.53776,98.5517,Asia,12687083.0,-0.01393999999999096,98.54473
East Asia And Pacific (Wb),WB_EAP,2015,94.92792,98.60747,98.5754,Asia,12687083.0,0.032070000000004484,98.591435
East Asia And Pacific (Wb),WB_EAP,2016,95.13196,98.6197,98.60907,Asia,12687083.0,0.010629999999991924,98.614385
East Asia And Pacific (Wb),WB_EAP,2017,95.32305,98.61173,98.6212,Asia,12687083.0,-0.009470000000007417,98.616465
East Asia And Pacific (Wb),WB_EAP,2018,95.36943,98.50946,98.59121,Asia,12687083.0,-0.08174999999999955,98.550335
East Asia And Pacific (Wb),WB_EAP,2019,95.80688,98.83422,98.96828,Asia,12687083.0,-0.13405999999999096,98.90125
East Asia And Pacific (Wb),WB_EAP,2020,96.0287,98.93899,99.04304,Asia,12687083.0,-0.10405000000000086,98.991015
East Asia And Pacific (Wb),WB_EAP,2021,96.16493,98.96167,99.0817,Asia,12687083.0,-0.12002999999999986,99.02168499999999
East Asia And Pacific (Wb),WB_EAP,2022,96.30093,98.98314,99.13032,Asia,12687083.0,-0.14717999999999165,99.05673
East Asia And Pacific (Wb),WB_EAP,2023,96.43049,99.0027,99.16245,Asia,12687083.0,-0.1597500000000025,99.082575
East Timor,TLS,2001,38.0,94.0,92.0,Asia,812253.0,2.0,93.0
East Timor,TLS,2007,51.0,94.0,92.0,Asia,1004898.0,2.0,93.0
East Timor,TLS,2010,58.0,80.0,79.0,Asia,1084688.0,1.0,79.5
East Timor,TLS,2016,65.77913,89.55101,88.72531,Asia,1228314.0,0.8257000000000119,89.13816
Eastern And South-Eastern Asia (Sdg),WB_LAC,1990,81.18364,96.50264,92.16502,Asia,12687083.0,4.337620000000001,94.33383
Eastern And South-Eastern Asia (Sdg),WB_LAC,1991,81.73081,96.52341,92.49314,Asia,12687083.0,4.030270000000002,94.508275
Eastern And South-Eastern Asia (Sdg),WB_LAC,1992,82.24957,96.54519,92.80164,Asia,12687083.0,3.743549999999999,94.673415
Eastern And South-Eastern Asia (Sdg),WB_LAC,1993,82.72173,96.56196,93.06,Asia,12687083.0,3.501959999999997,94.81098
Eastern And South-Eastern Asia (Sdg),WB_LAC,1994,83.28386,96.6759,93.46461,Asia,12687083.0,3.2112900000000053,95.070255
Eastern And South-Eastern Asia (Sdg),WB_LAC,1995,83.85079,96.80654,93.87752,Asia,12687083.0,2.929019999999994,95.34203
Eastern And South-Eastern Asia (Sdg),WB_LAC,1996,84.34014,96.91575,94.21008,Asia,12687083.0,2.705669999999998,95.562915
Eastern And South-Eastern Asia (Sdg),WB_LAC,1997,89.39987,98.16245,97.13049,Asia,12687083.0,1.0319600000000122,97.64647
Eastern And South-Eastern Asia (Sdg),WB_LAC,1998,89.76716,98.19519,97.26268,Asia,12687083.0,0.9325099999999935,97.728935
Eastern And South-Eastern Asia (Sdg),WB_LAC,1999,90.08641,98.22033,97.41061,Asia,12687083.0,0.8097199999999987,97.81547
Eastern And South-Eastern Asia (Sdg),WB_LAC,2000,90.45192,98.25711,97.41581,Asia,12687083.0,0.8413000000000039,97.83645999999999
Eastern And South-Eastern Asia (Sdg),WB_LAC,2001,90.76801,98.26271,97.5457,Asia,12687083.0,0.7170100000000019,97.90420499999999
Eastern And South-Eastern Asia (Sdg),WB_LAC,2002,91.12475,98.31304,97.67487,Asia,12687083.0,0.6381700000000023,97.993955
Eastern And South-Eastern Asia (Sdg),WB_LAC,2003,91.49954,98.38914,97.89353,Asia,12687083.0,0.4956099999999992,98.141335
Eastern And South-Eastern Asia (Sdg),WB_LAC,2004,91.83497,98.47451,98.01609,Asia,12687083.0,0.4584199999999896,98.2453
Eastern And South-Eastern Asia (Sdg),WB_LAC,2005,92.17309,98.53169,98.14126,Asia,12687083.0,0.39042999999999495,98.33647500000001
Eastern And South-Eastern Asia (Sdg),WB_LAC,2006,92.52596,98.36356,97.96613,Asia,12687083.0,0.39742999999999995,98.16484500000001
Eastern And South-Eastern Asia (Sdg),WB_LAC,2007,93.67552,98.70143,98.37064,Asia,12687083.0,0.33079000000000747,98.536035
Eastern And South-Eastern Asia (Sdg),WB_LAC,2008,93.98298,99.01506,98.78818,Asia,12687083.0,0.2268800000000084,98.90162000000001
Eastern And South-Eastern Asia (Sdg),WB_LAC,2009,94.25554,98.95905,98.78162,Asia,12687083.0,0.1774300000000011,98.87033500000001
Eastern And South-Eastern Asia (Sdg),WB_LAC,2010,94.37094,98.90729,98.74636,Asia,12687083.0,0.16093000000000757,98.826825
Eastern And South-Eastern Asia (Sdg),WB_LAC,2011,94.03088,98.50358,98.32828,Asia,12687083.0,0.1752999999999929,98.41593
Eastern And South-Eastern Asia (Sdg),WB_LAC,2012,94.26621,98.54806,98.39026,Asia,12687083.0,0.15780000000000882,98.46916
Eastern And South-Eastern Asia (Sdg),WB_LAC,2013,94.38122,98.566,98.46905,Asia,12687083.0,0.09695000000000675,98.517525
Eastern And South-Eastern Asia (Sdg),WB_LAC,2014,94.89836,98.78386,98.74792,Asia,12687083.0,0.03594000000001074,98.76589
Eastern And South-Eastern Asia (Sdg),WB_LAC,2015,95.12345,98.86771,98.78167,Asia,12687083.0,0.08603999999999701,98.82469
Eastern And South-Eastern Asia (Sdg),WB_LAC,2016,95.33295,98.89226,98.82578,Asia,12687083.0,0.06647999999999854,98.85901999999999
Eastern And South-Eastern Asia (Sdg),WB_LAC,2017,95.52963,98.89327,98.84568,Asia,12687083.0,0.04758999999999958,98.869475
Eastern And South-Eastern Asia (Sdg),WB_LAC,2018,95.57909,98.79708,98.82176,Asia,12687083.0,-0.024680000000003588,98.80941999999999
Eastern And South-Eastern Asia (Sdg),WB_LAC,2019,96.02655,99.1361,99.213,Asia,12687083.0,-0.07689999999999486,99.17455
Eastern And South-Eastern Asia (Sdg),WB_LAC,2020,96.25462,99.24863,99.2941,Asia,12687083.0,-0.04546999999999457,99.271365
Eastern And South-Eastern Asia (Sdg),WB_LAC,2021,96.39394,99.2751,99.33651,Asia,12687083.0,-0.06141000000000929,99.30580499999999
Eastern And South-Eastern Asia (Sdg),WB_LAC,2022,96.53545,99.30309,99.39149,Asia,12687083.0,-0.08840000000000714,99.34729
Eastern And South-Eastern Asia (Sdg),WB_LAC,2023,96.6705,99.32656,99.42854,Asia,12687083.0,-0.10197999999999752,99.37755
Ecuador,ECU,1990,88.0,97.0,96.0,South America,10473674.0,1.0,96.5
Ecuador,ECU,2001,91.0,97.6,97.3,South America,12910736.0,0.29999999999999716,97.44999999999999
Ecuador,ECU,2007,92.0,98.2,98.6,South America,14328783.0,-0.3999999999999915,98.4
Ecuador,ECU,2008,92.0,98.4,98.5,South America,14575201.0,-0.09999999999999432,98.45
Ecuador,ECU,2009,92.0,98.7,98.9,South America,14825960.0,-0.20000000000000284,98.80000000000001
Ecuador,ECU,2010,92.0,98.5,98.9,South America,15076697.0,-0.4000000000000057,98.7
Ecuador,ECU,2011,92.0,98.6,98.8,South America,15326232.0,-0.20000000000000284,98.69999999999999
Ecuador,ECU,2012,92.0,98.8,98.9,South America,15572195.0,-0.10000000000000853,98.85
Ecuador,ECU,2013,93.0,98.6,98.6,South America,15807132.0,0.0,98.6
Ecuador,ECU,2014,94.0,99.0,99.2,South America,16035127.0,-0.20000000000000284,99.1
Ecuador,ECU,2015,94.0,99.3,98.9,South America,16266229.0,0.3999999999999915,99.1
Ecuador,ECU,2016,94.0,99.0,99.1,South America,16505142.0,-0.09999999999999432,99.05
Ecuador,ECU,2017,93.0,99.1,99.4,South America,16759515.0,-0.30000000000001137,99.25
Ecuador,ECU,2020,94.0,98.5,99.1,South America,17546058.0,-0.5999999999999943,98.8
Ecuador,ECU,2021,94.0,99.0,99.2,South America,17682454.0,-0.20000000000000284,99.1
Ecuador,ECU,2022,94.0,99.0,99.2,South America,17823900.0,-0.20000000000000284,99.1
Egypt,EGY,1996,56.0,79.0,67.0,Africa,67028045.0,12.0,73.0
Egypt,EGY,2005,67.0,90.0,79.0,Africa,81101012.0,11.0,84.5
Egypt,EGY,2006,66.0,88.0,82.0,Africa,82700404.0,6.0,85.0
Egypt,EGY,2010,72.0,91.0,84.0,Africa,89196073.0,7.0,87.5
Egypt,EGY,2012,74.0,92.0,86.0,Africa,93161000.0,6.0,89.0
Egypt,EGY,2013,72.0,94.0,90.0,Africa,95333551.0,4.0,92.0
Egypt,EGY,2017,71.0,89.0,87.0,Africa,103696055.0,2.0,88.0
El Salvador,SLV,1992,74.0,85.0,85.0,North America,5585611.0,0.0,85.0
El Salvador,SLV,2006,84.0,94.4,95.5,North America,6002321.0,-1.0999999999999943,94.95
El Salvador,SLV,2007,82.0,95.2,95.8,North America,6009820.0,-0.5999999999999943,95.5
El Salvador,SLV,2008,84.0,95.0,96.0,North America,6029302.0,-1.0,95.5
El Salvador,SLV,2009,84.0,95.1,96.1,North America,6048284.0,-1.0,95.6
El Salvador,SLV,2010,84.0,95.7,96.4,North America,6068253.0,-0.7000000000000028,96.05000000000001
El Salvador,SLV,2011,85.0,96.0,97.0,North America,6090128.0,-1.0,96.5
El Salvador,SLV,2013,87.0,96.9,97.5,North America,6138845.0,-0.5999999999999943,97.2
El Salvador,SLV,2015,88.0,97.5,98.4,North America,6183675.0,-0.9000000000000057,97.95
El Salvador,SLV,2016,88.0,97.7,98.3,North America,6200808.0,-0.5999999999999943,98.0
El Salvador,SLV,2017,88.0,97.8,98.1,North America,6213538.0,-0.29999999999999716,97.94999999999999
El Salvador,SLV,2018,89.0,97.7,98.2,North America,6219803.0,-0.5,97.95
El Salvador,SLV,2019,89.0,98.0,98.7,North America,6222316.0,-0.7000000000000028,98.35
El Salvador,SLV,2020,90.0,98.3,98.7,North America,6234679.0,-0.4000000000000057,98.5
El Salvador,SLV,2023,90.0,97.6,98.5,North America,6309629.0,-0.9000000000000057,98.05
Equatorial Guinea,GNQ,2000,88.0,98.0,97.0,Africa,703287.0,1.0,97.5
Eritrea,ERI,2002,53.0,86.0,69.0,Africa,12687083.0,17.0,77.5
Eritrea,ERI,2008,65.0,91.0,83.0,Africa,12687083.0,8.0,87.0
Estonia,EST,2000,100.0,100.0,100.0,Europe,1397001.0,0.0,100.0
Estonia,EST,2011,100.0,100.0,100.0,Europe,1327366.0,0.0,100.0
Eswatini,SWZ,2000,82.0,91.0,93.0,Africa,1041428.0,-2.0,92.0
Eswatini,SWZ,2022,90.74702,98.55315,98.77755,Africa,1218921.0,-0.22440000000000282,98.66535
Ethiopia,ETH,1994,27.0,39.0,28.0,Africa,55611514.0,11.0,33.5
Ethiopia,ETH,2004,36.0,62.0,39.0,Africa,76077211.0,23.0,50.5
Ethiopia,ETH,2007,39.0,63.0,47.0,Africa,83103218.0,16.0,55.0
Ethiopia,ETH,2016,47.49159,79.13417,64.5676,Africa,106718163.0,14.566569999999999,71.850885
Europe And Central Asia (Wb),WB_ECA,1994,95.93806,99.15435,98.69671,Asia,12687083.0,0.4576399999999978,98.92553
Europe And Central Asia (Wb),WB_ECA,1995,96.06758,99.15745,98.73289,Asia,12687083.0,0.4245599999999996,98.94516999999999
Europe And Central Asia (Wb),WB_ECA,1996,96.22135,99.16376,98.77194,Asia,12687083.0,0.3918199999999956,98.96785
Europe And Central Asia (Wb),WB_ECA,1997,96.3414,99.16921,98.8102,Asia,12687083.0,0.35901000000001204,98.989705
Europe And Central Asia (Wb),WB_ECA,1998,96.48624,99.14203,98.83175,Asia,12687083.0,0.3102800000000059,98.98689
Europe And Central Asia (Wb),WB_ECA,1999,96.59245,99.12084,98.84616,Asia,12687083.0,0.2746800000000036,98.98349999999999
Europe And Central Asia (Wb),WB_ECA,2000,96.65252,99.27405,98.82764,Asia,12687083.0,0.4464100000000002,99.05084500000001
Europe And Central Asia (Wb),WB_ECA,2001,96.7528,99.28998,98.86257,Asia,12687083.0,0.42740999999999474,99.07627500000001
Europe And Central Asia (Wb),WB_ECA,2002,96.91116,99.34685,98.91292,Asia,12687083.0,0.4339300000000037,99.129885
Europe And Central Asia (Wb),WB_ECA,2003,97.00517,99.34642,98.93462,Asia,12687083.0,0.4117999999999995,99.14052
Europe And Central Asia (Wb),WB_ECA,2004,97.09123,99.32986,98.9432,Asia,12687083.0,0.386659999999992,99.13653
Europe And Central Asia (Wb),WB_ECA,2005,97.21017,99.37011,99.01076,Asia,12687083.0,0.35934999999999206,99.19043500000001
Europe And Central Asia (Wb),WB_ECA,2006,97.27016,99.38467,99.02952,Asia,12687083.0,0.35514999999999475,99.20709500000001
Europe And Central Asia (Wb),WB_ECA,2007,97.35178,99.40214,99.0562,Asia,12687083.0,0.3459399999999988,99.22917000000001
Europe And Central Asia (Wb),WB_ECA,2008,97.47324,99.41971,99.08809,Asia,12687083.0,0.3316200000000009,99.25389999999999
Europe And Central Asia (Wb),WB_ECA,2009,97.73077,99.5298,99.31396,Asia,12687083.0,0.21584000000000003,99.42187999999999
Europe And Central Asia (Wb),WB_ECA,2010,97.89465,99.559,99.38538,Asia,12687083.0,0.17361999999999966,99.47219
Europe And Central Asia (Wb),WB_ECA,2011,98.03516,99.59864,99.46198,Asia,12687083.0,0.13666000000000622,99.53031
Europe And Central Asia (Wb),WB_ECA,2012,98.13266,99.62316,99.51233,Asia,12687083.0,0.11082999999999288,99.567745
Europe And Central Asia (Wb),WB_ECA,2013,98.19623,99.64314,99.5471,Asia,12687083.0,0.09604000000000212,99.59512000000001
Europe And Central Asia (Wb),WB_ECA,2014,98.23871,99.66125,99.57678,Asia,12687083.0,0.08446999999999605,99.61901499999999
Europe And Central Asia (Wb),WB_ECA,2015,98.28185,99.66372,99.6026,Asia,12687083.0,0.061120000000002506,99.63316
Europe And Central Asia (Wb),WB_ECA,2016,98.33891,99.67653,99.6327,Asia,12687083.0,0.043829999999999814,99.654615
Europe And Central Asia (Wb),WB_ECA,2017,98.41798,99.68803,99.67333,Asia,12687083.0,0.01469999999999061,99.68068
Europe And Central Asia (Wb),WB_ECA,2018,98.50179,99.73709,99.71808,Asia,12687083.0,0.01900999999999442,99.727585
Europe And Central Asia (Wb),WB_ECA,2019,98.56401,99.74954,99.74016,Asia,12687083.0,0.00937999999999306,99.74485
Europe And Central Asia (Wb),WB_ECA,2020,98.60383,99.73968,99.75049,Asia,12687083.0,-0.010809999999992215,99.745085
Europe And Central Asia (Wb),WB_ECA,2021,98.64628,99.75074,99.75854,Asia,12687083.0,-0.007800000000003138,99.75464
Europe And Central Asia (Wb),WB_ECA,2022,98.66442,99.75511,99.76337,Asia,12687083.0,-0.008259999999992829,99.75924
Europe And Central Asia (Wb),WB_ECA,2023,98.68871,99.75977,99.76482,Asia,12687083.0,-0.005049999999997112,99.762295
Europe And Northern America (Sdg),WB_LAC,2003,97.8978,99.48047,99.5103,Asia,12687083.0,-0.02983000000000402,99.495385
Europe And Northern America (Sdg),WB_LAC,2004,97.95613,99.4866,99.51708,Asia,12687083.0,-0.030480000000011387,99.50184
Europe And Northern America (Sdg),WB_LAC,2005,98.00925,99.49365,99.51734,Asia,12687083.0,-0.023690000000001987,99.505495
Europe And Northern America (Sdg),WB_LAC,2006,98.077,99.50642,99.51924,Asia,12687083.0,-0.012819999999990728,99.51283000000001
Europe And Northern America (Sdg),WB_LAC,2018,98.61607,99.66694,99.63965,Asia,12687083.0,0.027289999999993597,99.653295
Europe And Northern America (Sdg),WB_LAC,2019,98.64308,99.67549,99.64386,Asia,12687083.0,0.03162999999999272,99.659675
Europe And Northern America (Sdg),WB_LAC,2020,98.66912,99.66568,99.64667,Asia,12687083.0,0.01900999999999442,99.65617499999999
Europe And Northern America (Sdg),WB_LAC,2021,98.69566,99.67509,99.64984,Asia,12687083.0,0.025249999999999773,99.662465
Europe And Northern America (Sdg),WB_LAC,2022,98.70273,99.67989,99.65033,Asia,12687083.0,0.029560000000003583,99.66511
Gabon,GAB,1993,72.0,94.0,92.0,Africa,1066404.0,2.0,93.0
Gabon,GAB,2021,88.85834,94.95532,93.04062,Africa,2376729.0,1.9146999999999963,93.99797000000001
Gambia,GMB,2000,37.0,64.0,41.0,Africa,1455095.0,23.0,52.5
Gambia,GMB,2015,51.0,71.0,64.0,Africa,2224530.0,7.0,67.5
Gambia,GMB,2018,53.1602,74.97817,67.01137,Africa,2399633.0,7.966800000000006,70.99477
Gambia,GMB,2021,51.6374,72.01779,62.55218,Africa,2576015.0,9.465610000000005,67.284985
Georgia,GEO,2002,100.0,100.0,100.0,Asia,4127854.0,0.0,100.0
Georgia,GEO,2014,100.0,100.0,100.0,Asia,3792921.0,0.0,100.0
Georgia,GEO,2017,99.0,100.0,99.0,Asia,3792860.0,1.0,99.5
Georgia,GEO,2018,99.65366,99.9046,99.94143,Asia,3794881.0,-0.03682999999999481,99.92301499999999
Georgia,GEO,2022,100.0,100.0,100.0,Asia,3794782.0,0.0,100.0
Georgia,GEO,2023,99.55547,98.88482,99.8423,Asia,3807494.0,-0.9574799999999897,99.36356
Ghana,GHA,2000,58.0,76.0,65.0,Africa,19637085.0,11.0,70.5
Ghana,GHA,2010,71.0,88.0,83.0,Africa,25475000.0,5.0,85.5
Ghana,GHA,2017,64.49239,89.77029,85.2477,Africa,30008364.0,4.522590000000008,87.508995
Ghana,GHA,2021,76.48568,91.73803,91.30476,Africa,32518662.0,0.43326999999999316,91.521395
Greece,GRC,1991,93.0,99.0,99.0,Europe,10306645.0,0.0,99.0
Greece,GRC,2001,96.0,99.0,99.0,Europe,10843166.0,0.0,99.0
Greece,GRC,2009,94.0,100.0,99.0,Europe,11108067.0,1.0,99.5
Guam,GUM,1990,99.0,100.0,100.0,Oceania,12687083.0,0.0,100.0
Guatemala,GTM,1994,64.0,82.0,71.0,North America,10043713.0,11.0,76.5
Guatemala,GTM,2002,69.0,86.0,78.0,North America,12246923.0,8.0,82.0
Guatemala,GTM,2012,78.0,95.0,92.0,North America,15089639.0,3.0,93.5
Guatemala,GTM,2013,77.0,94.0,90.0,North America,15387339.0,4.0,92.0
Guatemala,GTM,2014,81.0,94.9,91.9,North America,15681725.0,3.0,93.4
Guatemala,GTM,2015,80.19509,96.67467,93.61574,North America,15971745.0,3.0589300000000037,95.145205
Guatemala,GTM,2018,81.0,95.0,94.0,North America,16845688.0,1.0,94.5
Guatemala,GTM,2022,83.03117,95.85535,94.21057,North America,17847877.0,1.6447799999999972,95.03296
Guinea,GIN,1996,21.0,44.0,13.0,Africa,7770035.0,31.0,28.5
Guinea,GIN,2003,30.0,59.0,34.0,Africa,8870790.0,25.0,46.5
Guinea,GIN,2010,25.0,38.0,22.0,Africa,10396090.0,16.0,30.0
Guinea,GIN,2014,32.0,57.0,37.0,Africa,11472921.0,20.0,47.0
Guinea,GIN,2018,40.0,70.0,43.0,Africa,12704776.0,27.0,56.5
Guinea-Bissau,GNB,2000,41.0,75.0,46.0,Africa,1234747.0,29.0,60.5
Guinea-Bissau,GNB,2019,54.88232,81.83359,68.58931,Africa,1967704.0,13.244280000000003,75.21145
Guinea-Bissau,GNB,2022,63.93413,86.19711,78.26567,Africa,2105535.0,7.931439999999995,82.23139
Guyana,GUY,2020,85.63835,99.26508,99.02955,South America,807486.0,0.23552999999999713,99.14731499999999
Haiti,HTI,2003,59.0,83.0,81.0,North America,8759913.0,2.0,82.0
Haiti,HTI,2017,68.00986,88.38471,89.32992,North America,10817759.0,-0.945210000000003,88.857315
Honduras,HND,2001,80.0,89.7,92.7,North America,6757992.0,-3.0,91.2
Honduras,HND,2007,84.0,93.0,95.0,North America,7834806.0,-2.0,94.0
Honduras,HND,2010,85.0,94.4,95.9,North America,8365881.0,-1.5,95.15
Honduras,HND,2011,85.0,94.9,96.9,North America,8540587.0,-2.0,95.9
Honduras,HND,2012,85.0,94.0,96.0,North America,8715081.0,-2.0,95.0
Honduras,HND,2013,85.0,93.9,96.3,North America,8889276.0,-2.3999999999999915,95.1
Honduras,HND,2014,87.0,95.0,96.3,North America,9063127.0,-1.2999999999999972,95.65
Honduras,HND,2015,88.0,95.0,97.0,North America,9237306.0,-2.0,96.0
Honduras,HND,2016,89.0,94.9,97.2,North America,9412380.0,-2.299999999999997,96.05000000000001
Honduras,HND,2018,87.0,94.9,98.2,North America,9765209.0,-3.299999999999997,96.55000000000001
Honduras,HND,2019,89.0,94.8,97.3,North America,9943637.0,-2.5,96.05
India,IND,1991,48.0,74.0,49.0,Asia,883927605.0,25.0,61.5
India,IND,2001,61.0,84.0,68.0,Asia,1077898579.0,16.0,76.0
India,IND,2006,63.0,88.0,74.0,Asia,1172878888.0,14.0,81.0
India,IND,2011,69.0,90.0,82.0,Asia,1261224956.0,8.0,86.0
India,IND,2022,76.0,97.0,96.0,Asia,1425423209.0,1.0,96.5
India,IND,2023,82.0,98.0,96.0,Asia,1438069597.0,2.0,97.0
Indonesia,IDN,1990,82.0,97.0,95.0,Asia,183501097.0,2.0,96.0
Indonesia,IDN,2004,90.0,99.0,99.0,Asia,227926649.0,0.0,99.0
Indonesia,IDN,2006,92.0,97.0,96.0,Asia,233951650.0,1.0,96.5
Indonesia,IDN,2008,92.0,100.0,99.0,Asia,240157902.0,1.0,99.5
Indonesia,IDN,2009,93.0,100.0,99.0,Asia,243220024.0,1.0,99.5
Indonesia,IDN,2011,93.0,99.0,99.0,Asia,249470029.0,0.0,99.0
Indonesia,IDN,2014,95.0,100.0,100.0,Asia,258877395.0,0.0,100.0
Indonesia,IDN,2015,95.0,100.0,100.0,Asia,261799249.0,0.0,100.0
Indonesia,IDN,2016,95.0,100.0,100.0,Asia,264627429.0,0.0,100.0
Indonesia,IDN,2018,96.0,100.0,100.0,Asia,269951847.0,0.0,100.0
Indonesia,IDN,2020,96.0,100.0,100.0,Asia,274814861.0,0.0,100.0
Iran,IRN,1991,66.0,92.0,81.0,Asia,59986931.0,11.0,86.5
Iran,IRN,1996,73.0,96.0,91.0,Asia,62881298.0,5.0,93.5
Iran,IRN,2002,77.0,94.0,92.0,Asia,68011318.0,2.0,93.0
Iran,IRN,2005,82.0,98.0,97.0,Asia,71828455.0,1.0,97.5
Iran,IRN,2006,82.0,97.0,96.0,Asia,73392747.0,1.0,96.5
Iran,IRN,2008,83.0,98.0,97.0,Asia,75514201.0,1.0,97.5
Iran,IRN,2012,84.0,98.0,98.0,Asia,79370583.0,0.0,98.0
Iran,IRN,2013,85.0,98.0,97.0,Asia,80414689.0,1.0,97.5
Iran,IRN,2014,85.0,98.0,98.0,Asia,81502045.0,0.0,98.0
Iran,IRN,2016,86.0,98.0,98.0,Asia,83812230.0,0.0,98.0
Iraq,IRQ,2000,74.0,89.0,80.0,Asia,24424060.0,9.0,84.5
Iraq,IRQ,2012,77.0,87.0,79.0,Asia,33654843.0,8.0,83.0
Iraq,IRQ,2014,82.0,92.0,86.0,Asia,36550058.0,6.0,89.0
Iraq,IRQ,2016,83.0,93.0,88.0,Asia,38469628.0,5.0,90.5
Iraq,IRQ,2017,86.0,95.0,92.0,Asia,39337358.0,3.0,93.5
Italy,ITA,2001,98.0,100.0,100.0,Europe,57305760.0,0.0,100.0
Italy,ITA,2011,99.0,100.0,100.0,Europe,60367882.0,0.0,100.0
Italy,ITA,2019,99.0,100.0,100.0,Europe,60130136.0,0.0,100.0
Jamaica,JAM,1999,80.0,87.0,96.0,North America,2589796.0,-9.0,91.5
Jordan,JOR,2003,90.0,99.0,99.0,Asia,5741837.0,0.0,99.0
Jordan,JOR,2005,91.0,99.0,99.0,Asia,6029597.0,0.0,99.0
Jordan,JOR,2007,92.0,99.0,99.0,Asia,6827235.0,0.0,99.0
Jordan,JOR,2010,93.0,99.0,99.0,Asia,7297046.0,0.0,99.0
Jordan,JOR,2011,96.0,99.0,99.0,Asia,7480431.0,0.0,99.0
Jordan,JOR,2012,98.0,99.0,99.0,Asia,7587133.0,0.0,99.0
Jordan,JOR,2018,95.43145,97.42178,95.90284,Asia,10462310.0,1.5189400000000006,96.66230999999999
Jordan,JOR,2023,95.0,99.0,99.0,Asia,11439220.0,0.0,99.0
Kazakhstan,KAZ,1999,100.0,100.0,100.0,Asia,15455877.0,0.0,100.0
Kazakhstan,KAZ,2009,100.0,100.0,100.0,Asia,16619851.0,0.0,100.0
Kenya,KEN,2000,82.0,93.0,92.0,Africa,30642893.0,1.0,92.5
Kiribati,KIR,2018,97.95971,95.83073,98.50159,Oceania,122097.0,-2.6708599999999905,97.16615999999999
Kuwait,KWT,1995,78.0,94.0,90.0,Asia,1681518.0,4.0,92.0
Kuwait,KWT,2005,93.0,100.0,100.0,Asia,2236797.0,0.0,100.0
Kuwait,KWT,2006,93.0,99.0,98.0,Asia,2364741.0,1.0,98.5
Kuwait,KWT,2007,94.0,98.0,99.0,Asia,2507890.0,-1.0,98.5
Kuwait,KWT,2008,94.0,99.0,99.0,Asia,2651433.0,0.0,99.0
Kuwait,KWT,2010,94.0,99.0,99.0,Asia,2943374.0,0.0,99.0
Kuwait,KWT,2012,96.0,99.0,99.0,Asia,3337025.0,0.0,99.0
Kuwait,KWT,2013,96.0,99.0,99.0,Asia,3507755.0,0.0,99.0
Kuwait,KWT,2015,96.0,99.0,99.0,Asia,3834465.0,0.0,99.0
Kuwait,KWT,2017,96.0,99.0,99.0,Asia,4154686.0,0.0,99.0
Kuwait,KWT,2018,96.0,99.0,100.0,Asia,4323389.0,-1.0,99.5
Kuwait,KWT,2020,96.0,99.0,100.0,Asia,4400146.0,-1.0,99.5
Kyrgyzstan,KGZ,1999,99.0,100.0,100.0,Asia,4968593.0,0.0,100.0
Kyrgyzstan,KGZ,2009,99.0,100.0,100.0,Asia,5398013.0,0.0,100.0
Laos,LAO,1995,60.0,79.0,64.0,Asia,4929410.0,15.0,71.5
Laos,LAO,2000,70.0,88.0,74.0,Asia,5431213.0,14.0,81.0
Laos,LAO,2001,69.0,83.0,75.0,Asia,5521481.0,8.0,79.0
Laos,LAO,2005,73.0,89.0,79.0,Asia,5869531.0,10.0,84.0
Laos,LAO,2015,85.0,94.0,91.0,Asia,6801647.0,3.0,92.5
Latin America And Caribbean (Wb),WB_LAC,1990,84.46787,89.62017,92.22177,Asia,12687083.0,-2.601600000000005,90.92097000000001
Latin America And Caribbean (Wb),WB_LAC,1991,85.06639,90.36628,92.7117,Asia,12687083.0,-2.34541999999999,91.53899
Latin America And Caribbean (Wb),WB_LAC,1992,85.66554,91.10965,93.19154,Asia,12687083.0,-2.0818900000000014,92.15059500000001
Latin America And Caribbean (Wb),WB_LAC,1993,86.25491,91.85488,93.63161,Asia,12687083.0,-1.7767300000000006,92.743245
Latin America And Caribbean (Wb),WB_LAC,1994,86.83326,92.59584,94.06351,Asia,12687083.0,-1.4676699999999983,93.329675
Latin America And Caribbean (Wb),WB_LAC,1995,87.40622,93.34082,94.48672,Asia,12687083.0,-1.1459000000000117,93.91377
Latin America And Caribbean (Wb),WB_LAC,1996,87.77912,93.67079,94.78791,Asia,12687083.0,-1.11712,94.22935
Latin America And Caribbean (Wb),WB_LAC,1997,88.04446,93.85517,94.84745,Asia,12687083.0,-0.9922799999999938,94.35131
Latin America And Caribbean (Wb),WB_LAC,1998,88.39903,94.119,95.06855,Asia,12687083.0,-0.9495500000000021,94.593775
Latin America And Caribbean (Wb),WB_LAC,1999,88.71655,94.31359,95.3088,Asia,12687083.0,-0.9952100000000002,94.811195
Latin America And Caribbean (Wb),WB_LAC,2000,89.01666,94.49998,95.52891,Asia,12687083.0,-1.0289300000000026,95.014445
Latin America And Caribbean (Wb),WB_LAC,2001,89.17575,94.66916,95.67047,Asia,12687083.0,-1.0013099999999895,95.169815
Latin America And Caribbean (Wb),WB_LAC,2002,89.44306,95.12653,96.00816,Asia,12687083.0,-0.8816300000000012,95.567345
Latin America And Caribbean (Wb),WB_LAC,2003,90.0959,95.97106,96.6719,Asia,12687083.0,-0.7008399999999995,96.32148
Latin America And Caribbean (Wb),WB_LAC,2004,90.37227,96.02989,96.85742,Asia,12687083.0,-0.8275300000000101,96.443655
Latin America And Caribbean (Wb),WB_LAC,2005,90.33941,96.22208,97.04138,Asia,12687083.0,-0.8192999999999984,96.63173
Latin America And Caribbean (Wb),WB_LAC,2006,90.54231,96.45865,97.0112,Asia,12687083.0,-0.5525499999999965,96.734925
Latin America And Caribbean (Wb),WB_LAC,2007,91.39063,96.67873,97.20545,Asia,12687083.0,-0.5267199999999974,96.94209000000001
Latin America And Caribbean (Wb),WB_LAC,2008,91.68934,96.89331,97.37636,Asia,12687083.0,-0.48305000000000575,97.13483500000001
Latin America And Caribbean (Wb),WB_LAC,2009,91.86467,97.12293,97.56849,Asia,12687083.0,-0.4455600000000004,97.34571
Latin America And Caribbean (Wb),WB_LAC,2010,91.78517,96.99602,97.63176,Asia,12687083.0,-0.6357399999999984,97.31389
Latin America And Caribbean (Wb),WB_LAC,2011,92.49057,97.45808,98.0236,Asia,12687083.0,-0.5655200000000065,97.74083999999999
Latin America And Caribbean (Wb),WB_LAC,2012,92.79948,97.6563,98.15077,Asia,12687083.0,-0.49446999999999264,97.903535
Latin America And Caribbean (Wb),WB_LAC,2013,92.78406,97.62371,98.11869,Asia,12687083.0,-0.4949799999999982,97.8712
Latin America And Caribbean (Wb),WB_LAC,2014,93.28205,97.99299,98.40585,Asia,12687083.0,-0.4128599999999949,98.19942
Latin America And Caribbean (Wb),WB_LAC,2015,93.42686,98.05344,98.47674,Asia,12687083.0,-0.4233000000000118,98.26509
Latin America And Caribbean (Wb),WB_LAC,2016,93.86832,98.18215,98.59893,Asia,12687083.0,-0.4167800000000028,98.39053999999999
Latin America And Caribbean (Wb),WB_LAC,2017,93.89947,98.19944,98.55822,Asia,12687083.0,-0.3587800000000101,98.37883
Latin America And Caribbean (Wb),WB_LAC,2018,94.08591,98.28612,98.63194,Asia,12687083.0,-0.34582000000000335,98.45903
Latin America And Caribbean (Wb),WB_LAC,2019,94.25567,98.33218,98.67044,Asia,12687083.0,-0.33826000000000533,98.50130999999999
Latin America And Caribbean (Wb),WB_LAC,2020,94.31331,98.32484,98.66679,Asia,12687083.0,-0.3419500000000113,98.495815
Latin America And Caribbean (Wb),WB_LAC,2021,94.49382,98.37138,98.72587,Asia,12687083.0,-0.3544899999999984,98.548625
Latin America And Caribbean (Wb),WB_LAC,2022,94.64692,98.43216,98.77126,Asia,12687083.0,-0.33910000000000196,98.60171
Latin America And Caribbean (Wb),WB_LAC,2023,94.79001,98.45885,98.80875,Asia,12687083.0,-0.3499000000000052,98.63380000000001
Latin America And The Caribbean (Sdg),WB_LAC,1990,84.4682,89.6204,92.22191,Asia,12687083.0,-2.6015099999999904,90.921155
Latin America And The Caribbean (Sdg),WB_LAC,1991,85.0667,90.36647,92.71183,Asia,12687083.0,-2.3453599999999994,91.53915
Latin America And The Caribbean (Sdg),WB_LAC,1992,85.66582,91.10981,93.19165,Asia,12687083.0,-2.0818399999999997,92.15073
Latin America And The Caribbean (Sdg),WB_LAC,1993,86.25516,91.85501,93.63171,Asia,12687083.0,-1.7767000000000053,92.74336
Latin America And The Caribbean (Sdg),WB_LAC,1994,86.83348,92.59595,94.06359,Asia,12687083.0,-1.467640000000003,93.32977
Latin America And The Caribbean (Sdg),WB_LAC,1995,87.40642,93.34091,94.48679,Asia,12687083.0,-1.1458800000000053,93.91385
Latin America And The Caribbean (Sdg),WB_LAC,1996,87.77931,93.67088,94.78797,Asia,12687083.0,-1.1170900000000046,94.22942499999999
Latin America And The Caribbean (Sdg),WB_LAC,1997,88.04464,93.85525,94.84751,Asia,12687083.0,-0.9922600000000017,94.35138
Latin America And The Caribbean (Sdg),WB_LAC,1998,88.3992,94.11908,95.06861,Asia,12687083.0,-0.94953000000001,94.593845
Latin America And The Caribbean (Sdg),WB_LAC,1999,88.71671,94.31367,95.30886,Asia,12687083.0,-0.9951899999999938,94.81126499999999
Latin America And The Caribbean (Sdg),WB_LAC,2000,89.01682,94.50005,95.52896,Asia,12687083.0,-1.0289099999999962,95.014505
Latin America And The Caribbean (Sdg),WB_LAC,2001,89.17591,94.66923,95.67052,Asia,12687083.0,-1.0012899999999973,95.16987499999999
Latin America And The Caribbean (Sdg),WB_LAC,2002,89.44321,95.1266,96.00821,Asia,12687083.0,-0.8816100000000091,95.56740500000001
Latin America And The Caribbean (Sdg),WB_LAC,2003,90.09602,95.97111,96.67193,Asia,12687083.0,-0.7008200000000073,96.32151999999999
Latin America And The Caribbean (Sdg),WB_LAC,2004,90.37239,96.02994,96.85745,Asia,12687083.0,-0.8275100000000037,96.44369499999999
Latin America And The Caribbean (Sdg),WB_LAC,2005,90.33953,96.22213,97.04141,Asia,12687083.0,-0.819279999999992,96.63177
Latin America And The Caribbean (Sdg),WB_LAC,2006,90.54242,96.45869,97.01123,Asia,12687083.0,-0.5525399999999934,96.73496
Latin America And The Caribbean (Sdg),WB_LAC,2007,91.39071,96.67877,97.20547,Asia,12687083.0,-0.5267000000000053,96.94212
Latin America And The Caribbean (Sdg),WB_LAC,2008,91.68941,96.89334,97.37639,Asia,12687083.0,-0.48305000000000575,97.13486499999999
Latin America And The Caribbean (Sdg),WB_LAC,2009,91.86474,97.12295,97.56851,Asia,12687083.0,-0.4455600000000004,97.34573
Latin America And The Caribbean (Sdg),WB_LAC,2010,91.78525,96.99604,97.63178,Asia,12687083.0,-0.6357400000000126,97.31390999999999
Latin America And The Caribbean (Sdg),WB_LAC,2011,92.49063,97.4581,98.02361,Asia,12687083.0,-0.5655100000000033,97.74085500000001
Latin America And The Caribbean (Sdg),WB_LAC,2012,92.79953,97.65631,98.15077,Asia,12687083.0,-0.49445999999998946,97.90353999999999
Latin America And The Caribbean (Sdg),WB_LAC,2013,92.78411,97.62372,98.11869,Asia,12687083.0,-0.494969999999995,97.871205
Latin America And The Caribbean (Sdg),WB_LAC,2014,93.28208,97.99299,98.40585,Asia,12687083.0,-0.4128599999999949,98.19942
Latin America And The Caribbean (Sdg),WB_LAC,2015,93.42689,98.05344,98.47674,Asia,12687083.0,-0.4233000000000118,98.26509
Latin America And The Caribbean (Sdg),WB_LAC,2016,93.86834,98.18215,98.59892,Asia,12687083.0,-0.41677000000001385,98.390535
Latin America And The Caribbean (Sdg),WB_LAC,2017,93.89949,98.19944,98.55821,Asia,12687083.0,-0.3587700000000069,98.378825
Latin America And The Caribbean (Sdg),WB_LAC,2018,94.08592,98.28611,98.63194,Asia,12687083.0,-0.3458300000000065,98.459025
Latin America And The Caribbean (Sdg),WB_LAC,2019,94.25568,98.33217,98.67043,Asia,12687083.0,-0.3382599999999911,98.5013
Latin America And The Caribbean (Sdg),WB_LAC,2020,94.31331,98.32483,98.66678,Asia,12687083.0,-0.3419499999999971,98.495805
Latin America And The Caribbean (Sdg),WB_LAC,2021,94.49382,98.37138,98.72585,Asia,12687083.0,-0.35446999999999207,98.548615
Latin America And The Caribbean (Sdg),WB_LAC,2022,94.64692,98.43215,98.77125,Asia,12687083.0,-0.33910000000000196,98.6017
Latin America And The Caribbean (Sdg),WB_LAC,2023,94.79,98.45884,98.80874,Asia,12687083.0,-0.3499000000000052,98.63379
Latvia,LVA,2000,100.0,100.0,100.0,Europe,2368320.0,0.0,100.0
Latvia,LVA,2011,100.0,100.0,100.0,Europe,2059940.0,0.0,100.0
Lebanon,LBN,2007,90.0,98.0,99.0,Asia,4844119.0,-1.0,98.5
Lebanon,LBN,2009,91.0,99.0,99.0,Asia,4992295.0,0.0,99.0
Lebanon,LBN,2018,93.0,98.0,96.0,Asia,5984120.0,2.0,97.0
Lesotho,LSO,2000,86.0,85.0,97.0,Africa,2003919.0,-12.0,91.0
Lesotho,LSO,2006,66.0,66.0,85.0,Africa,1945066.0,-19.0,75.5
Lesotho,LSO,2016,97.0,97.0,100.0,Africa,2130424.0,-3.0,98.5
Lesotho,LSO,2018,86.24087,92.35318,98.26914,Africa,2183611.0,-5.915959999999998,95.31116
Lithuania,LTU,2001,100.0,100.0,100.0,Europe,3473008.0,0.0,100.0
Lithuania,LTU,2011,100.0,100.0,100.0,Europe,3028642.0,0.0,100.0
Low-Income Countries,OWID_LIC,1990,47.39165,67.07243,49.3418,Asia,292663595.0,17.730629999999998,58.207115
Low-Income Countries,OWID_LIC,1991,47.6823,66.51073,49.06629,Asia,300360059.0,17.444439999999993,57.78851
Low-Income Countries,OWID_LIC,1992,47.82185,65.81742,48.62732,Asia,309369865.0,17.1901,57.22237
Low-Income Countries,OWID_LIC,1993,48.03085,65.46683,48.67551,Asia,319277771.0,16.79132,57.07117
Low-Income Countries,OWID_LIC,1994,48.31109,65.2399,48.86828,Asia,328801392.0,16.371620000000007,57.05409
Low-Income Countries,OWID_LIC,1995,48.676,65.38342,49.07685,Asia,338406194.0,16.30657,57.230135000000004
Low-Income Countries,OWID_LIC,1996,49.04267,65.14389,49.51929,Asia,348513467.0,15.624600000000001,57.33159
Low-Income Countries,OWID_LIC,1997,49.73331,65.1523,50.22734,Asia,358535391.0,14.924959999999999,57.68982
Low-Income Countries,OWID_LIC,1998,50.43019,65.44507,50.86919,Asia,368772687.0,14.575879999999998,58.15713
Low-Income Countries,OWID_LIC,1999,50.97881,65.61281,51.3748,Asia,379366090.0,14.238009999999996,58.493804999999995
Low-Income Countries,OWID_LIC,2000,51.39866,65.38389,52.02636,Asia,389723485.0,13.357529999999997,58.705124999999995
Low-Income Countries,OWID_LIC,2001,52.04716,65.59562,52.93063,Asia,400384099.0,12.664989999999996,59.263125
Low-Income Countries,OWID_LIC,2002,52.7164,69.68612,53.16253,Asia,412284807.0,16.523590000000006,61.424324999999996
Low-Income Countries,OWID_LIC,2003,53.11349,69.71195,53.98688,Asia,424679097.0,15.725070000000002,61.849415
Low-Income Countries,OWID_LIC,2004,53.58198,70.33244,54.67853,Asia,436967699.0,15.653910000000003,62.50548500000001
Low-Income Countries,OWID_LIC,2005,53.99721,70.52606,55.26611,Asia,449724246.0,15.259950000000003,62.896085
Low-Income Countries,OWID_LIC,2006,52.1799,69.59228,53.09764,Asia,463303557.0,16.494640000000004,61.34496
Low-Income Countries,OWID_LIC,2007,53.41816,70.68146,55.32036,Asia,477111736.0,15.3611,63.000910000000005
Low-Income Countries,OWID_LIC,2008,54.31401,71.80143,56.8147,Asia,490973774.0,14.986729999999994,64.308065
Low-Income Countries,OWID_LIC,2009,54.82347,72.47431,57.81614,Asia,505164159.0,14.658170000000005,65.145225
Low-Income Countries,OWID_LIC,2010,55.31973,72.70415,59.04808,Asia,519647365.0,13.65607,65.876115
Low-Income Countries,OWID_LIC,2011,57.35872,74.51943,62.78945,Asia,534392915.0,11.729979999999998,68.65444
Low-Income Countries,OWID_LIC,2012,57.80881,75.36368,63.71834,Asia,549004721.0,11.645340000000004,69.54101
Low-Income Countries,OWID_LIC,2013,58.65501,76.16065,65.1674,Asia,563040135.0,10.993250000000003,70.66402500000001
Low-Income Countries,OWID_LIC,2014,59.07083,76.44838,65.83823,Asia,577051647.0,10.610150000000004,71.143305
Low-Income Countries,OWID_LIC,2015,59.74246,76.84152,67.00946,Asia,591583770.0,9.832059999999998,71.92549
Low-Income Countries,OWID_LIC,2016,60.4267,77.04158,68.24464,Asia,607210136.0,8.796939999999992,72.64311000000001
Low-Income Countries,OWID_LIC,2017,61.48362,77.66572,69.65888,Asia,623824285.0,8.006839999999997,73.66229999999999
Low-Income Countries,OWID_LIC,2018,61.45404,77.19465,69.14331,Asia,641385698.0,8.051339999999996,73.16898
Low-Income Countries,OWID_LIC,2019,61.52847,77.0154,69.56879,Asia,659875267.0,7.446609999999993,73.292095
Low-Income Countries,OWID_LIC,2020,61.69004,77.10644,69.91852,Asia,678679145.0,7.187920000000005,73.51248000000001
Low-Income Countries,OWID_LIC,2021,62.18141,77.44955,70.70328,Asia,697273071.0,6.7462699999999955,74.076415
Low-Income Countries,OWID_LIC,2022,62.63246,77.73687,71.45326,Asia,715844683.0,6.283609999999996,74.595065
Low-Income Countries,OWID_LIC,2023,63.03853,77.95494,72.08086,Asia,735385966.0,5.874079999999992,75.0179
Lower-Middle-Income Countries,OWID_LMC,1990,52.8069,73.60304,55.96173,Asia,1711864220.0,17.64130999999999,64.782385
Lower-Middle-Income Countries,OWID_LMC,1991,53.51564,74.23516,57.30085,Asia,1752608523.0,16.934309999999996,65.76800499999999
Lower-Middle-Income Countries,OWID_LMC,1992,54.40485,75.3428,58.55427,Asia,1793067376.0,16.788529999999994,66.94853499999999
Lower-Middle-Income Countries,OWID_LMC,1993,55.26998,76.36027,59.53925,Asia,1833937911.0,16.821019999999997,67.94976
Lower-Middle-Income Countries,OWID_LMC,1994,56.08274,77.01993,60.99908,Asia,1874934474.0,16.020850000000003,69.009505
Lower-Middle-Income Countries,OWID_LMC,1995,56.85776,77.54648,62.32745,Asia,1916258972.0,15.219030000000004,69.936965
Lower-Middle-Income Countries,OWID_LMC,1996,57.63437,78.18687,63.6672,Asia,1957849353.0,14.519669999999998,70.927035
Lower-Middle-Income Countries,OWID_LMC,1997,58.41293,78.73385,64.86258,Asia,1999733954.0,13.87127000000001,71.798215
Lower-Middle-Income Countries,OWID_LMC,1998,61.84885,81.56189,66.68379,Asia,2042077792.0,14.878100000000003,74.12284
Lower-Middle-Income Countries,OWID_LMC,1999,62.59148,82.18743,68.19439,Asia,2084331968.0,13.993040000000008,75.19091
Lower-Middle-Income Countries,OWID_LMC,2000,62.80231,82.35816,68.52399,Asia,2126916405.0,13.83417,75.441075
Lower-Middle-Income Countries,OWID_LMC,2001,63.52992,82.72581,69.86881,Asia,2169845903.0,12.857,76.29731
Lower-Middle-Income Countries,OWID_LMC,2002,64.24833,83.10958,71.17077,Asia,2211922405.0,11.93880999999999,77.140175
Lower-Middle-Income Countries,OWID_LMC,2003,65.29472,84.08785,72.1694,Asia,2253565571.0,11.918450000000007,78.128625
Lower-Middle-Income Countries,OWID_LMC,2004,65.99687,84.42356,73.45158,Asia,2295613093.0,10.971979999999988,78.93757
Lower-Middle-Income Countries,OWID_LMC,2005,65.78602,85.40766,73.48987,Asia,2337232229.0,11.91779000000001,79.44876500000001
Lower-Middle-Income Countries,OWID_LMC,2006,65.76852,84.59039,74.40537,Asia,2379086325.0,10.185019999999994,79.49788000000001
Lower-Middle-Income Countries,OWID_LMC,2007,66.29194,84.82232,75.41736,Asia,2421832593.0,9.404960000000003,80.11984000000001
Lower-Middle-Income Countries,OWID_LMC,2008,66.94372,85.33198,76.5123,Asia,2464297892.0,8.819680000000005,80.92214
Lower-Middle-Income Countries,OWID_LMC,2009,67.63524,85.69521,77.57317,Asia,2507036280.0,8.122039999999998,81.63419
Lower-Middle-Income Countries,OWID_LMC,2010,69.50833,86.90514,78.85166,Asia,2550520230.0,8.053480000000008,82.8784
Lower-Middle-Income Countries,OWID_LMC,2011,69.80986,86.92319,79.65332,Asia,2594096178.0,7.269870000000012,83.28825499999999
Lower-Middle-Income Countries,OWID_LMC,2012,70.25576,87.54859,80.83657,Asia,2637381315.0,6.71202000000001,84.19257999999999
Lower-Middle-Income Countries,OWID_LMC,2013,71.1596,88.4973,82.33047,Asia,2680848784.0,6.16682999999999,85.413885
Lower-Middle-Income Countries,OWID_LMC,2014,71.89687,88.8433,83.46157,Asia,2724066420.0,5.381730000000005,86.152435
Lower-Middle-Income Countries,OWID_LMC,2015,72.98467,89.40439,84.5999,Asia,2765984952.0,4.804490000000001,87.00214500000001
Lower-Middle-Income Countries,OWID_LMC,2016,73.734,89.7792,85.41834,Asia,2807490854.0,4.360860000000002,87.59877
Lower-Middle-Income Countries,OWID_LMC,2017,74.26711,90.19085,85.98297,Asia,2848767185.0,4.207880000000003,88.08690999999999
Lower-Middle-Income Countries,OWID_LMC,2018,75.07314,90.54972,86.56847,Asia,2889324239.0,3.9812499999999886,88.559095
Lower-Middle-Income Countries,OWID_LMC,2019,75.24551,92.6157,88.42201,Asia,2929401303.0,4.193690000000004,90.518855
Lower-Middle-Income Countries,OWID_LMC,2020,75.8803,92.83811,88.91847,Asia,2969245757.0,3.919640000000001,90.87828999999999
Lower-Middle-Income Countries,OWID_LMC,2021,76.48823,93.04316,89.37158,Asia,3007019418.0,3.671580000000006,91.20737
Lower-Middle-Income Countries,OWID_LMC,2022,77.08264,93.21588,89.82658,Asia,3044254723.0,3.3892999999999915,91.52123
Lower-Middle-Income Countries,OWID_LMC,2023,77.63182,93.37012,90.20733,Asia,3083154885.0,3.162790000000001,91.788725
Macao,MAC,2001,91.0,99.0,100.0,Asia,445121.0,-1.0,99.5
Macao,MAC,2006,93.0,100.0,100.0,Asia,508752.0,0.0,100.0
Macao,MAC,2011,96.0,100.0,100.0,Asia,575644.0,0.0,100.0
Macao,MAC,2016,97.0,100.0,100.0,Asia,634317.0,0.0,100.0
Madagascar,MDG,2000,71.0,73.0,68.0,Africa,16516336.0,5.0,70.5
Madagascar,MDG,2005,59.0,59.0,56.0,Africa,19159711.0,3.0,57.5
Madagascar,MDG,2012,72.0,78.0,75.0,Africa,23462444.0,3.0,76.5
Madagascar,MDG,2018,77.0,81.0,79.0,Africa,27494930.0,2.0,80.0
Madagascar,MDG,2021,74.68614,82.52617,82.23735,Africa,29691087.0,0.288819999999987,82.38176
Malawi,MWI,1998,64.0,82.0,71.0,Africa,10792877.0,11.0,76.5
Malawi,MWI,2020,70.15227,81.30133,80.14176,Africa,19533885.0,1.159569999999988,80.72154499999999
Malaysia,MYS,1991,83.0,96.0,95.0,Asia,18342474.0,1.0,95.5
Malaysia,MYS,2000,89.0,97.0,97.0,Asia,22967817.0,0.0,97.0
Malaysia,MYS,2010,93.0,98.0,98.0,Asia,28655772.0,0.0,98.0
Malaysia,MYS,2016,95.0,97.0,98.0,Asia,31789692.0,-1.0,97.5
Malaysia,MYS,2017,95.0,97.0,97.0,Asia,32355642.0,0.0,97.0
Malaysia,MYS,2018,95.0,97.0,97.0,Asia,32910963.0,0.0,97.0
Malaysia,MYS,2019,95.0,97.0,97.0,Asia,33440590.0,0.0,97.0
Malaysia,MYS,2022,96.0,99.0,98.0,Asia,34695494.0,1.0,98.5
Maldives,MDV,1990,96.0,98.0,98.0,Asia,224772.0,0.0,98.0
Maldives,MDV,1995,96.0,98.0,98.0,Asia,256660.0,0.0,98.0
Maldives,MDV,2000,96.0,98.0,98.0,Asia,282025.0,0.0,98.0
Maldives,MDV,2006,98.0,99.0,99.0,Asia,313866.0,0.0,99.0
Maldives,MDV,2014,99.0,99.0,99.0,Asia,413623.0,0.0,99.0
Maldives,MDV,2016,98.0,98.0,99.0,Asia,443316.0,-1.0,98.5
Maldives,MDV,2017,94.50551,97.31116,99.67299,Asia,458297.0,-2.3618299999999977,98.492075
Maldives,MDV,2019,98.21186,98.62147,98.86908,Asia,487737.0,-0.24760999999999456,98.74527499999999
Mali,MLI,1998,19.0,32.0,17.0,Africa,10919577.0,15.0,24.5
Mali,MLI,2003,24.0,94.0,92.0,Asia,12684951.0,2.0,93.0
Mali,MLI,2006,26.0,47.0,31.0,Africa,13990143.0,16.0,39.0
Mali,MLI,2010,31.0,56.0,34.0,Africa,15945201.0,22.0,45.0
Mali,MLI,2011,31.0,56.0,30.0,Africa,16469054.0,26.0,43.0
Mali,MLI,2015,33.0,61.0,39.0,Africa,18593022.0,22.0,50.0
Mali,MLI,2018,35.0,58.0,43.0,Africa,20442031.0,15.0,50.5
Malta,MLT,1995,88.0,94.0,98.0,Europe,384559.0,-4.0,96.0
Malta,MLT,2005,92.0,97.0,99.0,Europe,413324.0,-2.0,98.0
Malta,MLT,2011,93.0,98.0,99.0,Europe,424635.0,-1.0,98.5
Marshall Islands,MHL,2011,98.0,98.0,99.0,Oceania,51927.0,-1.0,98.5
Mauritania,MRT,2000,51.0,68.0,55.0,Africa,2613450.0,13.0,61.5
Mauritania,MRT,2013,62.0,74.0,68.0,Africa,3734324.0,6.0,71.0
Mauritania,MRT,2015,65.11202,86.73236,75.69968,Africa,3965959.0,11.03268,81.21602
Mauritania,MRT,2020,59.52966,75.25897,66.98027,Africa,4600136.0,8.2787,71.11962
Mauritius,MUS,1990,80.0,91.0,92.0,Africa,1089033.0,-1.0,91.5
Mauritius,MUS,2000,84.0,94.0,95.0,Africa,1216632.0,-1.0,94.5
Mauritius,MUS,2011,89.0,98.0,99.0,Africa,1286270.0,-1.0,98.5
Mauritius,MUS,2012,92.0,94.0,92.0,Asia,1289174.0,2.0,93.0
Mauritius,MUS,2013,91.0,94.0,92.0,Asia,1290988.0,2.0,93.0
Mauritius,MUS,2014,92.0,94.0,92.0,Asia,1292006.0,2.0,93.0
Mauritius,MUS,2015,93.0,94.0,92.0,Asia,1292283.0,2.0,93.0
Mauritius,MUS,2016,93.0,94.0,92.0,Asia,1291807.0,2.0,93.0
Mexico,MEX,1990,88.0,96.0,95.0,North America,82820170.0,1.0,95.5
Mexico,MEX,2000,91.0,97.2,97.4,North America,98625553.0,-0.20000000000000284,97.30000000000001
Mexico,MEX,2002,90.0,97.8,97.2,North America,101548627.0,0.5999999999999943,97.5
Mexico,MEX,2004,91.0,97.1,97.5,North America,104394131.0,-0.4000000000000057,97.3
Mexico,MEX,2005,92.0,98.0,98.0,North America,105811504.0,0.0,98.0
Mexico,MEX,2006,92.0,98.1,97.7,North America,107253666.0,0.3999999999999915,97.9
Mexico,MEX,2007,93.0,98.0,98.0,North America,108774356.0,0.0,98.0
Mexico,MEX,2008,93.0,98.2,98.3,North America,110374286.0,-0.09999999999999432,98.25
Mexico,MEX,2009,93.0,99.0,98.0,North America,111999720.0,1.0,98.5
Mexico,MEX,2010,93.0,98.2,98.6,North America,113623898.0,-0.3999999999999915,98.4
Mexico,MEX,2011,94.0,98.0,99.0,North America,115243503.0,-1.0,98.5
Mexico,MEX,2012,94.0,98.6,98.9,North America,116818208.0,-0.30000000000001137,98.75
Mexico,MEX,2013,94.0,99.0,99.0,North America,118343572.0,0.0,99.0
Mexico,MEX,2014,95.0,98.4,98.9,North America,119784265.0,-0.5,98.65
Mexico,MEX,2015,94.0,99.0,99.0,North America,121072310.0,0.0,99.0
Mexico,MEX,2016,95.0,98.5,98.7,North America,122251344.0,-0.20000000000000284,98.6
Mexico,MEX,2017,95.0,99.0,99.0,North America,123400052.0,0.0,99.0
Mexico,MEX,2018,95.0,98.4,98.8,North America,124573713.0,-0.3999999999999915,98.6
Mexico,MEX,2020,95.0,98.8,99.1,North America,126799053.0,-0.29999999999999716,98.94999999999999
Middle East And North Africa (Wb),WB_LAC,1990,58.23571,85.08913,68.98918,Asia,12687083.0,16.099949999999993,77.039155
Middle East And North Africa (Wb),WB_LAC,1991,59.42651,86.2941,70.65865,Asia,12687083.0,15.635450000000006,78.47637499999999
Middle East And North Africa (Wb),WB_LAC,1992,60.52205,86.98366,72.12407,Asia,12687083.0,14.859589999999997,79.553865
Middle East And North Africa (Wb),WB_LAC,1993,61.38714,87.18237,71.6707,Asia,12687083.0,15.51167000000001,79.426535
Middle East And North Africa (Wb),WB_LAC,1994,62.34871,87.6795,72.96099,Asia,12687083.0,14.718510000000009,80.320245
Middle East And North Africa (Wb),WB_LAC,1995,63.82514,88.37237,74.85748,Asia,12687083.0,13.514890000000008,81.614925
Middle East And North Africa (Wb),WB_LAC,1996,64.96068,88.87634,76.20496,Asia,12687083.0,12.67138,82.54065
Middle East And North Africa (Wb),WB_LAC,1997,66.06362,89.3345,77.50701,Asia,12687083.0,11.827490000000012,83.420755
Middle East And North Africa (Wb),WB_LAC,1998,67.26733,89.66076,78.6955,Asia,12687083.0,10.96526,84.17813
Middle East And North Africa (Wb),WB_LAC,1999,68.36744,90.00801,79.90238,Asia,12687083.0,10.105630000000005,84.955195
Middle East And North Africa (Wb),WB_LAC,2000,69.40159,90.32751,80.99898,Asia,12687083.0,9.32853,85.663245
Middle East And North Africa (Wb),WB_LAC,2001,70.53242,90.79612,82.14067,Asia,12687083.0,8.655450000000002,86.468395
Middle East And North Africa (Wb),WB_LAC,2002,71.56456,91.14309,83.16963,Asia,12687083.0,7.973460000000003,87.15636
Middle East And North Africa (Wb),WB_LAC,2003,74.12706,92.80639,83.72966,Asia,12687083.0,9.076729999999998,88.268025
Middle East And North Africa (Wb),WB_LAC,2004,74.96323,93.05454,84.65085,Asia,12687083.0,8.403689999999997,88.85269500000001
Middle East And North Africa (Wb),WB_LAC,2005,75.57109,93.20441,85.25057,Asia,12687083.0,7.95384,89.22748999999999
Middle East And North Africa (Wb),WB_LAC,2006,74.59212,92.64047,86.09961,Asia,12687083.0,6.540859999999995,89.37003999999999
Middle East And North Africa (Wb),WB_LAC,2007,75.36998,93.14143,86.97756,Asia,12687083.0,6.163870000000003,90.059495
Middle East And North Africa (Wb),WB_LAC,2008,77.08521,93.9046,88.15434,Asia,12687083.0,5.750259999999997,91.02947
Middle East And North Africa (Wb),WB_LAC,2009,76.01827,91.90152,85.37437,Asia,12687083.0,6.527150000000006,88.637945
Middle East And North Africa (Wb),WB_LAC,2010,76.60938,92.09109,85.75135,Asia,12687083.0,6.339739999999992,88.92122
Middle East And North Africa (Wb),WB_LAC,2011,77.32386,92.40269,85.80755,Asia,12687083.0,6.595140000000001,89.10512
Middle East And North Africa (Wb),WB_LAC,2012,77.99774,92.95354,86.87201,Asia,12687083.0,6.081530000000001,89.91277500000001
Middle East And North Africa (Wb),WB_LAC,2013,78.60817,93.12824,87.79656,Asia,12687083.0,5.331680000000006,90.4624
Middle East And North Africa (Wb),WB_LAC,2014,78.98551,93.1035,88.02022,Asia,12687083.0,5.083280000000002,90.56186
Middle East And North Africa (Wb),WB_LAC,2015,79.63974,93.10533,88.29764,Asia,12687083.0,4.807689999999994,90.70148499999999
Middle East And North Africa (Wb),WB_LAC,2016,78.47635,91.75193,86.80402,Asia,12687083.0,4.947910000000007,89.277975
Middle East And North Africa (Wb),WB_LAC,2017,78.92874,91.8816,87.18054,Asia,12687083.0,4.7010600000000125,89.53107
Middle East And North Africa (Wb),WB_LAC,2018,79.25672,91.98373,87.47592,Asia,12687083.0,4.507809999999992,89.729825
Middle East And North Africa (Wb),WB_LAC,2019,79.55386,92.13213,87.80644,Asia,12687083.0,4.325690000000009,89.969285
Middle East And North Africa (Wb),WB_LAC,2020,79.89577,92.31631,88.12337,Asia,12687083.0,4.192940000000007,90.21984
Middle East And North Africa (Wb),WB_LAC,2021,80.30119,92.55002,88.45477,Asia,12687083.0,4.095250000000007,90.502395
Middle East And North Africa (Wb),WB_LAC,2022,80.6111,92.67047,88.69928,Asia,12687083.0,3.971189999999993,90.684875
Middle East And North Africa (Wb),WB_LAC,2023,80.94914,92.76265,88.89105,Asia,12687083.0,3.8715999999999866,90.82685000000001
Middle-Income Countries,WB_LAC,1990,70.69976,86.49629,77.18838,Asia,12687083.0,9.307910000000007,81.84233499999999
Middle-Income Countries,WB_LAC,1991,71.22915,86.7337,77.76612,Asia,12687083.0,8.967579999999998,82.24991
Middle-Income Countries,WB_LAC,1992,71.83592,87.15431,78.27636,Asia,12687083.0,8.877949999999998,82.715335
Middle-Income Countries,WB_LAC,1993,72.41556,87.55365,78.67757,Asia,12687083.0,8.876080000000002,83.11561
Middle-Income Countries,WB_LAC,1994,72.96025,87.75785,79.23101,Asia,12687083.0,8.526840000000007,83.49443
Middle-Income Countries,WB_LAC,1995,73.51708,87.93865,79.80355,Asia,12687083.0,8.135099999999994,83.8711
Middle-Income Countries,WB_LAC,1996,74.0451,88.12213,80.34395,Asia,12687083.0,7.778179999999992,84.23304
Middle-Income Countries,WB_LAC,1997,76.71142,88.77795,81.90885,Asia,12687083.0,6.869100000000003,85.3434
Middle-Income Countries,WB_LAC,1998,78.29854,90.0512,82.65903,Asia,12687083.0,7.392169999999993,86.355115
Middle-Income Countries,WB_LAC,1999,78.73321,90.28239,83.27791,Asia,12687083.0,7.004480000000001,86.78015
Middle-Income Countries,WB_LAC,2000,78.97723,90.33717,83.34249,Asia,12687083.0,6.9946800000000025,86.83983
Middle-Income Countries,WB_LAC,2001,79.38092,90.51095,83.98695,Asia,12687083.0,6.524000000000001,87.24895
Middle-Income Countries,WB_LAC,2002,79.81483,90.74979,84.67358,Asia,12687083.0,6.076210000000003,87.711685
Middle-Income Countries,WB_LAC,2003,80.44843,91.35642,85.30474,Asia,12687083.0,6.051680000000005,88.33058
Middle-Income Countries,WB_LAC,2004,80.87951,91.55407,85.99099,Asia,12687083.0,5.563079999999999,88.77252999999999
Middle-Income Countries,WB_LAC,2005,80.87994,92.06743,86.04476,Asia,12687083.0,6.022670000000005,89.056095
Middle-Income Countries,WB_LAC,2006,80.98057,91.59686,86.39862,Asia,12687083.0,5.198240000000013,88.99774
Middle-Income Countries,WB_LAC,2007,81.68252,91.74972,86.94045,Asia,12687083.0,4.809269999999998,89.345085
Middle-Income Countries,WB_LAC,2008,82.1301,92.10284,87.56419,Asia,12687083.0,4.538650000000004,89.833515
Middle-Income Countries,WB_LAC,2009,82.41629,92.06343,87.81871,Asia,12687083.0,4.244720000000001,89.94107
Middle-Income Countries,WB_LAC,2010,83.27524,92.6045,88.37341,Asia,12687083.0,4.231089999999995,90.488955
Middle-Income Countries,WB_LAC,2011,83.41603,92.54603,88.65865,Asia,12687083.0,3.8873800000000074,90.60234
Middle-Income Countries,WB_LAC,2012,83.67213,92.80064,89.15755,Asia,12687083.0,3.643090000000001,90.979095
Middle-Income Countries,WB_LAC,2013,84.04509,93.1949,89.80436,Asia,12687083.0,3.3905400000000014,91.49963
Middle-Income Countries,WB_LAC,2014,84.49078,93.34903,90.32415,Asia,12687083.0,3.024879999999996,91.83659
Middle-Income Countries,WB_LAC,2015,84.97399,93.55546,90.80292,Asia,12687083.0,2.752539999999996,92.17919
Middle-Income Countries,WB_LAC,2016,85.37055,93.68402,91.14309,Asia,12687083.0,2.540930000000003,92.413555
Middle-Income Countries,WB_LAC,2017,85.5536,93.79107,91.32096,Asia,12687083.0,2.4701100000000054,92.556015
Middle-Income Countries,WB_LAC,2018,85.94582,93.95203,91.5865,Asia,12687083.0,2.3655299999999926,92.76926499999999
Middle-Income Countries,WB_LAC,2019,86.11558,95.14548,92.6448,Asia,12687083.0,2.5006800000000027,93.89514
Middle-Income Countries,WB_LAC,2020,86.40705,95.25028,92.89353,Asia,12687083.0,2.3567500000000052,94.071905
Middle-Income Countries,WB_LAC,2021,86.65189,95.33419,93.1186,Asia,12687083.0,2.215590000000006,94.226395
Middle-Income Countries,WB_LAC,2022,86.95844,95.42441,93.37184,Asia,12687083.0,2.0525699999999887,94.398125
Middle-Income Countries,WB_LAC,2023,87.22839,95.49074,93.56737,Asia,12687083.0,1.9233700000000056,94.529055
Moldova,MDA,2000,97.0,99.0,100.0,Europe,4234969.0,-1.0,99.5
Moldova,MDA,2014,99.0,100.0,100.0,Europe,3342715.0,0.0,100.0
Mongolia,MNG,2000,98.0,97.0,98.0,Asia,2455182.0,-1.0,97.5
Mongolia,MNG,2010,98.0,98.0,99.0,Asia,2701739.0,-1.0,98.5
Mongolia,MNG,2018,96.89635,99.6363,99.42351,Asia,3167714.0,0.21279000000001247,99.529905
Mongolia,MNG,2020,99.0,99.0,99.0,Asia,3290786.0,0.0,99.0
Mongolia,MNG,2022,98.72622,99.61688,99.77098,Asia,3386015.0,-0.15409999999999968,99.69393
Montenegro,MNE,1991,93.0,99.0,99.0,Europe,12687083.0,0.0,99.0
Montenegro,MNE,2003,98.0,99.0,99.0,Europe,633563.0,0.0,99.0
Montenegro,MNE,2011,98.0,99.0,99.0,Europe,632689.0,0.0,99.0
Montenegro,MNE,2018,98.5344,96.23099,98.95459,Europe,615798.0,-2.7235999999999905,97.59279000000001
Morocco,MAR,1994,42.0,71.0,46.0,Africa,26000824.0,25.0,58.5
Morocco,MAR,2004,52.0,81.0,60.0,Africa,29953021.0,21.0,70.5
Morocco,MAR,2008,55.0,86.0,70.0,Africa,31606769.0,16.0,78.0
Morocco,MAR,2009,56.0,87.0,72.0,Africa,32030779.0,15.0,79.5
Morocco,MAR,2011,67.0,89.0,74.0,Africa,32912585.0,15.0,81.5
Morocco,MAR,2012,69.0,94.0,88.0,Africa,33355246.0,6.0,91.0
Morocco,MAR,2014,76.0,94.0,92.0,Asia,34204784.0,2.0,93.0
Mozambique,MOZ,1997,39.0,59.0,37.0,Africa,16949988.0,22.0,48.0
Mozambique,MOZ,2003,48.0,74.0,50.0,Africa,19392477.0,24.0,62.0
Mozambique,MOZ,2009,51.0,80.0,57.0,Africa,22391751.0,23.0,68.5
Mozambique,MOZ,2015,56.0,79.0,63.0,Africa,26547576.0,16.0,71.0
Mozambique,MOZ,2017,61.0,77.0,65.0,Africa,28166397.0,12.0,71.0
Mozambique,MOZ,2020,60.0,76.0,65.0,Africa,30783685.0,11.0,70.5
Myanmar,MMR,2000,90.0,96.0,93.0,Asia,45290850.0,3.0,94.5
Myanmar,MMR,2014,90.0,94.0,94.0,Asia,50681635.0,0.0,94.0
Myanmar,MMR,2019,89.0,95.0,96.0,Asia,52640718.0,-1.0,95.5
Namibia,NAM,1991,76.0,86.0,90.0,Africa,1415689.0,-4.0,88.0
Namibia,NAM,2001,85.0,91.0,94.0,Africa,1857059.0,-3.0,92.5
Namibia,NAM,2011,88.0,93.0,95.0,Africa,2146331.0,-2.0,94.0
Nauru,NRU,2023,96.58654,94.0,92.0,Asia,11900.0,2.0,93.0
Nepal,NPL,1991,33.0,68.0,33.0,Asia,20036507.0,35.0,50.5
Nepal,NPL,2001,49.0,81.0,60.0,Asia,24946755.0,21.0,70.5
Nepal,NPL,2011,60.0,90.0,80.0,Asia,27464499.0,10.0,85.0
Nepal,NPL,2016,65.50101,94.43616,84.58498,Asia,27955471.0,9.85118,89.51057
Nepal,NPL,2019,68.7125,96.80686,92.07302,Asia,28414066.0,4.733840000000001,94.43994
New Caledonia,NCL,1996,96.0,99.0,99.0,Oceania,12687083.0,0.0,99.0
Nicaragua,NIC,2001,77.0,85.3,89.4,North America,5087827.0,-4.1000000000000085,87.35
Nicaragua,NIC,2005,78.0,89.4,92.7,North America,5342108.0,-3.299999999999997,91.05000000000001
Niger,NER,2001,14.0,26.0,14.0,Africa,11920648.0,12.0,20.0
Niger,NER,2005,29.0,52.0,23.0,Africa,13756192.0,29.0,37.5
Niger,NER,2012,31.0,49.0,32.0,Africa,17836770.0,17.0,40.5
Niger,NER,2018,33.04745,56.88975,36.36699,Africa,22188074.0,20.522759999999998,46.628370000000004
Niger,NER,2022,35.60971,63.96316,44.7403,Africa,25311978.0,19.222860000000004,54.35173
Nigeria,NGA,1991,55.0,81.0,62.0,Africa,99720161.0,19.0,71.5
Nigeria,NGA,2003,55.0,78.0,61.0,Africa,137202646.0,17.0,69.5
Nigeria,NGA,2006,70.0,83.0,75.0,Africa,149077335.0,8.0,79.0
Nigeria,NGA,2016,58.22134,78.43424,67.12351,Africa,195443698.0,11.310730000000007,72.778875
Nigeria,NGA,2021,63.15554,77.77638,69.04957,Africa,218529286.0,8.72681,73.412975
North America (Wb),WB_NA,2003,98.61992,99.62593,99.54726,Asia,12687083.0,0.07867000000000246,99.58659499999999
North America (Wb),WB_NA,2004,98.63156,99.62974,99.54986,Asia,12687083.0,0.07988000000000284,99.5898
North America (Wb),WB_NA,2005,98.64237,99.63311,99.55087,Asia,12687083.0,0.08223999999999876,99.59199000000001
North America (Wb),WB_NA,2006,98.65695,99.63755,99.55211,Asia,12687083.0,0.08544000000000551,99.59483
North America (Wb),WB_NA,2007,98.66643,99.63883,99.55438,Asia,12687083.0,0.08445000000000391,99.596605
North America (Wb),WB_NA,2008,98.68658,99.6403,99.55452,Asia,12687083.0,0.08577999999999975,99.59741
North America (Wb),WB_NA,2017,98.75348,99.6591,99.56526,Asia,12687083.0,0.09384000000000015,99.61218
North America (Wb),WB_NA,2018,98.75979,99.66024,99.56524,Asia,12687083.0,0.09499999999999886,99.61274
North America (Wb),WB_NA,2019,98.76517,99.66159,99.56584,Asia,12687083.0,0.09575000000000955,99.613715
North America (Wb),WB_NA,2020,98.77029,99.66034,99.56623,Asia,12687083.0,0.09411000000000058,99.613285
North America (Wb),WB_NA,2021,98.77717,99.66233,99.56689,Asia,12687083.0,0.09543999999999642,99.61461
North America (Wb),WB_NA,2022,98.77941,99.66295,99.567,Asia,12687083.0,0.09595000000000198,99.61497499999999
North Korea,PRK,2008,100.0,100.0,100.0,Asia,12687083.0,0.0,100.0
North Macedonia,MKD,1994,94.0,99.0,99.0,Europe,1992669.0,0.0,99.0
North Macedonia,MKD,2002,96.0,99.0,98.0,Europe,2074482.0,1.0,98.5
Northern Africa And Western Asia (Sdg),WB_LAC,1990,64.19637,86.77123,72.29262,Asia,12687083.0,14.478610000000003,79.531925
Northern Africa And Western Asia (Sdg),WB_LAC,1991,65.00349,87.62791,73.40488,Asia,12687083.0,14.223029999999994,80.516395
Northern Africa And Western Asia (Sdg),WB_LAC,1992,65.77178,88.09057,74.42594,Asia,12687083.0,13.664630000000002,81.25825499999999
Northern Africa And Western Asia (Sdg),WB_LAC,1993,66.33577,88.13447,73.79197,Asia,12687083.0,14.342499999999987,80.96322
Northern Africa And Western Asia (Sdg),WB_LAC,1994,67.05767,88.44629,74.7156,Asia,12687083.0,13.73069000000001,81.580945
Northern Africa And Western Asia (Sdg),WB_LAC,1995,67.79916,88.81908,75.68437,Asia,12687083.0,13.134709999999998,82.251725
Northern Africa And Western Asia (Sdg),WB_LAC,1996,68.66977,89.17943,76.75329,Asia,12687083.0,12.42613999999999,82.96636000000001
Northern Africa And Western Asia (Sdg),WB_LAC,1997,69.50703,89.49842,77.78434,Asia,12687083.0,11.714079999999996,83.64138
Northern Africa And Western Asia (Sdg),WB_LAC,1998,70.41439,89.68784,78.69692,Asia,12687083.0,10.990919999999988,84.19238
Northern Africa And Western Asia (Sdg),WB_LAC,1999,71.24101,89.90529,79.65437,Asia,12687083.0,10.250919999999994,84.77983
Northern Africa And Western Asia (Sdg),WB_LAC,2000,72.16486,90.36577,80.47546,Asia,12687083.0,9.89031,85.420615
Northern Africa And Western Asia (Sdg),WB_LAC,2001,73.03478,90.72356,81.42355,Asia,12687083.0,9.30001,86.073555
Northern Africa And Western Asia (Sdg),WB_LAC,2002,73.83571,90.98169,82.30246,Asia,12687083.0,8.679230000000004,86.642075
Northern Africa And Western Asia (Sdg),WB_LAC,2003,75.93867,92.36484,82.6261,Asia,12687083.0,9.738740000000007,87.49547
Northern Africa And Western Asia (Sdg),WB_LAC,2004,76.60167,92.53676,83.45652,Asia,12687083.0,9.080240000000003,87.99664
Northern Africa And Western Asia (Sdg),WB_LAC,2005,77.18137,92.72336,84.12263,Asia,12687083.0,8.600729999999999,88.422995
Northern Africa And Western Asia (Sdg),WB_LAC,2006,75.35314,90.81431,83.61319,Asia,12687083.0,7.201120000000003,87.21375
Northern Africa And Western Asia (Sdg),WB_LAC,2007,76.0082,91.32681,84.49342,Asia,12687083.0,6.833389999999994,87.91011499999999
Northern Africa And Western Asia (Sdg),WB_LAC,2008,76.72649,91.77027,85.2762,Asia,12687083.0,6.494069999999994,88.523235
Northern Africa And Western Asia (Sdg),WB_LAC,2009,76.07653,90.00552,83.06166,Asia,12687083.0,6.943860000000001,86.53359
Northern Africa And Western Asia (Sdg),WB_LAC,2010,76.8703,90.27802,83.64832,Asia,12687083.0,6.6297,86.96316999999999
Northern Africa And Western Asia (Sdg),WB_LAC,2011,78.47644,90.83069,84.23535,Asia,12687083.0,6.595340000000007,87.53302
Northern Africa And Western Asia (Sdg),WB_LAC,2012,79.18889,91.40776,85.4149,Asia,12687083.0,5.992859999999993,88.41132999999999
Northern Africa And Western Asia (Sdg),WB_LAC,2013,79.80632,91.66172,86.49718,Asia,12687083.0,5.164540000000002,89.07945000000001
Northern Africa And Western Asia (Sdg),WB_LAC,2014,80.18829,91.6782,86.83956,Asia,12687083.0,4.838639999999998,89.25888
Northern Africa And Western Asia (Sdg),WB_LAC,2015,80.74607,91.68989,87.19533,Asia,12687083.0,4.494560000000007,89.44261
Northern Africa And Western Asia (Sdg),WB_LAC,2016,79.70249,90.51795,86.01057,Asia,12687083.0,4.507379999999998,88.26426000000001
Northern Africa And Western Asia (Sdg),WB_LAC,2017,80.08974,90.6555,86.46706,Asia,12687083.0,4.18844,88.56128000000001
Northern Africa And Western Asia (Sdg),WB_LAC,2018,80.34868,90.74045,86.80387,Asia,12687083.0,3.936579999999992,88.77216
Northern Africa And Western Asia (Sdg),WB_LAC,2019,80.59253,90.84184,87.07572,Asia,12687083.0,3.766120000000001,88.95878
Northern Africa And Western Asia (Sdg),WB_LAC,2020,80.83071,90.97112,87.32796,Asia,12687083.0,3.6431599999999946,89.14954
Northern Africa And Western Asia (Sdg),WB_LAC,2021,81.11396,91.14234,87.58399,Asia,12687083.0,3.5583500000000043,89.36316500000001
Northern Africa And Western Asia (Sdg),WB_LAC,2022,81.32228,91.21332,87.76496,Asia,12687083.0,3.448359999999994,89.48913999999999
Northern Africa And Western Asia (Sdg),WB_LAC,2023,81.52536,91.25193,87.87527,Asia,12687083.0,3.376660000000001,89.56360000000001
Oceania (Excluding Australia And New Zealand) (Sdg),WB_LAC,1994,63.83721,77.99778,69.92531,Asia,12687083.0,8.07247000000001,73.961545
Oceania (Excluding Australia And New Zealand) (Sdg),WB_LAC,1995,63.73516,77.93086,69.80773,Asia,12687083.0,8.123129999999989,73.869295
Oceania (Excluding Australia And New Zealand) (Sdg),WB_LAC,1996,64.12549,77.80159,70.52277,Asia,12687083.0,7.27882000000001,74.16218
Oceania (Excluding Australia And New Zealand) (Sdg),WB_LAC,1997,64.51518,77.57193,71.17595,Asia,12687083.0,6.3959799999999944,74.37394
Oceania (Excluding Australia And New Zealand) (Sdg),WB_LAC,1998,64.89708,77.23113,71.75108,Asia,12687083.0,5.480049999999991,74.491105
Oceania (Excluding Australia And New Zealand) (Sdg),WB_LAC,1999,65.18096,76.60148,72.01319,Asia,12687083.0,4.588290000000001,74.307335
Oceania (Excluding Australia And New Zealand) (Sdg),WB_LAC,2000,65.35132,75.68379,71.95756,Asia,12687083.0,3.726230000000001,73.820675
Oceania (Excluding Australia And New Zealand) (Sdg),WB_LAC,2001,65.67382,75.20317,72.38272,Asia,12687083.0,2.820449999999994,73.792945
Oceania (Excluding Australia And New Zealand) (Sdg),WB_LAC,2002,65.98396,74.65344,72.7736,Asia,12687083.0,1.8798400000000015,73.71352
Oceania (Excluding Australia And New Zealand) (Sdg),WB_LAC,2003,66.2849,74.06713,73.14567,Asia,12687083.0,0.9214600000000104,73.60640000000001
Oceania (Excluding Australia And New Zealand) (Sdg),WB_LAC,2004,66.58231,73.51779,73.54148,Asia,12687083.0,-0.023690000000001987,73.52963500000001
Oceania (Excluding Australia And New Zealand) (Sdg),WB_LAC,2005,66.86126,72.99228,73.94499,Asia,12687083.0,-0.9527100000000104,73.468635
Oceania (Excluding Australia And New Zealand) (Sdg),WB_LAC,2006,67.13211,72.42972,74.27674,Asia,12687083.0,-1.8470200000000006,73.35323
Oceania (Excluding Australia And New Zealand) (Sdg),WB_LAC,2007,67.3978,71.91764,74.65142,Asia,12687083.0,-2.733779999999996,73.28453
Oceania (Excluding Australia And New Zealand) (Sdg),WB_LAC,2008,67.65311,71.43784,75.06341,Asia,12687083.0,-3.6255700000000104,73.250625
Oceania (Excluding Australia And New Zealand) (Sdg),WB_LAC,2009,67.89148,71.16369,75.7507,Asia,12687083.0,-4.587009999999992,73.457195
Oceania (Excluding Australia And New Zealand) (Sdg),WB_LAC,2010,68.12718,71.10046,76.70676,Asia,12687083.0,-5.6063000000000045,73.90361
Oceania (Excluding Australia And New Zealand) (Sdg),WB_LAC,2011,68.01376,70.99472,76.65435,Asia,12687083.0,-5.659629999999993,73.824535
Oceania (Excluding Australia And New Zealand) (Sdg),WB_LAC,2012,67.90237,70.90169,76.61355,Asia,12687083.0,-5.7118600000000015,73.75762
Oceania (Excluding Australia And New Zealand) (Sdg),WB_LAC,2013,67.79107,70.80942,76.57255,Asia,12687083.0,-5.763130000000004,73.69098500000001
Oceania (Excluding Australia And New Zealand) (Sdg),WB_LAC,2017,67.29137,70.40302,76.33891,Asia,12687083.0,-5.9358900000000006,73.370965
Oceania (Excluding Australia And New Zealand) (Sdg),WB_LAC,2018,67.18698,70.31829,76.28157,Asia,12687083.0,-5.9632799999999975,73.29993
Oceania (Excluding Australia And New Zealand) (Sdg),WB_LAC,2019,67.08638,70.24382,76.2324,Asia,12687083.0,-5.988579999999999,73.23811
Oceania (Excluding Australia And New Zealand) (Sdg),WB_LAC,2020,66.98972,70.17836,76.19174,Asia,12687083.0,-6.013379999999998,73.18504999999999
Oceania (Excluding Australia And New Zealand) (Sdg),WB_LAC,2021,66.96753,70.16173,76.17388,Asia,12687083.0,-6.012149999999991,73.167805
Oman,OMN,2003,66.0,66.0,85.0,Asia,2363801.0,-19.0,75.5
Oman,OMN,2008,87.0,98.0,98.0,Asia,2626536.0,0.0,98.0
Oman,OMN,2010,87.0,97.0,98.0,Asia,2757450.0,-1.0,97.5
Oman,OMN,2015,93.0,99.0,99.0,Asia,4184898.0,0.0,99.0
Oman,OMN,2017,96.0,98.0,99.0,Asia,4537397.0,-1.0,98.5
Oman,OMN,2018,96.0,98.0,99.0,Asia,4597878.0,-1.0,98.5
Oman,OMN,2020,97.0,100.0,100.0,Asia,4522502.0,0.0,100.0
Oman,OMN,2022,97.0,100.0,100.0,Asia,4730229.0,0.0,100.0
Pakistan,PAK,1998,43.0,67.0,43.0,Asia,146522354.0,24.0,55.0
Pakistan,PAK,2005,50.0,77.0,53.0,Asia,175453212.0,24.0,65.0
Pakistan,PAK,2006,54.0,79.0,58.0,Asia,179682690.0,21.0,68.5
Pakistan,PAK,2007,52.0,75.0,57.0,Asia,184493231.0,18.0,66.0
Pakistan,PAK,2008,56.0,79.0,61.0,Asia,189499112.0,18.0,70.0
Pakistan,PAK,2009,55.0,79.0,61.0,Asia,194376535.0,18.0,70.0
Pakistan,PAK,2010,55.0,80.0,62.0,Asia,199239048.0,18.0,71.0
Pakistan,PAK,2011,55.0,78.0,63.0,Asia,203746069.0,15.0,70.5
Pakistan,PAK,2012,57.0,80.0,64.0,Asia,207667129.0,16.0,72.0
Pakistan,PAK,2013,56.0,79.0,63.0,Asia,211073979.0,16.0,71.0
Pakistan,PAK,2014,57.0,80.0,66.0,Asia,214264649.0,14.0,73.0
Pakistan,PAK,2017,59.0,81.0,68.0,Asia,223273974.0,13.0,74.5
Pakistan,PAK,2018,57.0,80.0,64.0,Asia,226928893.0,16.0,72.0
Pakistan,PAK,2019,58.0,80.0,65.0,Asia,230800908.0,15.0,72.5
Pakistan,PAK,2021,58.8561,79.45763,66.52292,Asia,239477805.0,12.934709999999995,72.990275
Palau,PLW,2013,100.0,100.0,100.0,Oceania,17670.0,0.0,100.0
Palau,PLW,2015,97.0,98.0,99.0,Oceania,17791.0,-1.0,98.5
Palestine,PSE,1997,86.0,97.0,97.0,Asia,2859581.0,0.0,97.0
Palestine,PSE,2004,92.0,99.0,99.0,Asia,3475178.0,0.0,99.0
Palestine,PSE,2006,93.0,99.0,99.0,Asia,3645096.0,0.0,99.0
Palestine,PSE,2007,94.0,99.0,99.0,Asia,3736694.0,0.0,99.0
Palestine,PSE,2008,94.0,99.0,99.0,Asia,3829039.0,0.0,99.0
Palestine,PSE,2009,94.0,99.0,99.0,Asia,3921245.0,0.0,99.0
Palestine,PSE,2010,95.0,99.0,99.0,Asia,4016918.0,0.0,99.0
Palestine,PSE,2011,95.0,99.0,99.0,Asia,4115912.0,0.0,99.0
Palestine,PSE,2012,96.0,99.0,99.0,Asia,4215318.0,0.0,99.0
Palestine,PSE,2013,96.0,99.0,99.0,Asia,4315263.0,0.0,99.0
Palestine,PSE,2014,96.0,99.0,99.0,Asia,4415887.0,0.0,99.0
Palestine,PSE,2015,96.0,99.0,99.0,Asia,4521564.0,0.0,99.0
Palestine,PSE,2016,97.0,99.0,99.0,Asia,4632743.0,0.0,99.0
Palestine,PSE,2017,97.0,99.0,99.0,Asia,4742747.0,0.0,99.0
Palestine,PSE,2018,97.0,99.0,99.0,Asia,4850593.0,0.0,99.0
Palestine,PSE,2019,97.0,99.0,99.0,Asia,4957773.0,0.0,99.0
Palestine,PSE,2020,98.0,99.0,99.0,Asia,5069692.0,0.0,99.0
Palestine,PSE,2022,98.0,99.0,99.0,Asia,5305274.0,0.0,99.0
Panama,PAN,1990,89.0,95.0,95.0,North America,2455588.0,0.0,95.0
Panama,PAN,2000,92.0,97.0,96.0,North America,3010376.0,1.0,96.5
Panama,PAN,2010,94.0,98.0,97.0,North America,3628537.0,1.0,97.5
Panama,PAN,2018,95.0,99.3,98.9,North America,4167860.0,0.3999999999999915,99.1
Panama,PAN,2019,96.0,98.9,98.9,North America,4234698.0,0.0,98.9
Papua New Guinea,PNG,2000,57.0,69.0,64.0,Oceania,5537068.0,5.0,66.5
Papua New Guinea,PNG,2017,70.06368,87.25939,78.08662,Oceania,9178717.0,9.17277,82.67300499999999
Paraguay,PRY,1992,90.0,96.0,95.0,South America,4253608.0,1.0,95.5
Paraguay,PRY,2007,95.0,98.6,98.8,South America,5559385.0,-0.20000000000000284,98.69999999999999
Paraguay,PRY,2008,93.0,97.6,98.2,South America,5613577.0,-0.6000000000000085,97.9
Paraguay,PRY,2009,94.0,98.0,99.0,South America,5671243.0,-1.0,98.5
Paraguay,PRY,2010,94.0,98.5,98.6,South America,5737973.0,-0.09999999999999432,98.55
Paraguay,PRY,2012,94.0,98.3,98.1,South America,5897011.0,0.20000000000000284,98.19999999999999
Paraguay,PRY,2013,95.0,98.6,99.2,South America,5982447.0,-0.6000000000000085,98.9
Paraguay,PRY,2014,95.0,99.0,98.5,South America,6069819.0,0.5,98.75
Paraguay,PRY,2015,96.0,98.4,99.0,South America,6159106.0,-0.5999999999999943,98.7
Paraguay,PRY,2016,95.0,98.2,98.7,South America,6249129.0,-0.5,98.45
Paraguay,PRY,2018,94.0,97.7,98.9,South America,6427382.0,-1.2000000000000028,98.30000000000001
Paraguay,PRY,2019,93.0,98.0,98.7,South America,6515059.0,-0.7000000000000028,98.35
Paraguay,PRY,2020,95.0,98.6,98.7,South America,6603741.0,-0.10000000000000853,98.65
Peru,PER,1993,87.0,97.0,94.0,South America,23413783.0,3.0,95.5
Peru,PER,2004,88.0,98.4,96.3,South America,27852190.0,2.1000000000000085,97.35
Peru,PER,2005,88.0,98.1,96.8,South America,28101175.0,1.2999999999999972,97.44999999999999
Peru,PER,2006,89.0,98.6,97.3,South America,28324488.0,1.2999999999999972,97.94999999999999
Peru,PER,2007,90.0,98.1,97.0,South America,28530704.0,1.0999999999999943,97.55
Peru,PER,2012,94.0,98.7,98.7,South America,29550367.0,0.0,98.7
Peru,PER,2014,94.0,99.2,98.8,South America,30115825.0,0.4000000000000057,99.0
Peru,PER,2015,94.0,99.3,98.8,South America,30457598.0,0.5,99.05
Peru,PER,2016,94.0,99.1,98.8,South America,30866497.0,0.29999999999999716,98.94999999999999
Peru,PER,2017,94.0,99.3,98.9,South America,31324639.0,0.3999999999999915,99.1
Peru,PER,2018,94.0,99.1,99.0,South America,31897590.0,0.09999999999999432,99.05
Peru,PER,2020,94.0,99.6,99.4,South America,32838577.0,0.19999999999998863,99.5
Philippines,PHL,1990,94.0,96.0,97.0,Asia,62854668.0,-1.0,96.5
Philippines,PHL,1994,94.0,96.0,96.0,Asia,69019297.0,0.0,96.0
Philippines,PHL,2000,93.0,94.0,96.0,Asia,79625401.0,-2.0,95.0
Philippines,PHL,2003,93.0,94.0,97.0,Asia,84731836.0,-3.0,95.5
Philippines,PHL,2008,95.0,97.0,98.0,Asia,92699091.0,-1.0,97.5
Philippines,PHL,2013,96.0,97.0,99.0,Asia,102076334.0,-2.0,98.0
Philippines,PHL,2015,98.0,99.0,99.0,Asia,105312988.0,0.0,99.0
Philippines,PHL,2019,96.0,98.0,99.0,Asia,110804685.0,-1.0,98.5
Philippines,PHL,2020,98.0,99.0,99.0,Asia,112081270.0,0.0,99.0
Portugal,PRT,1991,88.0,99.0,99.0,Europe,9969181.0,0.0,99.0
Portugal,PRT,2011,94.0,99.0,99.0,Europe,10557050.0,0.0,99.0
Puerto Rico,PRI,1990,90.0,92.0,94.0,North America,3541046.0,-2.0,93.0
Puerto Rico,PRI,2010,92.0,99.0,99.0,North America,3714834.0,0.0,99.0
Puerto Rico,PRI,2017,92.0,92.0,92.0,North America,3371878.0,0.0,92.0
Qatar,QAT,1997,83.0,94.0,96.0,Asia,550511.0,-2.0,95.0
Qatar,QAT,2004,89.0,95.0,98.0,Asia,773341.0,-3.0,96.5
Qatar,QAT,2007,93.0,99.0,99.0,Asia,1208601.0,0.0,99.0
Qatar,QAT,2008,94.0,95.0,97.0,Asia,1426942.0,-2.0,96.0
Qatar,QAT,2009,95.0,98.0,98.0,Asia,1586052.0,0.0,98.0
Qatar,QAT,2010,96.0,96.0,98.0,Asia,1709238.0,-2.0,97.0
Qatar,QAT,2011,96.0,98.0,99.0,Asia,1810960.0,-1.0,98.5
Qatar,QAT,2012,97.0,99.0,100.0,Asia,1907122.0,-1.0,99.5
Qatar,QAT,2013,97.0,99.0,99.0,Asia,2032650.0,0.0,99.0
Qatar,QAT,2014,98.0,98.0,100.0,Asia,2218378.0,-2.0,99.0
Romania,ROU,1992,97.0,99.0,99.0,Europe,22912389.0,0.0,99.0
Romania,ROU,2002,97.0,98.0,98.0,Europe,21770020.0,0.0,98.0
Romania,ROU,2011,99.0,99.0,99.0,Europe,20282009.0,0.0,99.0
Romania,ROU,2021,99.0,100.0,100.0,Europe,19248159.0,0.0,100.0
Russia,RUS,2002,99.0,100.0,100.0,Europe,145939502.0,0.0,100.0
Russia,RUS,2010,100.0,100.0,100.0,Europe,143934468.0,0.0,100.0
Russia,RUS,2021,100.0,100.0,100.0,Europe,145836172.0,0.0,100.0
Rwanda,RWA,1991,58.0,94.0,92.0,Asia,7526964.0,2.0,93.0
Rwanda,RWA,2000,65.0,79.0,77.0,Africa,8213936.0,2.0,78.0
Rwanda,RWA,2012,68.0,81.0,83.0,Africa,10829904.0,-2.0,82.0
Rwanda,RWA,2014,71.0,84.0,86.0,Africa,11364758.0,-2.0,85.0
Rwanda,RWA,2018,73.0,84.0,89.0,Africa,12488000.0,-5.0,86.5
Rwanda,RWA,2020,80.05086,90.36046,92.69652,Africa,13065838.0,-2.3360600000000034,91.52849
Rwanda,RWA,2022,79.0,88.0,92.0,Africa,13651025.0,-4.0,90.0
Saint Helena,SHN,1998,97.0,99.0,100.0,Africa,12687083.0,-1.0,99.5
Samoa,WSM,1991,98.0,99.0,99.0,Oceania,169378.0,0.0,99.0
Samoa,WSM,2011,99.0,99.0,99.0,Oceania,194726.0,0.0,99.0
Samoa,WSM,2016,99.0,100.0,100.0,Oceania,203509.0,0.0,100.0
Samoa,WSM,2019,97.99026,98.54096,99.55731,Oceania,209794.0,-1.0163500000000028,99.049135
San Marino,SMR,2022,100.0,100.0,100.0,Europe,34113.0,0.0,100.0
Sao Tome And Principe,STP,1991,73.0,96.0,92.0,Africa,125711.0,4.0,94.0
Sao Tome And Principe,STP,2001,85.0,96.0,95.0,Africa,146386.0,1.0,95.5
Sao Tome And Principe,STP,2012,90.0,97.0,96.0,Africa,189452.0,1.0,96.5
Sao Tome And Principe,STP,2019,87.43846,95.85022,95.07206,Africa,213405.0,0.7781599999999997,95.46114
Saudi Arabia,SAU,1992,71.0,94.0,81.0,Asia,11686682.0,13.0,87.5
Saudi Arabia,SAU,2000,79.0,98.0,94.0,Asia,16177733.0,4.0,96.0
Saudi Arabia,SAU,2004,83.0,97.0,95.0,Asia,19669486.0,2.0,96.0
Saudi Arabia,SAU,2013,94.0,99.0,99.0,Asia,28026825.0,0.0,99.0
Saudi Arabia,SAU,2017,95.0,99.0,99.0,Asia,30782400.0,0.0,99.0
Saudi Arabia,SAU,2020,98.0,100.0,99.0,Asia,30991206.0,1.0,99.5
Senegal,SEN,2002,39.0,58.0,41.0,Africa,10466216.0,17.0,49.5
Senegal,SEN,2006,42.0,58.0,45.0,Africa,11500094.0,13.0,51.5
Senegal,SEN,2009,48.0,72.0,55.0,Africa,12337390.0,17.0,63.5
Senegal,SEN,2011,52.0,74.0,59.0,Africa,12958902.0,15.0,66.5
Senegal,SEN,2013,44.0,63.0,51.0,Africa,13710857.0,12.0,57.0
Senegal,SEN,2015,43.59273,65.78748,56.87536,Africa,14593335.0,8.912120000000002,61.33142
Senegal,SEN,2016,46.09964,69.407,59.88586,Africa,15034517.0,9.521139999999995,64.64643
Senegal,SEN,2017,52.0,76.0,64.0,Africa,15475001.0,12.0,70.0
Senegal,SEN,2018,46.60591,66.22319,65.68582,Africa,15914495.0,0.5373699999999957,65.95450500000001
Senegal,SEN,2019,46.83367,68.82227,64.02553,Africa,16352926.0,4.79674,66.4239
Senegal,SEN,2023,50.35582,69.2685,65.59709,Africa,18077573.0,3.6714100000000087,67.432795
Serbia,SRB,2003,96.0,99.0,99.0,Europe,7590946.0,0.0,99.0
Serbia,SRB,2011,98.0,99.0,99.0,Europe,7364858.0,0.0,99.0
Serbia,SRB,2016,99.0,100.0,100.0,Europe,7126083.0,0.0,100.0
Serbia,SRB,2019,99.0,100.0,100.0,Europe,6966155.0,0.0,100.0
Seychelles,SYC,1994,88.0,98.0,99.0,Africa,77279.0,-1.0,98.5
Seychelles,SYC,2002,92.0,99.0,99.0,Africa,85878.0,0.0,99.0
Seychelles,SYC,2010,94.0,99.0,99.0,Africa,94993.0,0.0,99.0
Sierra Leone,SLE,2004,35.0,60.0,37.0,Africa,5355715.0,23.0,48.5
Sierra Leone,SLE,2017,44.83318,78.74271,68.66314,Africa,7379300.0,10.079570000000004,73.702925
Sierra Leone,SLE,2019,43.57778,78.1976,67.86192,Africa,7731994.0,10.335679999999996,73.02976
Singapore,SGP,1990,89.0,99.0,99.0,Asia,3039593.0,0.0,99.0
Singapore,SGP,2000,93.0,99.0,100.0,Asia,4035251.0,-1.0,99.5
Singapore,SGP,2010,96.0,100.0,100.0,Asia,5077020.0,0.0,100.0
Singapore,SGP,2011,96.0,100.0,100.0,Asia,5182242.0,0.0,100.0
Singapore,SGP,2012,96.0,100.0,100.0,Asia,5293345.0,0.0,100.0
Singapore,SGP,2013,97.0,100.0,100.0,Asia,5385589.0,0.0,100.0
Singapore,SGP,2014,97.0,100.0,100.0,Asia,5457899.0,0.0,100.0
Singapore,SGP,2015,97.0,100.0,100.0,Asia,5525343.0,0.0,100.0
Singapore,SGP,2016,97.0,100.0,100.0,Asia,5577936.0,0.0,100.0
Singapore,SGP,2017,97.0,100.0,100.0,Asia,5604087.0,0.0,100.0
Singapore,SGP,2018,97.0,100.0,100.0,Asia,5634366.0,0.0,100.0
Singapore,SGP,2019,97.0,100.0,100.0,Asia,5669562.0,0.0,100.0
Singapore,SGP,2020,97.0,100.0,100.0,Asia,5620151.0,0.0,100.0
Singapore,SGP,2021,98.0,100.0,100.0,Asia,5546291.0,0.0,100.0
Slovenia,SVN,1991,100.0,100.0,100.0,Europe,1999191.0,0.0,100.0
Solomon Islands,SLB,1999,77.0,94.0,92.0,Asia,430511.0,2.0,93.0
Somalia,SOM,2022,54.0,76.0,65.0,Africa,17801895.0,11.0,70.5
South Africa,ZAF,1996,82.0,93.0,94.0,Africa,45123023.0,-1.0,93.5
South Africa,ZAF,2007,89.0,97.0,98.0,Africa,50528575.0,-1.0,97.5
South Africa,ZAF,2009,93.0,98.0,99.0,Africa,51728518.0,-1.0,98.5
South Africa,ZAF,2010,93.0,98.0,99.0,Africa,52344047.0,-1.0,98.5
South Africa,ZAF,2011,93.0,98.0,99.0,Africa,52995212.0,-1.0,98.5
South Africa,ZAF,2012,94.0,98.0,99.0,Africa,53782570.0,-1.0,98.5
South Africa,ZAF,2014,94.0,99.0,99.0,Africa,55594840.0,0.0,99.0
South Africa,ZAF,2015,94.0,99.0,99.0,Africa,56723536.0,0.0,99.0
South Africa,ZAF,2016,91.73724,95.83106,97.71958,Africa,57259550.0,-1.8885199999999998,96.77532
South Africa,ZAF,2017,87.0,94.0,97.0,Africa,57635158.0,-3.0,95.5
South Africa,ZAF,2019,95.0,98.0,99.0,Africa,59587880.0,-1.0,98.5
South Africa,ZAF,2021,90.0,96.0,97.0,Africa,61502602.0,-1.0,96.5
South Asia (Wb),WB_SA,1990,45.35921,68.20921,45.63503,Asia,12687083.0,22.57418,56.92212
South Asia (Wb),WB_SA,1991,46.08564,68.92892,47.24611,Asia,12687083.0,21.682810000000003,58.087515
South Asia (Wb),WB_SA,1992,47.08633,70.42248,48.73938,Asia,12687083.0,21.683099999999996,59.580929999999995
South Asia (Wb),WB_SA,1993,48.08146,71.8677,50.23563,Asia,12687083.0,21.63207,61.051665
South Asia (Wb),WB_SA,1994,48.84938,72.58117,51.90192,Asia,12687083.0,20.679250000000003,62.241545
South Asia (Wb),WB_SA,1995,49.64049,73.29805,53.54513,Asia,12687083.0,19.752920000000003,63.42159
South Asia (Wb),WB_SA,1996,50.4492,74.01736,55.14931,Asia,12687083.0,18.868049999999997,64.583335
South Asia (Wb),WB_SA,1997,51.26017,74.6834,56.55587,Asia,12687083.0,18.127530000000007,65.619635
South Asia (Wb),WB_SA,1998,56.07956,78.93805,59.33065,Asia,12687083.0,19.607400000000005,69.13435
South Asia (Wb),WB_SA,1999,56.87631,79.58144,61.19646,Asia,12687083.0,18.38498,70.38895
South Asia (Wb),WB_SA,2000,57.65058,80.11587,62.95541,Asia,12687083.0,17.16046,71.53564
South Asia (Wb),WB_SA,2001,58.41306,80.55457,64.61875,Asia,12687083.0,15.935819999999993,72.58666
South Asia (Wb),WB_SA,2002,59.20313,81.07521,66.302,Asia,12687083.0,14.773209999999992,73.688605
South Asia (Wb),WB_SA,2003,60.09578,82.17898,67.5551,Asia,12687083.0,14.62388,74.86704
South Asia (Wb),WB_SA,2004,60.87617,82.60598,69.19014,Asia,12687083.0,13.415840000000003,75.89806
South Asia (Wb),WB_SA,2005,60.67367,84.34488,69.3995,Asia,12687083.0,14.94538,76.87219
South Asia (Wb),WB_SA,2006,60.84876,83.2914,70.5399,Asia,12687083.0,12.751499999999993,76.91565
South Asia (Wb),WB_SA,2007,61.68392,83.58977,72.24752,Asia,12687083.0,11.342250000000007,77.918645
South Asia (Wb),WB_SA,2008,62.5963,84.51249,73.95381,Asia,12687083.0,10.558679999999995,79.23315
South Asia (Wb),WB_SA,2009,63.45801,85.06028,75.67667,Asia,12687083.0,9.383610000000004,80.368475
South Asia (Wb),WB_SA,2010,66.02896,86.65498,77.2101,Asia,12687083.0,9.444879999999998,81.93253999999999
South Asia (Wb),WB_SA,2011,66.62986,86.86274,78.52292,Asia,12687083.0,8.339820000000003,82.69283
South Asia (Wb),WB_SA,2012,66.67659,87.20437,79.44468,Asia,12687083.0,7.759689999999992,83.324525
South Asia (Wb),WB_SA,2013,67.70576,88.39692,81.3398,Asia,12687083.0,7.057119999999998,84.86836
South Asia (Wb),WB_SA,2014,68.45516,88.77747,82.62181,Asia,12687083.0,6.1556599999999975,85.69963999999999
South Asia (Wb),WB_SA,2015,69.78215,89.4431,84.15232,Asia,12687083.0,5.290779999999998,86.79771
South Asia (Wb),WB_SA,2016,71.10578,90.26568,85.64712,Asia,12687083.0,4.618560000000002,87.9564
South Asia (Wb),WB_SA,2017,71.66783,90.72693,86.29461,Asia,12687083.0,4.43231999999999,88.51077000000001
South Asia (Wb),WB_SA,2018,72.19206,90.6786,86.08996,Asia,12687083.0,4.588639999999998,88.38428
South Asia (Wb),WB_SA,2019,71.96603,93.54365,88.6587,Asia,12687083.0,4.8849500000000035,91.101175
South Asia (Wb),WB_SA,2020,72.68319,93.79383,89.36649,Asia,12687083.0,4.427340000000001,91.58016
South Asia (Wb),WB_SA,2021,73.47901,94.11137,90.07337,Asia,12687083.0,4.037999999999997,92.09236999999999
South Asia (Wb),WB_SA,2022,74.26527,94.38901,90.81525,Asia,12687083.0,3.573759999999993,92.60213
South Asia (Wb),WB_SA,2023,75.00885,94.64723,91.47357,Asia,12687083.0,3.173659999999998,93.06039999999999
South Korea,KOR,2008,98.0,100.0,100.0,Asia,48356485.0,0.0,100.0
South Sudan,SSD,2008,27.0,44.0,30.0,Africa,12687083.0,14.0,37.0
Spain,ESP,1991,96.0,100.0,100.0,Europe,39201750.0,0.0,100.0
Spain,ESP,2004,97.0,100.0,100.0,Europe,43234562.0,0.0,100.0
Spain,ESP,2005,98.0,100.0,100.0,Europe,43958883.0,0.0,100.0
Spain,ESP,2006,98.0,100.0,99.0,Europe,44695446.0,1.0,99.5
Spain,ESP,2007,98.0,100.0,100.0,Europe,45516501.0,0.0,100.0
Spain,ESP,2008,98.0,100.0,100.0,Europe,46235055.0,0.0,100.0
Spain,ESP,2009,98.0,100.0,100.0,Europe,46635182.0,0.0,100.0
Spain,ESP,2010,98.0,100.0,100.0,Europe,46840469.0,0.0,100.0
Spain,ESP,2011,98.0,100.0,100.0,Europe,46998040.0,0.0,100.0
Spain,ESP,2012,98.0,100.0,100.0,Europe,47018323.0,0.0,100.0
Spain,ESP,2013,98.0,100.0,100.0,Europe,46860394.0,0.0,100.0
Spain,ESP,2014,98.0,100.0,100.0,Europe,46720187.0,0.0,100.0
Spain,ESP,2015,98.0,100.0,100.0,Europe,46683683.0,0.0,100.0
Spain,ESP,2016,98.0,100.0,100.0,Europe,46732768.0,0.0,100.0
Spain,ESP,2018,98.0,100.0,100.0,Europe,47092817.0,0.0,100.0
Spain,ESP,2020,99.0,99.0,100.0,Europe,47679482.0,-1.0,99.5
Spain,ESP,2021,100.0,100.0,100.0,Europe,47735670.0,0.0,100.0
Sri Lanka,LKA,2001,91.0,95.0,96.0,Asia,19600361.0,-1.0,95.5
Sri Lanka,LKA,2006,91.0,97.0,98.0,Asia,20352416.0,-1.0,97.5
Sri Lanka,LKA,2008,91.0,97.0,99.0,Asia,20629377.0,-2.0,98.0
Sri Lanka,LKA,2010,91.0,98.0,99.0,Asia,20879092.0,-1.0,98.5
Sri Lanka,LKA,2016,92.0,98.0,99.0,Asia,21910763.0,-1.0,98.5
Sri Lanka,LKA,2017,92.0,99.0,99.0,Asia,22087525.0,0.0,99.0
Sri Lanka,LKA,2018,92.0,99.0,99.0,Asia,22253116.0,0.0,99.0
Sri Lanka,LKA,2019,92.0,99.0,99.0,Asia,22410552.0,0.0,99.0
Sri Lanka,LKA,2020,92.0,99.0,99.0,Asia,22561808.0,0.0,99.0
Sri Lanka,LKA,2021,92.0,99.0,99.0,Asia,22700377.0,0.0,99.0
Sri Lanka,LKA,2022,92.0,98.0,99.0,Asia,22834965.0,-1.0,98.5
Sri Lanka,LKA,2023,93.0,99.0,99.0,Asia,22971615.0,0.0,99.0
Sub-Saharan Africa (Sdg),WB_LAC,1990,52.11274,72.29014,58.32958,Asia,12687083.0,13.960559999999994,65.30986
Sub-Saharan Africa (Sdg),WB_LAC,1991,52.47592,72.2987,58.80754,Asia,12687083.0,13.491159999999994,65.55312
Sub-Saharan Africa (Sdg),WB_LAC,1992,52.97165,72.05907,58.99608,Asia,12687083.0,13.062990000000006,65.527575
Sub-Saharan Africa (Sdg),WB_LAC,1993,53.5766,72.08115,59.63437,Asia,12687083.0,12.446779999999997,65.85776
Sub-Saharan Africa (Sdg),WB_LAC,1994,54.20362,72.18253,60.30622,Asia,12687083.0,11.876309999999997,66.244375
Sub-Saharan Africa (Sdg),WB_LAC,1995,54.63169,71.97712,60.54249,Asia,12687083.0,11.434629999999999,66.259805
Sub-Saharan Africa (Sdg),WB_LAC,1996,55.26828,71.98382,61.27053,Asia,12687083.0,10.713289999999994,66.627175
Sub-Saharan Africa (Sdg),WB_LAC,1997,56.09558,72.15557,62.15856,Asia,12687083.0,9.997009999999996,67.157065
Sub-Saharan Africa (Sdg),WB_LAC,1998,56.75086,72.20642,62.15919,Asia,12687083.0,10.047229999999992,67.182805
Sub-Saharan Africa (Sdg),WB_LAC,1999,57.59484,72.93401,62.95219,Asia,12687083.0,9.981819999999999,67.9431
Sub-Saharan Africa (Sdg),WB_LAC,2000,56.3906,71.98056,60.39209,Asia,12687083.0,11.588469999999994,66.186325
Sub-Saharan Africa (Sdg),WB_LAC,2001,57.14965,72.22311,61.33031,Asia,12687083.0,10.892800000000008,66.77671000000001
Sub-Saharan Africa (Sdg),WB_LAC,2002,57.85295,74.55391,61.69737,Asia,12687083.0,12.856540000000003,68.12564
Sub-Saharan Africa (Sdg),WB_LAC,2003,58.36514,74.41884,62.31926,Asia,12687083.0,12.099580000000003,68.36905
Sub-Saharan Africa (Sdg),WB_LAC,2004,59.04088,74.9079,63.03124,Asia,12687083.0,11.876660000000001,68.96957
Sub-Saharan Africa (Sdg),WB_LAC,2005,58.71344,74.3745,62.67028,Asia,12687083.0,11.70422,68.52239
Sub-Saharan Africa (Sdg),WB_LAC,2006,58.41726,74.48927,62.25977,Asia,12687083.0,12.229500000000002,68.37452
Sub-Saharan Africa (Sdg),WB_LAC,2007,58.17579,74.51744,62.46845,Asia,12687083.0,12.048989999999996,68.49294499999999
Sub-Saharan Africa (Sdg),WB_LAC,2008,58.48229,74.663,62.84819,Asia,12687083.0,11.814809999999994,68.755595
Sub-Saharan Africa (Sdg),WB_LAC,2009,58.94138,75.04334,63.27447,Asia,12687083.0,11.76887,69.158905
Sub-Saharan Africa (Sdg),WB_LAC,2010,59.61513,75.64068,64.61997,Asia,12687083.0,11.020710000000008,70.130325
Sub-Saharan Africa (Sdg),WB_LAC,2011,61.13006,76.85467,67.16404,Asia,12687083.0,9.690629999999999,72.009355
Sub-Saharan Africa (Sdg),WB_LAC,2012,62.3788,78.12264,68.71044,Asia,12687083.0,9.412199999999999,73.41654
Sub-Saharan Africa (Sdg),WB_LAC,2013,63.23391,78.90765,69.77118,Asia,12687083.0,9.136470000000003,74.339415
Sub-Saharan Africa (Sdg),WB_LAC,2014,63.92325,79.18538,70.63868,Asia,12687083.0,8.546700000000001,74.91202999999999
Sub-Saharan Africa (Sdg),WB_LAC,2015,64.52015,79.54214,71.49852,Asia,12687083.0,8.043620000000004,75.52033
Sub-Saharan Africa (Sdg),WB_LAC,2016,65.10612,79.74457,72.37485,Asia,12687083.0,7.369720000000001,76.05971
Sub-Saharan Africa (Sdg),WB_LAC,2017,65.44503,80.03684,73.19637,Asia,12687083.0,6.840469999999996,76.61660499999999
Sub-Saharan Africa (Sdg),WB_LAC,2018,67.06734,80.90309,74.63522,Asia,12687083.0,6.267870000000002,77.76915500000001
Sub-Saharan Africa (Sdg),WB_LAC,2019,67.71821,80.98639,74.99446,Asia,12687083.0,5.991929999999996,77.990425
Sub-Saharan Africa (Sdg),WB_LAC,2020,67.9072,81.04912,75.18506,Asia,12687083.0,5.864060000000009,78.11708999999999
Sub-Saharan Africa (Sdg),WB_LAC,2021,67.89861,81.16229,75.56274,Asia,12687083.0,5.599549999999994,78.362515
Sub-Saharan Africa (Sdg),WB_LAC,2022,68.2313,81.32142,75.94742,Asia,12687083.0,5.374000000000009,78.63442
Sub-Saharan Africa (Sdg),WB_LAC,2023,68.5022,81.43321,76.2435,Asia,12687083.0,5.189710000000005,78.838355
Sub-Saharan Africa (Wb),WB_SSA,1990,52.30686,72.71775,58.56817,Asia,12687083.0,14.149579999999993,65.64296
Sub-Saharan Africa (Wb),WB_SSA,1991,52.65164,72.7188,59.02214,Asia,12687083.0,13.696660000000001,65.87047
Sub-Saharan Africa (Wb),WB_SSA,1992,53.12544,72.48352,59.19959,Asia,12687083.0,13.283929999999998,65.841555
Sub-Saharan Africa (Wb),WB_SSA,1993,53.7068,72.50194,59.81377,Asia,12687083.0,12.688170000000007,66.157855
Sub-Saharan Africa (Wb),WB_SSA,1994,54.30921,72.60356,60.45989,Asia,12687083.0,12.14367,66.531725
Sub-Saharan Africa (Wb),WB_SSA,1995,54.72155,72.41475,60.68785,Asia,12687083.0,11.7269,66.5513
Sub-Saharan Africa (Wb),WB_SSA,1996,55.37812,72.45479,61.44891,Asia,12687083.0,11.005880000000005,66.95185000000001
Sub-Saharan Africa (Wb),WB_SSA,1997,56.21824,72.65162,62.3643,Asia,12687083.0,10.287319999999994,67.50796
Sub-Saharan Africa (Wb),WB_SSA,1998,56.89161,72.72885,62.42521,Asia,12687083.0,10.303639999999994,67.57703
Sub-Saharan Africa (Wb),WB_SSA,1999,57.74526,73.44743,63.24683,Asia,12687083.0,10.200599999999994,68.34712999999999
Sub-Saharan Africa (Wb),WB_SSA,2000,56.62755,72.55322,60.84378,Asia,12687083.0,11.709439999999994,66.6985
Sub-Saharan Africa (Wb),WB_SSA,2001,57.40014,72.80689,61.80151,Asia,12687083.0,11.005379999999995,67.3042
Sub-Saharan Africa (Wb),WB_SSA,2002,58.11591,75.05337,62.20535,Asia,12687083.0,12.848019999999998,68.62936
Sub-Saharan Africa (Wb),WB_SSA,2003,58.6459,74.9335,62.84995,Asia,12687083.0,12.083549999999995,68.891725
Sub-Saharan Africa (Wb),WB_SSA,2004,59.33332,75.41172,63.58071,Asia,12687083.0,11.83101,69.496215
Sub-Saharan Africa (Wb),WB_SSA,2005,59.05679,74.91303,63.28228,Asia,12687083.0,11.630750000000006,69.097655
Sub-Saharan Africa (Wb),WB_SSA,2006,58.16811,74.18462,62.1581,Asia,12687083.0,12.026519999999998,68.17135999999999
Sub-Saharan Africa (Wb),WB_SSA,2007,57.96338,74.22833,62.4056,Asia,12687083.0,11.82273,68.316965
Sub-Saharan Africa (Wb),WB_SSA,2008,58.28565,74.385,62.81743,Asia,12687083.0,11.567570000000003,68.601215
Sub-Saharan Africa (Wb),WB_SSA,2009,58.75711,74.77022,63.27435,Asia,12687083.0,11.495869999999996,69.022285
Sub-Saharan Africa (Wb),WB_SSA,2010,59.43254,75.36194,64.61118,Asia,12687083.0,10.75076,69.98656
Sub-Saharan Africa (Wb),WB_SSA,2011,60.91714,76.54916,67.10008,Asia,12687083.0,9.449079999999995,71.82462000000001
Sub-Saharan Africa (Wb),WB_SSA,2012,62.14601,77.78892,68.62974,Asia,12687083.0,9.159180000000006,73.20933
Sub-Saharan Africa (Wb),WB_SSA,2013,62.99641,78.56353,69.69256,Asia,12687083.0,8.87097,74.128045
Sub-Saharan Africa (Wb),WB_SSA,2014,63.68724,78.85027,70.56996,Asia,12687083.0,8.28031,74.710115
Sub-Saharan Africa (Wb),WB_SSA,2015,64.28751,79.20958,71.43871,Asia,12687083.0,7.770870000000002,75.324145
Sub-Saharan Africa (Wb),WB_SSA,2016,64.87826,79.42151,72.32338,Asia,12687083.0,7.098129999999998,75.872445
Sub-Saharan Africa (Wb),WB_SSA,2017,65.2303,79.71815,73.15344,Asia,12687083.0,6.564709999999991,76.435795
Sub-Saharan Africa (Wb),WB_SSA,2018,66.81657,80.56685,74.57623,Asia,12687083.0,5.990620000000007,77.57154
Sub-Saharan Africa (Wb),WB_SSA,2019,67.44165,80.64873,74.9221,Asia,12687083.0,5.72663,77.785415
Sub-Saharan Africa (Wb),WB_SSA,2020,67.62379,80.71279,75.10625,Asia,12687083.0,5.606539999999995,77.90952
Sub-Saharan Africa (Wb),WB_SSA,2021,67.61568,80.82516,75.47069,Asia,12687083.0,5.354469999999992,78.147925
Sub-Saharan Africa (Wb),WB_SSA,2022,67.93573,80.98119,75.84205,Asia,12687083.0,5.139139999999998,78.41162
Sub-Saharan Africa (Wb),WB_SSA,2023,68.19624,81.09069,76.12796,Asia,12687083.0,4.962729999999993,78.609325
Sudan,SDN,2000,61.0,86.0,72.0,Africa,27816748.0,14.0,79.0
Sudan,SDN,2008,54.0,69.0,63.0,Africa,33623980.0,6.0,66.0
Suriname,SUR,2004,90.0,96.0,94.0,South America,513928.0,2.0,95.0
Suriname,SUR,2008,95.0,99.0,99.0,South America,537252.0,0.0,99.0
Suriname,SUR,2010,95.0,98.0,99.0,South America,549931.0,-1.0,98.5
Suriname,SUR,2012,93.0,98.0,97.0,South America,562640.0,1.0,97.5
Syria,SYR,2002,83.0,97.0,93.0,Asia,17468335.0,4.0,95.0
Syria,SYR,2004,81.0,95.0,90.0,Asia,18336879.0,5.0,92.5
Syria,SYR,2021,94.0,98.0,98.0,Asia,21628837.0,0.0,98.0
Tajikistan,TJK,2000,99.0,100.0,100.0,Asia,6284737.0,0.0,100.0
Tanzania,TZA,2002,69.0,81.0,76.0,Africa,36121301.0,5.0,78.5
Tanzania,TZA,2012,78.0,87.0,85.0,Africa,47374261.0,2.0,86.0
Tanzania,TZA,2015,78.0,87.0,85.0,Africa,52020958.0,2.0,86.0
Thailand,THA,2000,93.0,98.0,98.0,Asia,63007815.0,0.0,98.0
Thailand,THA,2005,94.0,98.0,98.0,Asia,66017415.0,0.0,98.0
Thailand,THA,2010,96.0,97.0,97.0,Asia,68579443.0,0.0,97.0
Thailand,THA,2013,94.0,98.0,99.0,Asia,69845112.0,-1.0,98.5
Thailand,THA,2015,93.0,98.0,98.0,Asia,70540787.0,0.0,98.0
Thailand,THA,2016,91.9814,97.36126,97.63726,Asia,70859835.0,-0.27599999999999625,97.49925999999999
Thailand,THA,2018,94.0,98.0,99.0,Asia,71376081.0,-1.0,98.5
Thailand,THA,2019,91.26915,98.46694,98.57724,Asia,71522264.0,-0.11030000000000939,98.52208999999999
Thailand,THA,2022,91.09987,97.94499,98.42796,Asia,71735321.0,-0.48296999999999457,98.186475
Togo,TGO,2000,53.0,84.0,64.0,Africa,4783721.0,20.0,74.0
Togo,TGO,2006,57.0,85.0,68.0,Africa,5569659.0,17.0,76.5
Togo,TGO,2009,57.0,88.0,75.0,Africa,6130944.0,13.0,81.5
Togo,TGO,2011,60.0,87.0,73.0,Africa,6500577.0,14.0,80.0
Togo,TGO,2015,64.0,90.0,78.0,Africa,7071500.0,12.0,84.0
Togo,TGO,2019,67.0,92.0,84.0,Africa,7619916.0,8.0,88.0
Togo,TGO,2022,72.59589,93.32553,87.65002,Africa,8068616.0,5.675510000000003,90.487775
Tonga,TON,1996,99.0,99.0,99.0,Oceania,100294.0,0.0,99.0
Tonga,TON,2006,99.0,99.0,100.0,Oceania,106266.0,-1.0,99.5
Tonga,TON,2011,99.0,99.0,100.0,Oceania,107584.0,-1.0,99.5
Tonga,TON,2016,97.0,98.0,98.0,Oceania,105536.0,0.0,98.0
Tonga,TON,2019,91.05162,99.91556,99.87335,Oceania,105688.0,0.042209999999997194,99.894455
Trinidad And Tobago,TTO,1990,97.0,99.0,99.0,North America,1252215.0,0.0,99.0
Tunisia,TUN,2004,74.0,96.0,92.0,Africa,10166170.0,4.0,94.0
Tunisia,TUN,2007,77.0,98.0,95.0,Africa,10441705.0,3.0,96.5
Tunisia,TUN,2008,78.0,98.0,95.0,Africa,10542637.0,3.0,96.5
Tunisia,TUN,2010,79.0,98.0,96.0,Africa,10765984.0,2.0,97.0
Tunisia,TUN,2011,80.0,98.0,96.0,Africa,10886041.0,2.0,97.0
Tunisia,TUN,2012,80.0,98.0,96.0,Africa,11009649.0,2.0,97.0
Tunisia,TUN,2014,79.0,97.0,96.0,Africa,11274295.0,1.0,96.5
Tunisia,TUN,2018,79.47511,98.38471,97.53666,Africa,11765515.0,0.8480500000000006,97.960685
Tunisia,TUN,2019,81.0,97.0,97.0,Africa,11875084.0,0.0,97.0
Tunisia,TUN,2021,83.68263,98.83691,99.05225,Africa,12048625.0,-0.21533999999999764,98.94458
Tunisia,TUN,2023,86.24682,98.1943,98.12705,Africa,12200434.0,0.06725000000000136,98.160675
Turkey,TUR,1990,79.0,97.0,88.0,Asia,56015627.0,9.0,92.5
Turkey,TUR,2004,87.0,98.0,93.0,Asia,68592621.0,5.0,95.5
Turkey,TUR,2005,88.0,98.0,94.0,Asia,69329557.0,4.0,96.0
Turkey,TUR,2006,88.0,98.0,94.0,Asia,70045351.0,4.0,96.0
Turkey,TUR,2007,89.0,99.0,94.0,Asia,70750593.0,5.0,96.5
Turkey,TUR,2009,91.0,99.0,97.0,Asia,72464846.0,2.0,98.0
Turkey,TUR,2010,93.0,99.0,97.0,Asia,73346766.0,2.0,98.0
Turkey,TUR,2011,94.0,99.0,98.0,Asia,74215203.0,1.0,98.5
Turkey,TUR,2012,95.0,100.0,98.0,Asia,75197196.0,2.0,99.0
Turkey,TUR,2013,95.0,100.0,99.0,Asia,76403032.0,1.0,99.5
Turkey,TUR,2014,95.0,100.0,99.0,Asia,78036154.0,1.0,99.5
Turkey,TUR,2015,96.0,100.0,99.0,Asia,80014222.0,1.0,99.5
Turkey,TUR,2016,96.0,100.0,99.0,Asia,81652087.0,1.0,99.5
Turkey,TUR,2017,96.0,100.0,100.0,Asia,83083667.0,0.0,100.0
Turkey,TUR,2019,97.0,100.0,100.0,Asia,85357670.0,0.0,100.0
Turkey,TUR,2021,97.0,100.0,100.0,Asia,86686254.0,0.0,100.0
Turkmenistan,TKM,1995,99.0,100.0,100.0,Asia,4191207.0,0.0,100.0
Uganda,UGA,1991,56.0,77.0,63.0,Africa,18155901.0,14.0,70.0
Uganda,UGA,2002,68.0,86.0,76.0,Africa,25532872.0,10.0,81.0
Uganda,UGA,2006,71.0,87.0,81.0,Africa,28794005.0,6.0,84.0
Uganda,UGA,2010,73.0,90.0,85.0,Africa,32390801.0,5.0,87.5
Uganda,UGA,2012,70.0,86.0,82.0,Africa,34337436.0,4.0,84.0
Uganda,UGA,2016,69.10132,81.41776,78.18981,Africa,38799153.0,3.227950000000007,79.803785
Ukraine,UKR,2001,99.0,100.0,100.0,Europe,49106854.0,0.0,100.0
United Arab Emirates,ARE,2005,90.0,94.0,97.0,Asia,4664797.0,-3.0,95.5
United Arab Emirates,ARE,2019,98.0,98.0,99.0,Asia,9377855.0,-1.0,98.5
United Arab Emirates,ARE,2021,98.0,100.0,100.0,Asia,9789055.0,0.0,100.0
United Arab Emirates,ARE,2022,98.0,100.0,100.0,Asia,10242085.0,0.0,100.0
United Arab Emirates,ARE,2023,98.0,100.0,100.0,Asia,10642089.0,0.0,100.0
Upper-Middle-Income Countries,OWID_UMC,1990,81.04114,95.47237,91.73029,Asia,2133212546.0,3.7420800000000014,93.60132999999999
Upper-Middle-Income Countries,OWID_UMC,1991,81.58651,95.69874,92.20113,Asia,2167382314.0,3.4976099999999946,93.94993500000001
Upper-Middle-Income Countries,OWID_UMC,1992,82.15758,95.88485,92.61763,Asia,2197406055.0,3.2672199999999947,94.25124
Upper-Middle-Income Countries,OWID_UMC,1993,82.6979,96.0724,93.00922,Asia,2225369861.0,3.0631800000000027,94.54081
Upper-Middle-Income Countries,OWID_UMC,1994,83.23142,96.25916,93.42463,Asia,2251652283.0,2.834530000000001,94.841895
Upper-Middle-Income Countries,OWID_UMC,1995,83.80124,96.46448,93.88871,Asia,2277401663.0,2.5757699999999915,95.17659499999999
Upper-Middle-Income Countries,OWID_UMC,1996,84.31269,96.55877,94.25958,Asia,2302891501.0,2.299189999999996,95.409175
Upper-Middle-Income Countries,OWID_UMC,1997,88.7168,97.60968,96.68306,Asia,2327613637.0,0.9266199999999998,97.14636999999999
Upper-Middle-Income Countries,OWID_UMC,1998,89.1177,97.6549,96.80286,Asia,2351662004.0,0.8520400000000024,97.22888
Upper-Middle-Income Countries,OWID_UMC,1999,89.47645,97.70646,96.97013,Asia,2375149846.0,0.7363300000000095,97.338295
Upper-Middle-Income Countries,OWID_UMC,2000,89.87667,97.79391,97.0581,Asia,2398658002.0,0.7358100000000007,97.426005
Upper-Middle-Income Countries,OWID_UMC,2001,90.19642,97.85461,97.19832,Asia,2421698836.0,0.6562899999999985,97.526465
Upper-Middle-Income Countries,OWID_UMC,2002,90.54139,97.99065,97.38526,Asia,2443169936.0,0.6053899999999999,97.687955
Upper-Middle-Income Countries,OWID_UMC,2003,90.98183,98.2334,97.6757,Asia,2464250116.0,0.557699999999997,97.95455000000001
Upper-Middle-Income Countries,OWID_UMC,2004,91.3237,98.30662,97.84007,Asia,2485797097.0,0.466549999999998,98.07334499999999
Upper-Middle-Income Countries,OWID_UMC,2005,91.58416,98.38385,97.96663,Asia,2507751547.0,0.41722000000000037,98.17524
Upper-Middle-Income Countries,OWID_UMC,2006,91.86817,98.24177,97.81661,Asia,2529346002.0,0.4251600000000053,98.02919
Upper-Middle-Income Countries,OWID_UMC,2007,92.87729,98.41625,98.09707,Asia,2550034553.0,0.3191800000000029,98.25666000000001
Upper-Middle-Income Countries,OWID_UMC,2008,93.30886,98.77105,98.53875,Asia,2571616096.0,0.23230000000000928,98.6549
Upper-Middle-Income Countries,OWID_UMC,2009,93.40503,98.41689,98.16295,Asia,2594532094.0,0.25394000000000005,98.28992
Upper-Middle-Income Countries,OWID_UMC,2010,93.60919,98.39964,98.20577,Asia,2617657240.0,0.19387000000000398,98.302705
Upper-Middle-Income Countries,OWID_UMC,2011,93.75011,98.40447,98.20221,Asia,2640400163.0,0.20226000000000965,98.30333999999999
Upper-Middle-Income Countries,OWID_UMC,2012,93.99739,98.44543,98.25984,Asia,2664517398.0,0.1855900000000048,98.35263499999999
Upper-Middle-Income Countries,OWID_UMC,2013,94.06516,98.41508,98.26575,Asia,2689585465.0,0.14933000000000618,98.34041500000001
Upper-Middle-Income Countries,OWID_UMC,2014,94.41684,98.53498,98.37738,Asia,2713983279.0,0.15760000000000218,98.45618
Upper-Middle-Income Countries,OWID_UMC,2015,94.53935,98.51003,98.35668,Asia,2737646890.0,0.1533500000000032,98.433355
Upper-Middle-Income Countries,OWID_UMC,2016,94.76116,98.51744,98.38106,Asia,2759890904.0,0.1363799999999884,98.44925
Upper-Middle-Income Countries,OWID_UMC,2017,94.77168,98.37493,98.27023,Asia,2781778743.0,0.10470000000000823,98.32258
Upper-Middle-Income Countries,OWID_UMC,2018,94.92602,98.38033,98.28093,Asia,2801804568.0,0.09940000000000282,98.33063
Upper-Middle-Income Countries,OWID_UMC,2019,95.21391,98.49624,98.39383,Asia,2818594893.0,0.10241000000000611,98.44503499999999
Upper-Middle-Income Countries,OWID_UMC,2020,95.32048,98.49807,98.40296,Asia,2832101028.0,0.09511000000000536,98.450515
Upper-Middle-Income Countries,OWID_UMC,2021,95.35308,98.46274,98.39409,Asia,2841892610.0,0.068649999999991,98.428415
Upper-Middle-Income Countries,OWID_UMC,2022,95.49537,98.46457,98.40409,Asia,2847730001.0,0.06047999999999831,98.43432999999999
Upper-Middle-Income Countries,OWID_UMC,2023,95.61952,98.43889,98.39037,Asia,2852870890.0,0.048519999999996344,98.41463
Uruguay,URY,1996,97.0,98.0,99.0,South America,3206329.0,-1.0,98.5
Uruguay,URY,2006,98.0,98.0,99.0,South America,3289508.0,-1.0,98.5
Uruguay,URY,2007,98.0,98.0,99.0,South America,3295155.0,-1.0,98.5
Uruguay,URY,2008,98.0,98.6,99.2,South America,3302184.0,-0.6000000000000085,98.9
Uruguay,URY,2009,98.0,98.6,99.3,South America,3310093.0,-0.7000000000000028,98.94999999999999
Uruguay,URY,2010,98.0,98.4,99.2,South America,3318581.0,-0.7999999999999972,98.80000000000001
Uruguay,URY,2011,98.0,98.6,99.1,South America,3326829.0,-0.5,98.85
Uruguay,URY,2012,98.0,98.6,99.3,South America,3335406.0,-0.7000000000000028,98.94999999999999
Uruguay,URY,2013,98.0,98.6,99.3,South America,3345335.0,-0.7000000000000028,98.94999999999999
Uruguay,URY,2014,98.0,98.3,99.4,South America,3356343.0,-1.1000000000000085,98.85
Uruguay,URY,2015,99.0,98.6,99.2,South America,3368022.0,-0.6000000000000085,98.9
Uruguay,URY,2016,99.0,98.9,99.4,South America,3379279.0,-0.5,99.15
Uruguay,URY,2017,99.0,98.6,99.3,South America,3388444.0,-0.7000000000000028,98.94999999999999
Uruguay,URY,2018,99.0,98.6,99.2,South America,3394538.0,-0.6000000000000085,98.9
Uruguay,URY,2019,99.0,98.7,99.3,South America,3397206.0,-0.5999999999999943,99.0
Uruguay,URY,2022,99.0,98.9,99.4,South America,3390913.0,-0.5,99.15
Uzbekistan,UZB,2000,99.0,100.0,100.0,Asia,24787052.0,0.0,100.0
Uzbekistan,UZB,2013,100.0,100.0,100.0,Asia,29724065.0,0.0,100.0
Uzbekistan,UZB,2014,100.0,100.0,100.0,Asia,30222994.0,0.0,100.0
Uzbekistan,UZB,2015,100.0,100.0,100.0,Asia,30749349.0,0.0,100.0
Uzbekistan,UZB,2016,100.0,100.0,100.0,Asia,31284565.0,0.0,100.0
Uzbekistan,UZB,2018,100.0,100.0,100.0,Asia,32373489.0,0.0,100.0
Uzbekistan,UZB,2019,100.0,100.0,100.0,Asia,32964700.0,0.0,100.0
Uzbekistan,UZB,2021,100.0,100.0,100.0,Asia,34243696.0,0.0,100.0
Uzbekistan,UZB,2022,100.0,100.0,100.0,Asia,34938953.0,0.0,100.0
Vanuatu,VUT,1999,74.0,94.0,92.0,Asia,182056.0,2.0,93.0
Vanuatu,VUT,2023,87.96032,93.36447,94.51224,Oceania,320422.0,-1.1477700000000084,93.938355
Venezuela,VEN,1990,90.0,95.0,96.0,South America,12687083.0,-1.0,95.5
Venezuela,VEN,2001,93.0,97.0,98.3,South America,12687083.0,-1.2999999999999972,97.65
Venezuela,VEN,2007,95.0,98.0,98.8,South America,12687083.0,-0.7999999999999972,98.4
Venezuela,VEN,2009,96.0,98.3,98.8,South America,12687083.0,-0.5,98.55
Venezuela,VEN,2011,95.0,98.3,99.0,South America,12687083.0,-0.7000000000000028,98.65
Venezuela,VEN,2015,97.0,99.0,99.0,South America,12687083.0,0.0,99.0
Venezuela,VEN,2016,97.0,98.0,99.0,South America,12687083.0,-1.0,98.5
Vietnam,VNM,1999,90.0,95.0,94.0,Asia,76287454.0,1.0,94.5
Vietnam,VNM,2000,90.0,96.0,94.0,Asia,77154016.0,2.0,95.0
Vietnam,VNM,2009,94.0,97.0,97.0,Asia,86460023.0,0.0,97.0
Vietnam,VNM,2019,96.0,99.0,99.0,Asia,97173778.0,0.0,99.0
Vietnam,VNM,2022,96.0,99.0,99.0,Asia,99680656.0,0.0,99.0
World,OWID_WRL,1990,74.90702,87.31748,78.86351,Asia,12687083.0,8.453969999999998,83.090495
World,OWID_WRL,1991,75.28651,87.43884,79.24219,Asia,12687083.0,8.196650000000005,83.340515
World,OWID_WRL,1992,75.69432,87.67215,79.55118,Asia,12687083.0,8.12097,83.611665
World,OWID_WRL,1993,76.10245,87.92209,79.79938,Asia,12687083.0,8.122709999999998,83.860735
World,OWID_WRL,1994,76.50147,88.03336,80.19295,Asia,12687083.0,7.840410000000006,84.113155
World,OWID_WRL,1995,76.91185,88.14821,80.59619,Asia,12687083.0,7.552019999999999,84.3722
World,OWID_WRL,1996,77.29632,88.23841,80.9904,Asia,12687083.0,7.248010000000008,84.614405
World,OWID_WRL,1997,79.28844,88.7176,82.21442,Asia,12687083.0,6.50318,85.46601000000001
World,OWID_WRL,1998,80.4687,89.70054,82.80887,Asia,12687083.0,6.891670000000005,86.254705
World,OWID_WRL,1999,80.806,89.85753,83.27845,Asia,12687083.0,6.5790799999999905,86.56799000000001
World,OWID_WRL,2000,80.97923,89.84021,83.30813,Asia,12687083.0,6.5320799999999934,86.57417000000001
World,OWID_WRL,2001,81.28601,89.94985,83.82793,Asia,12687083.0,6.121920000000003,86.88889
World,OWID_WRL,2002,81.64019,90.38558,84.33525,Asia,12687083.0,6.050330000000002,87.360415
World,OWID_WRL,2003,82.11429,90.82547,84.83368,Asia,12687083.0,5.991789999999995,87.829575
World,OWID_WRL,2004,82.44728,90.99728,85.37423,Asia,12687083.0,5.623050000000006,88.185755
World,OWID_WRL,2005,82.45476,91.38889,85.40587,Asia,12687083.0,5.98302000000001,88.39738
World,OWID_WRL,2006,82.42529,90.91807,85.46435,Asia,12687083.0,5.453720000000004,88.19121
World,OWID_WRL,2007,83.01185,91.08644,86.00191,Asia,12687083.0,5.084530000000001,88.544175
World,OWID_WRL,2008,83.38555,91.41756,86.55271,Asia,12687083.0,4.86484999999999,88.985135
World,OWID_WRL,2009,83.60871,91.40515,86.77014,Asia,12687083.0,4.635010000000008,89.08764500000001
World,OWID_WRL,2010,84.2272,91.80122,87.23128,Asia,12687083.0,4.5699400000000026,89.51625
World,OWID_WRL,2011,84.41082,91.86451,87.70053,Asia,12687083.0,4.163979999999995,89.78252
World,OWID_WRL,2012,84.60142,92.09037,88.10454,Asia,12687083.0,3.985829999999993,90.097455
World,OWID_WRL,2013,84.90313,92.42617,88.67801,Asia,12687083.0,3.7481599999999986,90.55208999999999
World,OWID_WRL,2014,85.28642,92.55024,89.10535,Asia,12687083.0,3.444890000000001,90.82779500000001
World,OWID_WRL,2015,85.67891,92.69437,89.52198,Asia,12687083.0,3.172390000000007,91.108175
World,OWID_WRL,2016,86.00014,92.76739,89.83617,Asia,12687083.0,2.9312200000000104,91.30178000000001
World,OWID_WRL,2017,86.17703,92.85626,90.04203,Asia,12687083.0,2.814230000000009,91.449145
World,OWID_WRL,2018,86.43751,92.88166,90.12206,Asia,12687083.0,2.759599999999992,91.50186
World,OWID_WRL,2019,86.54794,93.74094,90.9163,Asia,12687083.0,2.824639999999988,92.32862
World,OWID_WRL,2020,86.74748,93.77812,91.07546,Asia,12687083.0,2.7026599999999945,92.42679000000001
World,OWID_WRL,2021,86.92754,93.83333,91.26919,Asia,12687083.0,2.564140000000009,92.55126
World,OWID_WRL,2022,87.15536,93.8974,91.50098,Asia,12687083.0,2.396420000000006,92.69919
World,OWID_WRL,2023,87.35603,93.93184,91.67273,Asia,12687083.0,2.2591099999999926,92.802285
Yemen,YEM,1994,37.0,83.0,35.0,Asia,12687083.0,48.0,59.0
Zambia,ZMB,1990,65.0,67.0,66.0,Africa,7786163.0,1.0,66.5
Zambia,ZMB,1999,68.0,73.0,66.0,Africa,9740013.0,7.0,69.5
Zambia,ZMB,2002,69.0,78.0,66.0,Africa,10647955.0,12.0,72.0
Zambia,ZMB,2010,83.0,91.0,87.0,Africa,13965592.0,4.0,89.0
Zambia,ZMB,2018,71.1323,82.44786,72.90992,Africa,17973574.0,9.537940000000006,77.67889
Zimbabwe,ZWE,1992,84.0,97.0,94.0,Africa,10702697.0,3.0,95.5
Zimbabwe,ZWE,2019,93.22755,90.77383,94.2159,Africa,15271377.0,-3.442070000000001,92.494865
